year_month,pref_code,pref_name,in_migrants,out_migrants,net_migration,fetched_at
2013-07,01000,北海道,3697,3533,164,2026-07-04T15:37:29.282165+00:00
2013-07,02000,青森県,1555,1440,115,2026-07-04T15:37:29.282165+00:00
2013-07,03000,岩手県,1411,1416,-5,2026-07-04T15:37:29.282165+00:00
2013-07,04000,宮城県,3896,3525,371,2026-07-04T15:37:29.282165+00:00
2013-07,05000,秋田県,994,1022,-28,2026-07-04T15:37:29.282165+00:00
2013-07,06000,山形県,1137,1018,119,2026-07-04T15:37:29.282165+00:00
2013-07,07000,福島県,2120,2146,-26,2026-07-04T15:37:29.282165+00:00
2013-07,08000,茨城県,3462,3793,-331,2026-07-04T15:37:29.282165+00:00
2013-07,09000,栃木県,2465,2316,149,2026-07-04T15:37:29.282165+00:00
2013-07,10000,群馬県,2108,2068,40,2026-07-04T15:37:29.282165+00:00
2013-07,11000,埼玉県,13029,12541,488,2026-07-04T15:37:29.282165+00:00
2013-07,12000,千葉県,10858,10635,223,2026-07-04T15:37:29.282165+00:00
2013-07,13000,東京都,30166,28543,1623,2026-07-04T15:37:29.282165+00:00
2013-07,14000,神奈川県,15567,16495,-928,2026-07-04T15:37:29.282165+00:00
2013-07,15000,新潟県,1822,1767,55,2026-07-04T15:37:29.282165+00:00
2013-07,16000,富山県,925,1009,-84,2026-07-04T15:37:29.282165+00:00
2013-07,17000,石川県,1344,1303,41,2026-07-04T15:37:29.282165+00:00
2013-07,18000,福井県,690,808,-118,2026-07-04T15:37:29.282165+00:00
2013-07,19000,山梨県,1073,1096,-23,2026-07-04T15:37:29.282165+00:00
2013-07,20000,長野県,2100,1918,182,2026-07-04T15:37:29.282165+00:00
2013-07,21000,岐阜県,2103,2314,-211,2026-07-04T15:37:29.282165+00:00
2013-07,22000,静岡県,4387,4478,-91,2026-07-04T15:37:29.282165+00:00
2013-07,23000,愛知県,9008,8241,767,2026-07-04T15:37:29.282165+00:00
2013-07,24000,三重県,2234,2307,-73,2026-07-04T15:37:29.282165+00:00
2013-07,25000,滋賀県,1972,2170,-198,2026-07-04T15:37:29.282165+00:00
2013-07,26000,京都府,3769,4106,-337,2026-07-04T15:37:29.282165+00:00
2013-07,27000,大阪府,11622,12107,-485,2026-07-04T15:37:29.282165+00:00
2013-07,28000,兵庫県,6811,7016,-205,2026-07-04T15:37:29.282165+00:00
2013-07,29000,奈良県,1732,2002,-270,2026-07-04T15:37:29.282165+00:00
2013-07,30000,和歌山県,841,975,-134,2026-07-04T15:37:29.282165+00:00
2013-07,31000,鳥取県,685,700,-15,2026-07-04T15:37:29.282165+00:00
2013-07,32000,島根県,709,733,-24,2026-07-04T15:37:29.282165+00:00
2013-07,33000,岡山県,2095,2140,-45,2026-07-04T15:37:29.282165+00:00
2013-07,34000,広島県,3277,3402,-125,2026-07-04T15:37:29.282165+00:00
2013-07,35000,山口県,1627,2845,-1218,2026-07-04T15:37:29.282165+00:00
2013-07,36000,徳島県,660,726,-66,2026-07-04T15:37:29.282165+00:00
2013-07,37000,香川県,1417,1599,-182,2026-07-04T15:37:29.282165+00:00
2013-07,38000,愛媛県,1263,1427,-164,2026-07-04T15:37:29.282165+00:00
2013-07,39000,高知県,727,701,26,2026-07-04T15:37:29.282165+00:00
2013-07,40000,福岡県,7598,6717,881,2026-07-04T15:37:29.282165+00:00
2013-07,41000,佐賀県,1216,1126,90,2026-07-04T15:37:29.282165+00:00
2013-07,42000,長崎県,1741,2047,-306,2026-07-04T15:37:29.282165+00:00
2013-07,43000,熊本県,2638,2218,420,2026-07-04T15:37:29.282165+00:00
2013-07,44000,大分県,1517,1627,-110,2026-07-04T15:37:29.282165+00:00
2013-07,45000,宮崎県,1536,1685,-149,2026-07-04T15:37:29.282165+00:00
2013-07,46000,鹿児島県,2095,2208,-113,2026-07-04T15:37:29.282165+00:00
2013-07,47000,沖縄県,1912,1602,310,2026-07-04T15:37:29.282165+00:00
2013-08,01000,北海道,3440,3774,-334,2026-07-04T15:37:29.282165+00:00
2013-08,02000,青森県,1637,1805,-168,2026-07-04T15:37:29.282165+00:00
2013-08,03000,岩手県,1156,1061,95,2026-07-04T15:37:29.282165+00:00
2013-08,04000,宮城県,3521,2839,682,2026-07-04T15:37:29.282165+00:00
2013-08,05000,秋田県,925,1006,-81,2026-07-04T15:37:29.282165+00:00
2013-08,06000,山形県,851,1050,-199,2026-07-04T15:37:29.282165+00:00
2013-08,07000,福島県,1846,1875,-29,2026-07-04T15:37:29.282165+00:00
2013-08,08000,茨城県,3430,3574,-144,2026-07-04T15:37:29.282165+00:00
2013-08,09000,栃木県,2298,2320,-22,2026-07-04T15:37:29.282165+00:00
2013-08,10000,群馬県,2041,2083,-42,2026-07-04T15:37:29.282165+00:00
2013-08,11000,埼玉県,12235,11676,559,2026-07-04T15:37:29.282165+00:00
2013-08,12000,千葉県,10091,10730,-639,2026-07-04T15:37:29.282165+00:00
2013-08,13000,東京都,29347,26478,2869,2026-07-04T15:37:29.282165+00:00
2013-08,14000,神奈川県,15065,14509,556,2026-07-04T15:37:29.282165+00:00
2013-08,15000,新潟県,1536,1915,-379,2026-07-04T15:37:29.282165+00:00
2013-08,16000,富山県,873,863,10,2026-07-04T15:37:29.282165+00:00
2013-08,17000,石川県,1288,1319,-31,2026-07-04T15:37:29.282165+00:00
2013-08,18000,福井県,642,788,-146,2026-07-04T15:37:29.282165+00:00
2013-08,19000,山梨県,878,951,-73,2026-07-04T15:37:29.282165+00:00
2013-08,20000,長野県,1906,1898,8,2026-07-04T15:37:29.282165+00:00
2013-08,21000,岐阜県,2059,2387,-328,2026-07-04T15:37:29.282165+00:00
2013-08,22000,静岡県,3833,4272,-439,2026-07-04T15:37:29.282165+00:00
2013-08,23000,愛知県,8237,7888,349,2026-07-04T15:37:29.282165+00:00
2013-08,24000,三重県,2293,2306,-13,2026-07-04T15:37:29.282165+00:00
2013-08,25000,滋賀県,1953,1897,56,2026-07-04T15:37:29.282165+00:00
2013-08,26000,京都府,3646,4158,-512,2026-07-04T15:37:29.282165+00:00
2013-08,27000,大阪府,11375,10923,452,2026-07-04T15:37:29.282165+00:00
2013-08,28000,兵庫県,6167,6991,-824,2026-07-04T15:37:29.282165+00:00
2013-08,29000,奈良県,1629,1883,-254,2026-07-04T15:37:29.282165+00:00
2013-08,30000,和歌山県,848,1009,-161,2026-07-04T15:37:29.282165+00:00
2013-08,31000,鳥取県,625,708,-83,2026-07-04T15:37:29.282165+00:00
2013-08,32000,島根県,766,791,-25,2026-07-04T15:37:29.282165+00:00
2013-08,33000,岡山県,1929,1968,-39,2026-07-04T15:37:29.282165+00:00
2013-08,34000,広島県,3147,3526,-379,2026-07-04T15:37:29.282165+00:00
2013-08,35000,山口県,1585,1751,-166,2026-07-04T15:37:29.282165+00:00
2013-08,36000,徳島県,733,806,-73,2026-07-04T15:37:29.282165+00:00
2013-08,37000,香川県,1166,1256,-90,2026-07-04T15:37:29.282165+00:00
2013-08,38000,愛媛県,1334,1351,-17,2026-07-04T15:37:29.282165+00:00
2013-08,39000,高知県,631,783,-152,2026-07-04T15:37:29.282165+00:00
2013-08,40000,福岡県,6987,6680,307,2026-07-04T15:37:29.282165+00:00
2013-08,41000,佐賀県,1180,1153,27,2026-07-04T15:37:29.282165+00:00
2013-08,42000,長崎県,1698,1896,-198,2026-07-04T15:37:29.282165+00:00
2013-08,43000,熊本県,2257,2390,-133,2026-07-04T15:37:29.282165+00:00
2013-08,44000,大分県,1395,1524,-129,2026-07-04T15:37:29.282165+00:00
2013-08,45000,宮崎県,1549,1367,182,2026-07-04T15:37:29.282165+00:00
2013-08,46000,鹿児島県,2183,2078,105,2026-07-04T15:37:29.282165+00:00
2013-08,47000,沖縄県,1955,1910,45,2026-07-04T15:37:29.282165+00:00
2013-09,01000,北海道,3150,3412,-262,2026-07-04T15:37:29.282165+00:00
2013-09,02000,青森県,1367,1305,62,2026-07-04T15:37:29.282165+00:00
2013-09,03000,岩手県,1213,1143,70,2026-07-04T15:37:29.282165+00:00
2013-09,04000,宮城県,3085,2897,188,2026-07-04T15:37:29.282165+00:00
2013-09,05000,秋田県,861,911,-50,2026-07-04T15:37:29.282165+00:00
2013-09,06000,山形県,871,991,-120,2026-07-04T15:37:29.282165+00:00
2013-09,07000,福島県,1860,1885,-25,2026-07-04T15:37:29.282165+00:00
2013-09,08000,茨城県,3286,3408,-122,2026-07-04T15:37:29.282165+00:00
2013-09,09000,栃木県,2387,2055,332,2026-07-04T15:37:29.282165+00:00
2013-09,10000,群馬県,1988,2037,-49,2026-07-04T15:37:29.282165+00:00
2013-09,11000,埼玉県,11252,11083,169,2026-07-04T15:37:29.282165+00:00
2013-09,12000,千葉県,9833,9595,238,2026-07-04T15:37:29.282165+00:00
2013-09,13000,東京都,27047,24768,2279,2026-07-04T15:37:29.282165+00:00
2013-09,14000,神奈川県,14030,13466,564,2026-07-04T15:37:29.282165+00:00
2013-09,15000,新潟県,1495,1684,-189,2026-07-04T15:37:29.282165+00:00
2013-09,16000,富山県,864,872,-8,2026-07-04T15:37:29.282165+00:00
2013-09,17000,石川県,1256,1208,48,2026-07-04T15:37:29.282165+00:00
2013-09,18000,福井県,573,632,-59,2026-07-04T15:37:29.282165+00:00
2013-09,19000,山梨県,906,887,19,2026-07-04T15:37:29.282165+00:00
2013-09,20000,長野県,1804,1798,6,2026-07-04T15:37:29.282165+00:00
2013-09,21000,岐阜県,1988,2131,-143,2026-07-04T15:37:29.282165+00:00
2013-09,22000,静岡県,3550,3687,-137,2026-07-04T15:37:29.282165+00:00
2013-09,23000,愛知県,7507,7419,88,2026-07-04T15:37:29.282165+00:00
2013-09,24000,三重県,2244,2311,-67,2026-07-04T15:37:29.282165+00:00
2013-09,25000,滋賀県,1855,1722,133,2026-07-04T15:37:29.282165+00:00
2013-09,26000,京都府,3293,3887,-594,2026-07-04T15:37:29.282165+00:00
2013-09,27000,大阪府,9898,10263,-365,2026-07-04T15:37:29.282165+00:00
2013-09,28000,兵庫県,5715,6326,-611,2026-07-04T15:37:29.282165+00:00
2013-09,29000,奈良県,1597,1835,-238,2026-07-04T15:37:29.282165+00:00
2013-09,30000,和歌山県,859,929,-70,2026-07-04T15:37:29.282165+00:00
2013-09,31000,鳥取県,549,561,-12,2026-07-04T15:37:29.282165+00:00
2013-09,32000,島根県,713,683,30,2026-07-04T15:37:29.282165+00:00
2013-09,33000,岡山県,1815,1962,-147,2026-07-04T15:37:29.282165+00:00
2013-09,34000,広島県,2920,3112,-192,2026-07-04T15:37:29.282165+00:00
2013-09,35000,山口県,1461,1412,49,2026-07-04T15:37:29.282165+00:00
2013-09,36000,徳島県,699,758,-59,2026-07-04T15:37:29.282165+00:00
2013-09,37000,香川県,1089,1275,-186,2026-07-04T15:37:29.282165+00:00
2013-09,38000,愛媛県,1124,1272,-148,2026-07-04T15:37:29.282165+00:00
2013-09,39000,高知県,647,622,25,2026-07-04T15:37:29.282165+00:00
2013-09,40000,福岡県,5946,6177,-231,2026-07-04T15:37:29.282165+00:00
2013-09,41000,佐賀県,993,1049,-56,2026-07-04T15:37:29.282165+00:00
2013-09,42000,長崎県,1387,1654,-267,2026-07-04T15:37:29.282165+00:00
2013-09,43000,熊本県,1734,1881,-147,2026-07-04T15:37:29.282165+00:00
2013-09,44000,大分県,1199,1317,-118,2026-07-04T15:37:29.282165+00:00
2013-09,45000,宮崎県,1161,1127,34,2026-07-04T15:37:29.282165+00:00
2013-09,46000,鹿児島県,1739,1674,65,2026-07-04T15:37:29.282165+00:00
2013-09,47000,沖縄県,1646,1373,273,2026-07-04T15:37:29.282165+00:00
2013-10,01000,北海道,3465,3598,-133,2026-07-04T15:37:29.282165+00:00
2013-10,02000,青森県,1368,1482,-114,2026-07-04T15:37:29.282165+00:00
2013-10,03000,岩手県,1461,1306,155,2026-07-04T15:37:29.282165+00:00
2013-10,04000,宮城県,3623,3244,379,2026-07-04T15:37:29.282165+00:00
2013-10,05000,秋田県,928,986,-58,2026-07-04T15:37:29.282165+00:00
2013-10,06000,山形県,1012,1050,-38,2026-07-04T15:37:29.282165+00:00
2013-10,07000,福島県,2072,1961,111,2026-07-04T15:37:29.282165+00:00
2013-10,08000,茨城県,3587,3885,-298,2026-07-04T15:37:29.282165+00:00
2013-10,09000,栃木県,2474,2573,-99,2026-07-04T15:37:29.282165+00:00
2013-10,10000,群馬県,2200,2246,-46,2026-07-04T15:37:29.282165+00:00
2013-10,11000,埼玉県,12344,11908,436,2026-07-04T15:37:29.282165+00:00
2013-10,12000,千葉県,10499,10287,212,2026-07-04T15:37:29.282165+00:00
2013-10,13000,東京都,29532,28006,1526,2026-07-04T15:37:29.282165+00:00
2013-10,14000,神奈川県,15704,15089,615,2026-07-04T15:37:29.282165+00:00
2013-10,15000,新潟県,1638,1740,-102,2026-07-04T15:37:29.282165+00:00
2013-10,16000,富山県,918,902,16,2026-07-04T15:37:29.282165+00:00
2013-10,17000,石川県,1211,1264,-53,2026-07-04T15:37:29.282165+00:00
2013-10,18000,福井県,639,777,-138,2026-07-04T15:37:29.282165+00:00
2013-10,19000,山梨県,922,983,-61,2026-07-04T15:37:29.282165+00:00
2013-10,20000,長野県,2056,2051,5,2026-07-04T15:37:29.282165+00:00
2013-10,21000,岐阜県,2062,2278,-216,2026-07-04T15:37:29.282165+00:00
2013-10,22000,静岡県,3664,4284,-620,2026-07-04T15:37:29.282165+00:00
2013-10,23000,愛知県,8259,7997,262,2026-07-04T15:37:29.282165+00:00
2013-10,24000,三重県,2237,2239,-2,2026-07-04T15:37:29.282165+00:00
2013-10,25000,滋賀県,2041,1822,219,2026-07-04T15:37:29.282165+00:00
2013-10,26000,京都府,3825,4090,-265,2026-07-04T15:37:29.282165+00:00
2013-10,27000,大阪府,11305,11887,-582,2026-07-04T15:37:29.282165+00:00
2013-10,28000,兵庫県,6685,6883,-198,2026-07-04T15:37:29.282165+00:00
2013-10,29000,奈良県,1726,1941,-215,2026-07-04T15:37:29.282165+00:00
2013-10,30000,和歌山県,930,967,-37,2026-07-04T15:37:29.282165+00:00
2013-10,31000,鳥取県,608,640,-32,2026-07-04T15:37:29.282165+00:00
2013-10,32000,島根県,787,741,46,2026-07-04T15:37:29.282165+00:00
2013-10,33000,岡山県,1999,2283,-284,2026-07-04T15:37:29.282165+00:00
2013-10,34000,広島県,3267,3392,-125,2026-07-04T15:37:29.282165+00:00
2013-10,35000,山口県,1521,1665,-144,2026-07-04T15:37:29.282165+00:00
2013-10,36000,徳島県,629,711,-82,2026-07-04T15:37:29.282165+00:00
2013-10,37000,香川県,1268,1257,11,2026-07-04T15:37:29.282165+00:00
2013-10,38000,愛媛県,1365,1376,-11,2026-07-04T15:37:29.282165+00:00
2013-10,39000,高知県,641,654,-13,2026-07-04T15:37:29.282165+00:00
2013-10,40000,福岡県,6820,6651,169,2026-07-04T15:37:29.282165+00:00
2013-10,41000,佐賀県,1042,1104,-62,2026-07-04T15:37:29.282165+00:00
2013-10,42000,長崎県,1574,1660,-86,2026-07-04T15:37:29.282165+00:00
2013-10,43000,熊本県,2001,2046,-45,2026-07-04T15:37:29.282165+00:00
2013-10,44000,大分県,1216,1422,-206,2026-07-04T15:37:29.282165+00:00
2013-10,45000,宮崎県,1238,1170,68,2026-07-04T15:37:29.282165+00:00
2013-10,46000,鹿児島県,1887,1800,87,2026-07-04T15:37:29.282165+00:00
2013-10,47000,沖縄県,1692,1644,48,2026-07-04T15:37:29.282165+00:00
2013-11,01000,北海道,2361,2665,-304,2026-07-04T15:37:29.282165+00:00
2013-11,02000,青森県,961,1138,-177,2026-07-04T15:37:29.282165+00:00
2013-11,03000,岩手県,962,989,-27,2026-07-04T15:37:29.282165+00:00
2013-11,04000,宮城県,2705,2109,596,2026-07-04T15:37:29.282165+00:00
2013-11,05000,秋田県,552,751,-199,2026-07-04T15:37:29.282165+00:00
2013-11,06000,山形県,681,836,-155,2026-07-04T15:37:29.282165+00:00
2013-11,07000,福島県,1471,1471,0,2026-07-04T15:37:29.282165+00:00
2013-11,08000,茨城県,2894,2965,-71,2026-07-04T15:37:29.282165+00:00
2013-11,09000,栃木県,1835,1958,-123,2026-07-04T15:37:29.282165+00:00
2013-11,10000,群馬県,1787,1664,123,2026-07-04T15:37:29.282165+00:00
2013-11,11000,埼玉県,10593,10213,380,2026-07-04T15:37:29.282165+00:00
2013-11,12000,千葉県,8517,8822,-305,2026-07-04T15:37:29.282165+00:00
2013-11,13000,東京都,24868,22890,1978,2026-07-04T15:37:29.282165+00:00
2013-11,14000,神奈川県,12701,12464,237,2026-07-04T15:37:29.282165+00:00
2013-11,15000,新潟県,1197,1339,-142,2026-07-04T15:37:29.282165+00:00
2013-11,16000,富山県,682,734,-52,2026-07-04T15:37:29.282165+00:00
2013-11,17000,石川県,904,921,-17,2026-07-04T15:37:29.282165+00:00
2013-11,18000,福井県,513,574,-61,2026-07-04T15:37:29.282165+00:00
2013-11,19000,山梨県,705,847,-142,2026-07-04T15:37:29.282165+00:00
2013-11,20000,長野県,1594,1547,47,2026-07-04T15:37:29.282165+00:00
2013-11,21000,岐阜県,1806,1985,-179,2026-07-04T15:37:29.282165+00:00
2013-11,22000,静岡県,2844,3160,-316,2026-07-04T15:37:29.282165+00:00
2013-11,23000,愛知県,6363,5938,425,2026-07-04T15:37:29.282165+00:00
2013-11,24000,三重県,1737,1826,-89,2026-07-04T15:37:29.282165+00:00
2013-11,25000,滋賀県,1589,1508,81,2026-07-04T15:37:29.282165+00:00
2013-11,26000,京都府,3008,3151,-143,2026-07-04T15:37:29.282165+00:00
2013-11,27000,大阪府,8807,9462,-655,2026-07-04T15:37:29.282165+00:00
2013-11,28000,兵庫県,5142,5367,-225,2026-07-04T15:37:29.282165+00:00
2013-11,29000,奈良県,1540,1641,-101,2026-07-04T15:37:29.282165+00:00
2013-11,30000,和歌山県,732,797,-65,2026-07-04T15:37:29.282165+00:00
2013-11,31000,鳥取県,502,481,21,2026-07-04T15:37:29.282165+00:00
2013-11,32000,島根県,558,624,-66,2026-07-04T15:37:29.282165+00:00
2013-11,33000,岡山県,1538,1548,-10,2026-07-04T15:37:29.282165+00:00
2013-11,34000,広島県,2271,2511,-240,2026-07-04T15:37:29.282165+00:00
2013-11,35000,山口県,1297,1178,119,2026-07-04T15:37:29.282165+00:00
2013-11,36000,徳島県,485,590,-105,2026-07-04T15:37:29.282165+00:00
2013-11,37000,香川県,892,951,-59,2026-07-04T15:37:29.282165+00:00
2013-11,38000,愛媛県,971,887,84,2026-07-04T15:37:29.282165+00:00
2013-11,39000,高知県,452,467,-15,2026-07-04T15:37:29.282165+00:00
2013-11,40000,福岡県,4782,4975,-193,2026-07-04T15:37:29.282165+00:00
2013-11,41000,佐賀県,946,865,81,2026-07-04T15:37:29.282165+00:00
2013-11,42000,長崎県,1161,1310,-149,2026-07-04T15:37:29.282165+00:00
2013-11,43000,熊本県,1454,1465,-11,2026-07-04T15:37:29.282165+00:00
2013-11,44000,大分県,1005,1032,-27,2026-07-04T15:37:29.282165+00:00
2013-11,45000,宮崎県,918,898,20,2026-07-04T15:37:29.282165+00:00
2013-11,46000,鹿児島県,1404,1317,87,2026-07-04T15:37:29.282165+00:00
2013-11,47000,沖縄県,1295,1151,144,2026-07-04T15:37:29.282165+00:00
2013-12,01000,北海道,2428,2433,-5,2026-07-04T15:37:29.282165+00:00
2013-12,02000,青森県,833,1071,-238,2026-07-04T15:37:29.282165+00:00
2013-12,03000,岩手県,955,905,50,2026-07-04T15:37:29.282165+00:00
2013-12,04000,宮城県,2287,2143,144,2026-07-04T15:37:29.282165+00:00
2013-12,05000,秋田県,625,694,-69,2026-07-04T15:37:29.282165+00:00
2013-12,06000,山形県,674,724,-50,2026-07-04T15:37:29.282165+00:00
2013-12,07000,福島県,1555,1439,116,2026-07-04T15:37:29.282165+00:00
2013-12,08000,茨城県,2701,2985,-284,2026-07-04T15:37:29.282165+00:00
2013-12,09000,栃木県,1955,1878,77,2026-07-04T15:37:29.282165+00:00
2013-12,10000,群馬県,1783,1680,103,2026-07-04T15:37:29.282165+00:00
2013-12,11000,埼玉県,10675,10033,642,2026-07-04T15:37:29.282165+00:00
2013-12,12000,千葉県,8672,9067,-395,2026-07-04T15:37:29.282165+00:00
2013-12,13000,東京都,25482,23922,1560,2026-07-04T15:37:29.282165+00:00
2013-12,14000,神奈川県,13133,13482,-349,2026-07-04T15:37:29.282165+00:00
2013-12,15000,新潟県,1085,1246,-161,2026-07-04T15:37:29.282165+00:00
2013-12,16000,富山県,666,656,10,2026-07-04T15:37:29.282165+00:00
2013-12,17000,石川県,819,812,7,2026-07-04T15:37:29.282165+00:00
2013-12,18000,福井県,479,535,-56,2026-07-04T15:37:29.282165+00:00
2013-12,19000,山梨県,730,832,-102,2026-07-04T15:37:29.282165+00:00
2013-12,20000,長野県,1654,1567,87,2026-07-04T15:37:29.282165+00:00
2013-12,21000,岐阜県,1723,1963,-240,2026-07-04T15:37:29.282165+00:00
2013-12,22000,静岡県,2934,3238,-304,2026-07-04T15:37:29.282165+00:00
2013-12,23000,愛知県,6328,6169,159,2026-07-04T15:37:29.282165+00:00
2013-12,24000,三重県,1769,1867,-98,2026-07-04T15:37:29.282165+00:00
2013-12,25000,滋賀県,1713,1761,-48,2026-07-04T15:37:29.282165+00:00
2013-12,26000,京都府,3061,3452,-391,2026-07-04T15:37:29.282165+00:00
2013-12,27000,大阪府,9077,9475,-398,2026-07-04T15:37:29.282165+00:00
2013-12,28000,兵庫県,5419,5523,-104,2026-07-04T15:37:29.282165+00:00
2013-12,29000,奈良県,1503,1694,-191,2026-07-04T15:37:29.282165+00:00
2013-12,30000,和歌山県,748,767,-19,2026-07-04T15:37:29.282165+00:00
2013-12,31000,鳥取県,511,459,52,2026-07-04T15:37:29.282165+00:00
2013-12,32000,島根県,534,524,10,2026-07-04T15:37:29.282165+00:00
2013-12,33000,岡山県,1533,1608,-75,2026-07-04T15:37:29.282165+00:00
2013-12,34000,広島県,2327,2466,-139,2026-07-04T15:37:29.282165+00:00
2013-12,35000,山口県,1120,1214,-94,2026-07-04T15:37:29.282165+00:00
2013-12,36000,徳島県,540,523,17,2026-07-04T15:37:29.282165+00:00
2013-12,37000,香川県,858,924,-66,2026-07-04T15:37:29.282165+00:00
2013-12,38000,愛媛県,985,902,83,2026-07-04T15:37:29.282165+00:00
2013-12,39000,高知県,487,441,46,2026-07-04T15:37:29.282165+00:00
2013-12,40000,福岡県,4866,4763,103,2026-07-04T15:37:29.282165+00:00
2013-12,41000,佐賀県,933,920,13,2026-07-04T15:37:29.282165+00:00
2013-12,42000,長崎県,1195,1277,-82,2026-07-04T15:37:29.282165+00:00
2013-12,43000,熊本県,1595,1398,197,2026-07-04T15:37:29.282165+00:00
2013-12,44000,大分県,995,954,41,2026-07-04T15:37:29.282165+00:00
2013-12,45000,宮崎県,1013,959,54,2026-07-04T15:37:29.282165+00:00
2013-12,46000,鹿児島県,1475,1286,189,2026-07-04T15:37:29.282165+00:00
2013-12,47000,沖縄県,1357,1159,198,2026-07-04T15:37:29.282165+00:00
2014-01,01000,北海道,2267,2715,-448,2026-07-04T15:37:29.282165+00:00
2014-01,02000,青森県,916,1076,-160,2026-07-04T15:37:29.282165+00:00
2014-01,03000,岩手県,949,948,1,2026-07-04T15:37:29.282165+00:00
2014-01,04000,宮城県,2613,2161,452,2026-07-04T15:37:29.282165+00:00
2014-01,05000,秋田県,558,742,-184,2026-07-04T15:37:29.282165+00:00
2014-01,06000,山形県,722,765,-43,2026-07-04T15:37:29.282165+00:00
2014-01,07000,福島県,1666,1470,196,2026-07-04T15:37:29.282165+00:00
2014-01,08000,茨城県,2831,3136,-305,2026-07-04T15:37:29.282165+00:00
2014-01,09000,栃木県,2335,2068,267,2026-07-04T15:37:29.282165+00:00
2014-01,10000,群馬県,1847,1814,33,2026-07-04T15:37:29.282165+00:00
2014-01,11000,埼玉県,10509,9543,966,2026-07-04T15:37:29.282165+00:00
2014-01,12000,千葉県,8506,8467,39,2026-07-04T15:37:29.282165+00:00
2014-01,13000,東京都,25497,22627,2870,2026-07-04T15:37:29.282165+00:00
2014-01,14000,神奈川県,12290,12407,-117,2026-07-04T15:37:29.282165+00:00
2014-01,15000,新潟県,1038,1266,-228,2026-07-04T15:37:29.282165+00:00
2014-01,16000,富山県,653,701,-48,2026-07-04T15:37:29.282165+00:00
2014-01,17000,石川県,883,890,-7,2026-07-04T15:37:29.282165+00:00
2014-01,18000,福井県,464,589,-125,2026-07-04T15:37:29.282165+00:00
2014-01,19000,山梨県,763,826,-63,2026-07-04T15:37:29.282165+00:00
2014-01,20000,長野県,1574,1564,10,2026-07-04T15:37:29.282165+00:00
2014-01,21000,岐阜県,1853,2105,-252,2026-07-04T15:37:29.282165+00:00
2014-01,22000,静岡県,3109,3335,-226,2026-07-04T15:37:29.282165+00:00
2014-01,23000,愛知県,6962,6937,25,2026-07-04T15:37:29.282165+00:00
2014-01,24000,三重県,1830,1967,-137,2026-07-04T15:37:29.282165+00:00
2014-01,25000,滋賀県,1524,1663,-139,2026-07-04T15:37:29.282165+00:00
2014-01,26000,京都府,3007,3250,-243,2026-07-04T15:37:29.282165+00:00
2014-01,27000,大阪府,8851,9549,-698,2026-07-04T15:37:29.282165+00:00
2014-01,28000,兵庫県,4975,5569,-594,2026-07-04T15:37:29.282165+00:00
2014-01,29000,奈良県,1498,1621,-123,2026-07-04T15:37:29.282165+00:00
2014-01,30000,和歌山県,748,825,-77,2026-07-04T15:37:29.282165+00:00
2014-01,31000,鳥取県,452,479,-27,2026-07-04T15:37:29.282165+00:00
2014-01,32000,島根県,597,655,-58,2026-07-04T15:37:29.282165+00:00
2014-01,33000,岡山県,1621,1670,-49,2026-07-04T15:37:29.282165+00:00
2014-01,34000,広島県,2518,2610,-92,2026-07-04T15:37:29.282165+00:00
2014-01,35000,山口県,1186,1399,-213,2026-07-04T15:37:29.282165+00:00
2014-01,36000,徳島県,616,648,-32,2026-07-04T15:37:29.282165+00:00
2014-01,37000,香川県,923,981,-58,2026-07-04T15:37:29.282165+00:00
2014-01,38000,愛媛県,1105,1134,-29,2026-07-04T15:37:29.282165+00:00
2014-01,39000,高知県,457,609,-152,2026-07-04T15:37:29.282165+00:00
2014-01,40000,福岡県,5293,5063,230,2026-07-04T15:37:29.282165+00:00
2014-01,41000,佐賀県,940,998,-58,2026-07-04T15:37:29.282165+00:00
2014-01,42000,長崎県,1336,1408,-72,2026-07-04T15:37:29.282165+00:00
2014-01,43000,熊本県,1546,1662,-116,2026-07-04T15:37:29.282165+00:00
2014-01,44000,大分県,1057,1163,-106,2026-07-04T15:37:29.282165+00:00
2014-01,45000,宮崎県,1123,1053,70,2026-07-04T15:37:29.282165+00:00
2014-01,46000,鹿児島県,1399,1485,-86,2026-07-04T15:37:29.282165+00:00
2014-01,47000,沖縄県,1501,1295,206,2026-07-04T15:37:29.282165+00:00
2014-02,01000,北海道,2246,2931,-685,2026-07-04T15:37:29.282165+00:00
2014-02,02000,青森県,901,1093,-192,2026-07-04T15:37:29.282165+00:00
2014-02,03000,岩手県,938,980,-42,2026-07-04T15:37:29.282165+00:00
2014-02,04000,宮城県,2407,2232,175,2026-07-04T15:37:29.282165+00:00
2014-02,05000,秋田県,581,731,-150,2026-07-04T15:37:29.282165+00:00
2014-02,06000,山形県,758,771,-13,2026-07-04T15:37:29.282165+00:00
2014-02,07000,福島県,1534,1624,-90,2026-07-04T15:37:29.282165+00:00
2014-02,08000,茨城県,2947,3386,-439,2026-07-04T15:37:29.282165+00:00
2014-02,09000,栃木県,2124,2038,86,2026-07-04T15:37:29.282165+00:00
2014-02,10000,群馬県,1939,1806,133,2026-07-04T15:37:29.282165+00:00
2014-02,11000,埼玉県,11498,10360,1138,2026-07-04T15:37:29.282165+00:00
2014-02,12000,千葉県,9067,9449,-382,2026-07-04T15:37:29.282165+00:00
2014-02,13000,東京都,27856,24341,3515,2026-07-04T15:37:29.282165+00:00
2014-02,14000,神奈川県,13187,13496,-309,2026-07-04T15:37:29.282165+00:00
2014-02,15000,新潟県,1197,1340,-143,2026-07-04T15:37:29.282165+00:00
2014-02,16000,富山県,692,687,5,2026-07-04T15:37:29.282165+00:00
2014-02,17000,石川県,854,1051,-197,2026-07-04T15:37:29.282165+00:00
2014-02,18000,福井県,481,615,-134,2026-07-04T15:37:29.282165+00:00
2014-02,19000,山梨県,676,915,-239,2026-07-04T15:37:29.282165+00:00
2014-02,20000,長野県,1571,1599,-28,2026-07-04T15:37:29.282165+00:00
2014-02,21000,岐阜県,1882,2069,-187,2026-07-04T15:37:29.282165+00:00
2014-02,22000,静岡県,3243,3452,-209,2026-07-04T15:37:29.282165+00:00
2014-02,23000,愛知県,6898,6633,265,2026-07-04T15:37:29.282165+00:00
2014-02,24000,三重県,1815,2050,-235,2026-07-04T15:37:29.282165+00:00
2014-02,25000,滋賀県,1702,1597,105,2026-07-04T15:37:29.282165+00:00
2014-02,26000,京都府,3402,3720,-318,2026-07-04T15:37:29.282165+00:00
2014-02,27000,大阪府,9645,9877,-232,2026-07-04T15:37:29.282165+00:00
2014-02,28000,兵庫県,5579,5994,-415,2026-07-04T15:37:29.282165+00:00
2014-02,29000,奈良県,1633,2157,-524,2026-07-04T15:37:29.282165+00:00
2014-02,30000,和歌山県,887,844,43,2026-07-04T15:37:29.282165+00:00
2014-02,31000,鳥取県,537,477,60,2026-07-04T15:37:29.282165+00:00
2014-02,32000,島根県,643,717,-74,2026-07-04T15:37:29.282165+00:00
2014-02,33000,岡山県,1830,1917,-87,2026-07-04T15:37:29.282165+00:00
2014-02,34000,広島県,2784,2960,-176,2026-07-04T15:37:29.282165+00:00
2014-02,35000,山口県,1357,1505,-148,2026-07-04T15:37:29.282165+00:00
2014-02,36000,徳島県,583,712,-129,2026-07-04T15:37:29.282165+00:00
2014-02,37000,香川県,1022,1034,-12,2026-07-04T15:37:29.282165+00:00
2014-02,38000,愛媛県,1199,1162,37,2026-07-04T15:37:29.282165+00:00
2014-02,39000,高知県,573,655,-82,2026-07-04T15:37:29.282165+00:00
2014-02,40000,福岡県,5529,5251,278,2026-07-04T15:37:29.282165+00:00
2014-02,41000,佐賀県,946,954,-8,2026-07-04T15:37:29.282165+00:00
2014-02,42000,長崎県,1342,1478,-136,2026-07-04T15:37:29.282165+00:00
2014-02,43000,熊本県,1647,1550,97,2026-07-04T15:37:29.282165+00:00
2014-02,44000,大分県,1115,1184,-69,2026-07-04T15:37:29.282165+00:00
2014-02,45000,宮崎県,1108,1065,43,2026-07-04T15:37:29.282165+00:00
2014-02,46000,鹿児島県,1521,1560,-39,2026-07-04T15:37:29.282165+00:00
2014-02,47000,沖縄県,1387,1244,143,2026-07-04T15:37:29.282165+00:00
2014-03,01000,北海道,9007,14121,-5114,2026-07-04T15:37:29.282165+00:00
2014-03,02000,青森県,3562,6755,-3193,2026-07-04T15:37:29.282165+00:00
2014-03,03000,岩手県,3552,5725,-2173,2026-07-04T15:37:29.282165+00:00
2014-03,04000,宮城県,10175,11635,-1460,2026-07-04T15:37:29.282165+00:00
2014-03,05000,秋田県,2347,4417,-2070,2026-07-04T15:37:29.282165+00:00
2014-03,06000,山形県,2793,4990,-2197,2026-07-04T15:37:29.282165+00:00
2014-03,07000,福島県,5060,7350,-2290,2026-07-04T15:37:29.282165+00:00
2014-03,08000,茨城県,8768,11515,-2747,2026-07-04T15:37:29.282165+00:00
2014-03,09000,栃木県,6469,7943,-1474,2026-07-04T15:37:29.282165+00:00
2014-03,10000,群馬県,5677,6985,-1308,2026-07-04T15:37:29.282165+00:00
2014-03,11000,埼玉県,33271,26313,6958,2026-07-04T15:37:29.282165+00:00
2014-03,12000,千葉県,29562,25072,4490,2026-07-04T15:37:29.282165+00:00
2014-03,13000,東京都,91963,57235,34728,2026-07-04T15:37:29.282165+00:00
2014-03,14000,神奈川県,45929,34437,11492,2026-07-04T15:37:29.282165+00:00
2014-03,15000,新潟県,4671,7645,-2974,2026-07-04T15:37:29.282165+00:00
2014-03,16000,富山県,2651,3193,-542,2026-07-04T15:37:29.282165+00:00
2014-03,17000,石川県,3944,4752,-808,2026-07-04T15:37:29.282165+00:00
2014-03,18000,福井県,1684,2482,-798,2026-07-04T15:37:29.282165+00:00
2014-03,19000,山梨県,2373,3772,-1399,2026-07-04T15:37:29.282165+00:00
2014-03,20000,長野県,5590,7597,-2007,2026-07-04T15:37:29.282165+00:00
2014-03,21000,岐阜県,5360,6815,-1455,2026-07-04T15:37:29.282165+00:00
2014-03,22000,静岡県,11115,14289,-3174,2026-07-04T15:37:29.282165+00:00
2014-03,23000,愛知県,25768,22460,3308,2026-07-04T15:37:29.282165+00:00
2014-03,24000,三重県,5491,6729,-1238,2026-07-04T15:37:29.282165+00:00
2014-03,25000,滋賀県,5245,5544,-299,2026-07-04T15:37:29.282165+00:00
2014-03,26000,京都府,12611,12146,465,2026-07-04T15:37:29.282165+00:00
2014-03,27000,大阪府,31949,29637,2312,2026-07-04T15:37:29.282165+00:00
2014-03,28000,兵庫県,17847,19962,-2115,2026-07-04T15:37:29.282165+00:00
2014-03,29000,奈良県,4749,5148,-399,2026-07-04T15:37:29.282165+00:00
2014-03,30000,和歌山県,2250,3101,-851,2026-07-04T15:37:29.282165+00:00
2014-03,31000,鳥取県,1839,2631,-792,2026-07-04T15:37:29.282165+00:00
2014-03,32000,島根県,1961,3031,-1070,2026-07-04T15:37:29.282165+00:00
2014-03,33000,岡山県,6116,6931,-815,2026-07-04T15:37:29.282165+00:00
2014-03,34000,広島県,10120,11279,-1159,2026-07-04T15:37:29.282165+00:00
2014-03,35000,山口県,4226,5838,-1612,2026-07-04T15:37:29.282165+00:00
2014-03,36000,徳島県,1998,2747,-749,2026-07-04T15:37:29.282165+00:00
2014-03,37000,香川県,3997,4575,-578,2026-07-04T15:37:29.282165+00:00
2014-03,38000,愛媛県,3752,4989,-1237,2026-07-04T15:37:29.282165+00:00
2014-03,39000,高知県,1673,3096,-1423,2026-07-04T15:37:29.282165+00:00
2014-03,40000,福岡県,21551,21594,-43,2026-07-04T15:37:29.282165+00:00
2014-03,41000,佐賀県,3287,3897,-610,2026-07-04T15:37:29.282165+00:00
2014-03,42000,長崎県,4508,7418,-2910,2026-07-04T15:37:29.282165+00:00
2014-03,43000,熊本県,5921,7516,-1595,2026-07-04T15:37:29.282165+00:00
2014-03,44000,大分県,3576,5016,-1440,2026-07-04T15:37:29.282165+00:00
2014-03,45000,宮崎県,3808,5382,-1574,2026-07-04T15:37:29.282165+00:00
2014-03,46000,鹿児島県,5105,7742,-2637,2026-07-04T15:37:29.282165+00:00
2014-03,47000,沖縄県,4441,5865,-1424,2026-07-04T15:37:29.282165+00:00
2014-04,01000,北海道,10196,11327,-1131,2026-07-04T15:37:29.282165+00:00
2014-04,02000,青森県,3430,5150,-1720,2026-07-04T15:37:29.282165+00:00
2014-04,03000,岩手県,3807,4812,-1005,2026-07-04T15:37:29.282165+00:00
2014-04,04000,宮城県,10794,9714,1080,2026-07-04T15:37:29.282165+00:00
2014-04,05000,秋田県,2557,3559,-1002,2026-07-04T15:37:29.282165+00:00
2014-04,06000,山形県,2689,3590,-901,2026-07-04T15:37:29.282165+00:00
2014-04,07000,福島県,5003,5651,-648,2026-07-04T15:37:29.282165+00:00
2014-04,08000,茨城県,8088,9152,-1064,2026-07-04T15:37:29.282165+00:00
2014-04,09000,栃木県,5321,5883,-562,2026-07-04T15:37:29.282165+00:00
2014-04,10000,群馬県,4959,5268,-309,2026-07-04T15:37:29.282165+00:00
2014-04,11000,埼玉県,24639,21594,3045,2026-07-04T15:37:29.282165+00:00
2014-04,12000,千葉県,22706,21426,1280,2026-07-04T15:37:29.282165+00:00
2014-04,13000,東京都,65867,52126,13741,2026-07-04T15:37:29.282165+00:00
2014-04,14000,神奈川県,33471,29253,4218,2026-07-04T15:37:29.282165+00:00
2014-04,15000,新潟県,4530,5588,-1058,2026-07-04T15:37:29.282165+00:00
2014-04,16000,富山県,2326,2617,-291,2026-07-04T15:37:29.282165+00:00
2014-04,17000,石川県,3785,3483,302,2026-07-04T15:37:29.282165+00:00
2014-04,18000,福井県,1495,2163,-668,2026-07-04T15:37:29.282165+00:00
2014-04,19000,山梨県,2578,2539,39,2026-07-04T15:37:29.282165+00:00
2014-04,20000,長野県,4489,5679,-1190,2026-07-04T15:37:29.282165+00:00
2014-04,21000,岐阜県,4309,5439,-1130,2026-07-04T15:37:29.282165+00:00
2014-04,22000,静岡県,8729,9977,-1248,2026-07-04T15:37:29.282165+00:00
2014-04,23000,愛知県,20537,18999,1538,2026-07-04T15:37:29.282165+00:00
2014-04,24000,三重県,4593,5229,-636,2026-07-04T15:37:29.282165+00:00
2014-04,25000,滋賀県,4415,4116,299,2026-07-04T15:37:29.282165+00:00
2014-04,26000,京都府,9571,9134,437,2026-07-04T15:37:29.282165+00:00
2014-04,27000,大阪府,26019,25560,459,2026-07-04T15:37:29.282165+00:00
2014-04,28000,兵庫県,15918,16374,-456,2026-07-04T15:37:29.282165+00:00
2014-04,29000,奈良県,4503,4412,91,2026-07-04T15:37:29.282165+00:00
2014-04,30000,和歌山県,2000,2800,-800,2026-07-04T15:37:29.282165+00:00
2014-04,31000,鳥取県,2056,2250,-194,2026-07-04T15:37:29.282165+00:00
2014-04,32000,島根県,2374,2592,-218,2026-07-04T15:37:29.282165+00:00
2014-04,33000,岡山県,5767,6054,-287,2026-07-04T15:37:29.282165+00:00
2014-04,34000,広島県,9400,9904,-504,2026-07-04T15:37:29.282165+00:00
2014-04,35000,山口県,5279,4913,366,2026-07-04T15:37:29.282165+00:00
2014-04,36000,徳島県,1885,2291,-406,2026-07-04T15:37:29.282165+00:00
2014-04,37000,香川県,3649,3833,-184,2026-07-04T15:37:29.282165+00:00
2014-04,38000,愛媛県,3493,4512,-1019,2026-07-04T15:37:29.282165+00:00
2014-04,39000,高知県,1983,2399,-416,2026-07-04T15:37:29.282165+00:00
2014-04,40000,福岡県,19800,19355,445,2026-07-04T15:37:29.282165+00:00
2014-04,41000,佐賀県,2547,3661,-1114,2026-07-04T15:37:29.282165+00:00
2014-04,42000,長崎県,4919,6003,-1084,2026-07-04T15:37:29.282165+00:00
2014-04,43000,熊本県,5483,6679,-1196,2026-07-04T15:37:29.282165+00:00
2014-04,44000,大分県,3489,4319,-830,2026-07-04T15:37:29.282165+00:00
2014-04,45000,宮崎県,3647,5033,-1386,2026-07-04T15:37:29.282165+00:00
2014-04,46000,鹿児島県,5385,7308,-1923,2026-07-04T15:37:29.282165+00:00
2014-04,47000,沖縄県,4649,5409,-760,2026-07-04T15:37:29.282165+00:00
2014-05,01000,北海道,3087,3392,-305,2026-07-04T15:37:29.282165+00:00
2014-05,02000,青森県,1107,1466,-359,2026-07-04T15:37:29.282165+00:00
2014-05,03000,岩手県,1235,1313,-78,2026-07-04T15:37:29.282165+00:00
2014-05,04000,宮城県,3309,2897,412,2026-07-04T15:37:29.282165+00:00
2014-05,05000,秋田県,741,937,-196,2026-07-04T15:37:29.282165+00:00
2014-05,06000,山形県,836,1015,-179,2026-07-04T15:37:29.282165+00:00
2014-05,07000,福島県,1986,1906,80,2026-07-04T15:37:29.282165+00:00
2014-05,08000,茨城県,3432,3762,-330,2026-07-04T15:37:29.282165+00:00
2014-05,09000,栃木県,2466,2513,-47,2026-07-04T15:37:29.282165+00:00
2014-05,10000,群馬県,2151,2162,-11,2026-07-04T15:37:29.282165+00:00
2014-05,11000,埼玉県,12291,11346,945,2026-07-04T15:37:29.282165+00:00
2014-05,12000,千葉県,10285,10255,30,2026-07-04T15:37:29.282165+00:00
2014-05,13000,東京都,30145,25827,4318,2026-07-04T15:37:29.282165+00:00
2014-05,14000,神奈川県,14779,14411,368,2026-07-04T15:37:29.282165+00:00
2014-05,15000,新潟県,1397,1803,-406,2026-07-04T15:37:29.282165+00:00
2014-05,16000,富山県,825,947,-122,2026-07-04T15:37:29.282165+00:00
2014-05,17000,石川県,1083,1117,-34,2026-07-04T15:37:29.282165+00:00
2014-05,18000,福井県,602,678,-76,2026-07-04T15:37:29.282165+00:00
2014-05,19000,山梨県,851,950,-99,2026-07-04T15:37:29.282165+00:00
2014-05,20000,長野県,1891,2083,-192,2026-07-04T15:37:29.282165+00:00
2014-05,21000,岐阜県,1925,2474,-549,2026-07-04T15:37:29.282165+00:00
2014-05,22000,静岡県,3446,3674,-228,2026-07-04T15:37:29.282165+00:00
2014-05,23000,愛知県,8446,7438,1008,2026-07-04T15:37:29.282165+00:00
2014-05,24000,三重県,2072,2285,-213,2026-07-04T15:37:29.282165+00:00
2014-05,25000,滋賀県,1822,1873,-51,2026-07-04T15:37:29.282165+00:00
2014-05,26000,京都府,3724,3910,-186,2026-07-04T15:37:29.282165+00:00
2014-05,27000,大阪府,11412,11575,-163,2026-07-04T15:37:29.282165+00:00
2014-05,28000,兵庫県,6417,6837,-420,2026-07-04T15:37:29.282165+00:00
2014-05,29000,奈良県,1557,1993,-436,2026-07-04T15:37:29.282165+00:00
2014-05,30000,和歌山県,794,1093,-299,2026-07-04T15:37:29.282165+00:00
2014-05,31000,鳥取県,562,633,-71,2026-07-04T15:37:29.282165+00:00
2014-05,32000,島根県,701,679,22,2026-07-04T15:37:29.282165+00:00
2014-05,33000,岡山県,1975,2090,-115,2026-07-04T15:37:29.282165+00:00
2014-05,34000,広島県,2926,3290,-364,2026-07-04T15:37:29.282165+00:00
2014-05,35000,山口県,1422,1563,-141,2026-07-04T15:37:29.282165+00:00
2014-05,36000,徳島県,606,676,-70,2026-07-04T15:37:29.282165+00:00
2014-05,37000,香川県,1069,1134,-65,2026-07-04T15:37:29.282165+00:00
2014-05,38000,愛媛県,1120,1299,-179,2026-07-04T15:37:29.282165+00:00
2014-05,39000,高知県,591,703,-112,2026-07-04T15:37:29.282165+00:00
2014-05,40000,福岡県,6291,6406,-115,2026-07-04T15:37:29.282165+00:00
2014-05,41000,佐賀県,954,1183,-229,2026-07-04T15:37:29.282165+00:00
2014-05,42000,長崎県,1381,1612,-231,2026-07-04T15:37:29.282165+00:00
2014-05,43000,熊本県,1738,1950,-212,2026-07-04T15:37:29.282165+00:00
2014-05,44000,大分県,1172,1324,-152,2026-07-04T15:37:29.282165+00:00
2014-05,45000,宮崎県,1128,1273,-145,2026-07-04T15:37:29.282165+00:00
2014-05,46000,鹿児島県,1598,1753,-155,2026-07-04T15:37:29.282165+00:00
2014-05,47000,沖縄県,1581,1429,152,2026-07-04T15:37:29.282165+00:00
2014-06,01000,北海道,3011,3165,-154,2026-07-04T15:37:29.282165+00:00
2014-06,02000,青森県,1099,1277,-178,2026-07-04T15:37:29.282165+00:00
2014-06,03000,岩手県,1106,1190,-84,2026-07-04T15:37:29.282165+00:00
2014-06,04000,宮城県,3047,2580,467,2026-07-04T15:37:29.282165+00:00
2014-06,05000,秋田県,710,820,-110,2026-07-04T15:37:29.282165+00:00
2014-06,06000,山形県,791,826,-35,2026-07-04T15:37:29.282165+00:00
2014-06,07000,福島県,1797,1617,180,2026-07-04T15:37:29.282165+00:00
2014-06,08000,茨城県,3259,3468,-209,2026-07-04T15:37:29.282165+00:00
2014-06,09000,栃木県,2267,2285,-18,2026-07-04T15:37:29.282165+00:00
2014-06,10000,群馬県,1897,1898,-1,2026-07-04T15:37:29.282165+00:00
2014-06,11000,埼玉県,11027,10645,382,2026-07-04T15:37:29.282165+00:00
2014-06,12000,千葉県,9456,9180,276,2026-07-04T15:37:29.282165+00:00
2014-06,13000,東京都,27284,24502,2782,2026-07-04T15:37:29.282165+00:00
2014-06,14000,神奈川県,13853,13672,181,2026-07-04T15:37:29.282165+00:00
2014-06,15000,新潟県,1356,1532,-176,2026-07-04T15:37:29.282165+00:00
2014-06,16000,富山県,772,792,-20,2026-07-04T15:37:29.282165+00:00
2014-06,17000,石川県,1074,1084,-10,2026-07-04T15:37:29.282165+00:00
2014-06,18000,福井県,603,649,-46,2026-07-04T15:37:29.282165+00:00
2014-06,19000,山梨県,828,950,-122,2026-07-04T15:37:29.282165+00:00
2014-06,20000,長野県,1882,1834,48,2026-07-04T15:37:29.282165+00:00
2014-06,21000,岐阜県,1820,2165,-345,2026-07-04T15:37:29.282165+00:00
2014-06,22000,静岡県,3524,3651,-127,2026-07-04T15:37:29.282165+00:00
2014-06,23000,愛知県,7380,7315,65,2026-07-04T15:37:29.282165+00:00
2014-06,24000,三重県,2137,2099,38,2026-07-04T15:37:29.282165+00:00
2014-06,25000,滋賀県,1689,1821,-132,2026-07-04T15:37:29.282165+00:00
2014-06,26000,京都府,3055,3509,-454,2026-07-04T15:37:29.282165+00:00
2014-06,27000,大阪府,10196,10211,-15,2026-07-04T15:37:29.282165+00:00
2014-06,28000,兵庫県,5768,6190,-422,2026-07-04T15:37:29.282165+00:00
2014-06,29000,奈良県,1376,1881,-505,2026-07-04T15:37:29.282165+00:00
2014-06,30000,和歌山県,684,865,-181,2026-07-04T15:37:29.282165+00:00
2014-06,31000,鳥取県,542,562,-20,2026-07-04T15:37:29.282165+00:00
2014-06,32000,島根県,637,707,-70,2026-07-04T15:37:29.282165+00:00
2014-06,33000,岡山県,1812,1833,-21,2026-07-04T15:37:29.282165+00:00
2014-06,34000,広島県,2604,2830,-226,2026-07-04T15:37:29.282165+00:00
2014-06,35000,山口県,1364,1475,-111,2026-07-04T15:37:29.282165+00:00
2014-06,36000,徳島県,582,627,-45,2026-07-04T15:37:29.282165+00:00
2014-06,37000,香川県,996,945,51,2026-07-04T15:37:29.282165+00:00
2014-06,38000,愛媛県,1033,1201,-168,2026-07-04T15:37:29.282165+00:00
2014-06,39000,高知県,493,586,-93,2026-07-04T15:37:29.282165+00:00
2014-06,40000,福岡県,5663,5831,-168,2026-07-04T15:37:29.282165+00:00
2014-06,41000,佐賀県,967,941,26,2026-07-04T15:37:29.282165+00:00
2014-06,42000,長崎県,1240,1589,-349,2026-07-04T15:37:29.282165+00:00
2014-06,43000,熊本県,1660,1697,-37,2026-07-04T15:37:29.282165+00:00
2014-06,44000,大分県,1168,1253,-85,2026-07-04T15:37:29.282165+00:00
2014-06,45000,宮崎県,1083,1101,-18,2026-07-04T15:37:29.282165+00:00
2014-06,46000,鹿児島県,1625,1528,97,2026-07-04T15:37:29.282165+00:00
2014-06,47000,沖縄県,1551,1389,162,2026-07-04T15:37:29.282165+00:00
2014-07,01000,北海道,3607,3254,353,2026-07-04T15:37:29.282165+00:00
2014-07,02000,青森県,1397,1473,-76,2026-07-04T15:37:29.282165+00:00
2014-07,03000,岩手県,1297,1220,77,2026-07-04T15:37:29.282165+00:00
2014-07,04000,宮城県,3630,3254,376,2026-07-04T15:37:29.282165+00:00
2014-07,05000,秋田県,967,1016,-49,2026-07-04T15:37:29.282165+00:00
2014-07,06000,山形県,1038,1080,-42,2026-07-04T15:37:29.282165+00:00
2014-07,07000,福島県,2118,1971,147,2026-07-04T15:37:29.282165+00:00
2014-07,08000,茨城県,3447,3763,-316,2026-07-04T15:37:29.282165+00:00
2014-07,09000,栃木県,2371,2447,-76,2026-07-04T15:37:29.282165+00:00
2014-07,10000,群馬県,2138,2119,19,2026-07-04T15:37:29.282165+00:00
2014-07,11000,埼玉県,12844,12119,725,2026-07-04T15:37:29.282165+00:00
2014-07,12000,千葉県,10428,10429,-1,2026-07-04T15:37:29.282165+00:00
2014-07,13000,東京都,29796,27464,2332,2026-07-04T15:37:29.282165+00:00
2014-07,14000,神奈川県,14560,15747,-1187,2026-07-04T15:37:29.282165+00:00
2014-07,15000,新潟県,1780,1745,35,2026-07-04T15:37:29.282165+00:00
2014-07,16000,富山県,844,800,44,2026-07-04T15:37:29.282165+00:00
2014-07,17000,石川県,1203,1106,97,2026-07-04T15:37:29.282165+00:00
2014-07,18000,福井県,702,704,-2,2026-07-04T15:37:29.282165+00:00
2014-07,19000,山梨県,934,1081,-147,2026-07-04T15:37:29.282165+00:00
2014-07,20000,長野県,1979,1996,-17,2026-07-04T15:37:29.282165+00:00
2014-07,21000,岐阜県,1981,2210,-229,2026-07-04T15:37:29.282165+00:00
2014-07,22000,静岡県,3989,4038,-49,2026-07-04T15:37:29.282165+00:00
2014-07,23000,愛知県,8510,7686,824,2026-07-04T15:37:29.282165+00:00
2014-07,24000,三重県,2165,2382,-217,2026-07-04T15:37:29.282165+00:00
2014-07,25000,滋賀県,1768,2228,-460,2026-07-04T15:37:29.282165+00:00
2014-07,26000,京都府,3673,3714,-41,2026-07-04T15:37:29.282165+00:00
2014-07,27000,大阪府,11070,11470,-400,2026-07-04T15:37:29.282165+00:00
2014-07,28000,兵庫県,6555,6738,-183,2026-07-04T15:37:29.282165+00:00
2014-07,29000,奈良県,1639,1859,-220,2026-07-04T15:37:29.282165+00:00
2014-07,30000,和歌山県,793,902,-109,2026-07-04T15:37:29.282165+00:00
2014-07,31000,鳥取県,596,728,-132,2026-07-04T15:37:29.282165+00:00
2014-07,32000,島根県,795,754,41,2026-07-04T15:37:29.282165+00:00
2014-07,33000,岡山県,2069,2211,-142,2026-07-04T15:37:29.282165+00:00
2014-07,34000,広島県,3312,3488,-176,2026-07-04T15:37:29.282165+00:00
2014-07,35000,山口県,1512,2763,-1251,2026-07-04T15:37:29.282165+00:00
2014-07,36000,徳島県,652,669,-17,2026-07-04T15:37:29.282165+00:00
2014-07,37000,香川県,1291,1444,-153,2026-07-04T15:37:29.282165+00:00
2014-07,38000,愛媛県,1144,1366,-222,2026-07-04T15:37:29.282165+00:00
2014-07,39000,高知県,674,690,-16,2026-07-04T15:37:29.282165+00:00
2014-07,40000,福岡県,7107,6551,556,2026-07-04T15:37:29.282165+00:00
2014-07,41000,佐賀県,1119,1019,100,2026-07-04T15:37:29.282165+00:00
2014-07,42000,長崎県,1701,1855,-154,2026-07-04T15:37:29.282165+00:00
2014-07,43000,熊本県,2327,2105,222,2026-07-04T15:37:29.282165+00:00
2014-07,44000,大分県,1364,1486,-122,2026-07-04T15:37:29.282165+00:00
2014-07,45000,宮崎県,1407,1480,-73,2026-07-04T15:37:29.282165+00:00
2014-07,46000,鹿児島県,2025,2089,-64,2026-07-04T15:37:29.282165+00:00
2014-07,47000,沖縄県,1904,1509,395,2026-07-04T15:37:29.282165+00:00
2014-08,01000,北海道,3347,3630,-283,2026-07-04T15:37:29.282165+00:00
2014-08,02000,青森県,1502,1738,-236,2026-07-04T15:37:29.282165+00:00
2014-08,03000,岩手県,1118,1141,-23,2026-07-04T15:37:29.282165+00:00
2014-08,04000,宮城県,3292,2832,460,2026-07-04T15:37:29.282165+00:00
2014-08,05000,秋田県,768,1001,-233,2026-07-04T15:37:29.282165+00:00
2014-08,06000,山形県,904,952,-48,2026-07-04T15:37:29.282165+00:00
2014-08,07000,福島県,1814,1810,4,2026-07-04T15:37:29.282165+00:00
2014-08,08000,茨城県,3316,3470,-154,2026-07-04T15:37:29.282165+00:00
2014-08,09000,栃木県,2163,2279,-116,2026-07-04T15:37:29.282165+00:00
2014-08,10000,群馬県,2096,1980,116,2026-07-04T15:37:29.282165+00:00
2014-08,11000,埼玉県,11827,10912,915,2026-07-04T15:37:29.282165+00:00
2014-08,12000,千葉県,9963,9625,338,2026-07-04T15:37:29.282165+00:00
2014-08,13000,東京都,27722,25114,2608,2026-07-04T15:37:29.282165+00:00
2014-08,14000,神奈川県,14030,14129,-99,2026-07-04T15:37:29.282165+00:00
2014-08,15000,新潟県,1533,1598,-65,2026-07-04T15:37:29.282165+00:00
2014-08,16000,富山県,796,906,-110,2026-07-04T15:37:29.282165+00:00
2014-08,17000,石川県,1104,1133,-29,2026-07-04T15:37:29.282165+00:00
2014-08,18000,福井県,644,698,-54,2026-07-04T15:37:29.282165+00:00
2014-08,19000,山梨県,821,942,-121,2026-07-04T15:37:29.282165+00:00
2014-08,20000,長野県,1797,1726,71,2026-07-04T15:37:29.282165+00:00
2014-08,21000,岐阜県,2027,2318,-291,2026-07-04T15:37:29.282165+00:00
2014-08,22000,静岡県,3629,4054,-425,2026-07-04T15:37:29.282165+00:00
2014-08,23000,愛知県,7729,7464,265,2026-07-04T15:37:29.282165+00:00
2014-08,24000,三重県,2174,2289,-115,2026-07-04T15:37:29.282165+00:00
2014-08,25000,滋賀県,1742,1825,-83,2026-07-04T15:37:29.282165+00:00
2014-08,26000,京都府,3598,3886,-288,2026-07-04T15:37:29.282165+00:00
2014-08,27000,大阪府,10057,10256,-199,2026-07-04T15:37:29.282165+00:00
2014-08,28000,兵庫県,6031,6459,-428,2026-07-04T15:37:29.282165+00:00
2014-08,29000,奈良県,1458,1802,-344,2026-07-04T15:37:29.282165+00:00
2014-08,30000,和歌山県,753,961,-208,2026-07-04T15:37:29.282165+00:00
2014-08,31000,鳥取県,623,636,-13,2026-07-04T15:37:29.282165+00:00
2014-08,32000,島根県,750,777,-27,2026-07-04T15:37:29.282165+00:00
2014-08,33000,岡山県,1903,1942,-39,2026-07-04T15:37:29.282165+00:00
2014-08,34000,広島県,3085,3215,-130,2026-07-04T15:37:29.282165+00:00
2014-08,35000,山口県,1495,1635,-140,2026-07-04T15:37:29.282165+00:00
2014-08,36000,徳島県,655,708,-53,2026-07-04T15:37:29.282165+00:00
2014-08,37000,香川県,1006,1201,-195,2026-07-04T15:37:29.282165+00:00
2014-08,38000,愛媛県,1260,1318,-58,2026-07-04T15:37:29.282165+00:00
2014-08,39000,高知県,614,631,-17,2026-07-04T15:37:29.282165+00:00
2014-08,40000,福岡県,6489,6388,101,2026-07-04T15:37:29.282165+00:00
2014-08,41000,佐賀県,1055,1219,-164,2026-07-04T15:37:29.282165+00:00
2014-08,42000,長崎県,1677,1980,-303,2026-07-04T15:37:29.282165+00:00
2014-08,43000,熊本県,2117,2199,-82,2026-07-04T15:37:29.282165+00:00
2014-08,44000,大分県,1388,1404,-16,2026-07-04T15:37:29.282165+00:00
2014-08,45000,宮崎県,1383,1486,-103,2026-07-04T15:37:29.282165+00:00
2014-08,46000,鹿児島県,2142,2028,114,2026-07-04T15:37:29.282165+00:00
2014-08,47000,沖縄県,2070,1770,300,2026-07-04T15:37:29.282165+00:00
2014-09,01000,北海道,3254,3627,-373,2026-07-04T15:37:29.282165+00:00
2014-09,02000,青森県,1319,1371,-52,2026-07-04T15:37:29.282165+00:00
2014-09,03000,岩手県,1248,1190,58,2026-07-04T15:37:29.282165+00:00
2014-09,04000,宮城県,3136,2987,149,2026-07-04T15:37:29.282165+00:00
2014-09,05000,秋田県,831,894,-63,2026-07-04T15:37:29.282165+00:00
2014-09,06000,山形県,860,937,-77,2026-07-04T15:37:29.282165+00:00
2014-09,07000,福島県,1944,1922,22,2026-07-04T15:37:29.282165+00:00
2014-09,08000,茨城県,3440,3675,-235,2026-07-04T15:37:29.282165+00:00
2014-09,09000,栃木県,2525,2340,185,2026-07-04T15:37:29.282165+00:00
2014-09,10000,群馬県,2283,2074,209,2026-07-04T15:37:29.282165+00:00
2014-09,11000,埼玉県,12096,11323,773,2026-07-04T15:37:29.282165+00:00
2014-09,12000,千葉県,10209,9973,236,2026-07-04T15:37:29.282165+00:00
2014-09,13000,東京都,28490,25826,2664,2026-07-04T15:37:29.282165+00:00
2014-09,14000,神奈川県,14444,14073,371,2026-07-04T15:37:29.282165+00:00
2014-09,15000,新潟県,1489,1638,-149,2026-07-04T15:37:29.282165+00:00
2014-09,16000,富山県,843,943,-100,2026-07-04T15:37:29.282165+00:00
2014-09,17000,石川県,1111,1166,-55,2026-07-04T15:37:29.282165+00:00
2014-09,18000,福井県,654,670,-16,2026-07-04T15:37:29.282165+00:00
2014-09,19000,山梨県,872,979,-107,2026-07-04T15:37:29.282165+00:00
2014-09,20000,長野県,1986,2002,-16,2026-07-04T15:37:29.282165+00:00
2014-09,21000,岐阜県,2028,2148,-120,2026-07-04T15:37:29.282165+00:00
2014-09,22000,静岡県,3441,3895,-454,2026-07-04T15:37:29.282165+00:00
2014-09,23000,愛知県,7914,7793,121,2026-07-04T15:37:29.282165+00:00
2014-09,24000,三重県,2276,2224,52,2026-07-04T15:37:29.282165+00:00
2014-09,25000,滋賀県,1813,1887,-74,2026-07-04T15:37:29.282165+00:00
2014-09,26000,京都府,3490,4007,-517,2026-07-04T15:37:29.282165+00:00
2014-09,27000,大阪府,10297,10986,-689,2026-07-04T15:37:29.282165+00:00
2014-09,28000,兵庫県,5943,6644,-701,2026-07-04T15:37:29.282165+00:00
2014-09,29000,奈良県,1605,1951,-346,2026-07-04T15:37:29.282165+00:00
2014-09,30000,和歌山県,824,956,-132,2026-07-04T15:37:29.282165+00:00
2014-09,31000,鳥取県,597,598,-1,2026-07-04T15:37:29.282165+00:00
2014-09,32000,島根県,767,700,67,2026-07-04T15:37:29.282165+00:00
2014-09,33000,岡山県,1970,2008,-38,2026-07-04T15:37:29.282165+00:00
2014-09,34000,広島県,2971,3125,-154,2026-07-04T15:37:29.282165+00:00
2014-09,35000,山口県,1673,1515,158,2026-07-04T15:37:29.282165+00:00
2014-09,36000,徳島県,651,696,-45,2026-07-04T15:37:29.282165+00:00
2014-09,37000,香川県,1192,1129,63,2026-07-04T15:37:29.282165+00:00
2014-09,38000,愛媛県,1258,1301,-43,2026-07-04T15:37:29.282165+00:00
2014-09,39000,高知県,658,645,13,2026-07-04T15:37:29.282165+00:00
2014-09,40000,福岡県,5970,6218,-248,2026-07-04T15:37:29.282165+00:00
2014-09,41000,佐賀県,1003,1121,-118,2026-07-04T15:37:29.282165+00:00
2014-09,42000,長崎県,1378,1750,-372,2026-07-04T15:37:29.282165+00:00
2014-09,43000,熊本県,1831,1951,-120,2026-07-04T15:37:29.282165+00:00
2014-09,44000,大分県,1241,1273,-32,2026-07-04T15:37:29.282165+00:00
2014-09,45000,宮崎県,1228,1195,33,2026-07-04T15:37:29.282165+00:00
2014-09,46000,鹿児島県,1665,1613,52,2026-07-04T15:37:29.282165+00:00
2014-09,47000,沖縄県,1682,1461,221,2026-07-04T15:37:29.282165+00:00
2014-10,01000,北海道,3530,3617,-87,2026-07-04T15:37:29.282165+00:00
2014-10,02000,青森県,1239,1431,-192,2026-07-04T15:37:29.282165+00:00
2014-10,03000,岩手県,1340,1313,27,2026-07-04T15:37:29.282165+00:00
2014-10,04000,宮城県,3367,3132,235,2026-07-04T15:37:29.282165+00:00
2014-10,05000,秋田県,806,961,-155,2026-07-04T15:37:29.282165+00:00
2014-10,06000,山形県,1043,892,151,2026-07-04T15:37:29.282165+00:00
2014-10,07000,福島県,2018,1790,228,2026-07-04T15:37:29.282165+00:00
2014-10,08000,茨城県,3405,3885,-480,2026-07-04T15:37:29.282165+00:00
2014-10,09000,栃木県,2438,2507,-69,2026-07-04T15:37:29.282165+00:00
2014-10,10000,群馬県,2245,2280,-35,2026-07-04T15:37:29.282165+00:00
2014-10,11000,埼玉県,12307,11385,922,2026-07-04T15:37:29.282165+00:00
2014-10,12000,千葉県,10433,10173,260,2026-07-04T15:37:29.282165+00:00
2014-10,13000,東京都,28534,26416,2118,2026-07-04T15:37:29.282165+00:00
2014-10,14000,神奈川県,14901,14442,459,2026-07-04T15:37:29.282165+00:00
2014-10,15000,新潟県,1592,1641,-49,2026-07-04T15:37:29.282165+00:00
2014-10,16000,富山県,908,951,-43,2026-07-04T15:37:29.282165+00:00
2014-10,17000,石川県,1165,1218,-53,2026-07-04T15:37:29.282165+00:00
2014-10,18000,福井県,630,665,-35,2026-07-04T15:37:29.282165+00:00
2014-10,19000,山梨県,903,1085,-182,2026-07-04T15:37:29.282165+00:00
2014-10,20000,長野県,1874,2011,-137,2026-07-04T15:37:29.282165+00:00
2014-10,21000,岐阜県,1901,2292,-391,2026-07-04T15:37:29.282165+00:00
2014-10,22000,静岡県,3564,3962,-398,2026-07-04T15:37:29.282165+00:00
2014-10,23000,愛知県,7891,7863,28,2026-07-04T15:37:29.282165+00:00
2014-10,24000,三重県,2167,2279,-112,2026-07-04T15:37:29.282165+00:00
2014-10,25000,滋賀県,1956,1936,20,2026-07-04T15:37:29.282165+00:00
2014-10,26000,京都府,3950,4012,-62,2026-07-04T15:37:29.282165+00:00
2014-10,27000,大阪府,10926,11673,-747,2026-07-04T15:37:29.282165+00:00
2014-10,28000,兵庫県,6180,6759,-579,2026-07-04T15:37:29.282165+00:00
2014-10,29000,奈良県,1673,1808,-135,2026-07-04T15:37:29.282165+00:00
2014-10,30000,和歌山県,866,947,-81,2026-07-04T15:37:29.282165+00:00
2014-10,31000,鳥取県,568,624,-56,2026-07-04T15:37:29.282165+00:00
2014-10,32000,島根県,766,732,34,2026-07-04T15:37:29.282165+00:00
2014-10,33000,岡山県,2140,2074,66,2026-07-04T15:37:29.282165+00:00
2014-10,34000,広島県,3155,3388,-233,2026-07-04T15:37:29.282165+00:00
2014-10,35000,山口県,1471,1522,-51,2026-07-04T15:37:29.282165+00:00
2014-10,36000,徳島県,607,629,-22,2026-07-04T15:37:29.282165+00:00
2014-10,37000,香川県,1204,1259,-55,2026-07-04T15:37:29.282165+00:00
2014-10,38000,愛媛県,1190,1261,-71,2026-07-04T15:37:29.282165+00:00
2014-10,39000,高知県,611,577,34,2026-07-04T15:37:29.282165+00:00
2014-10,40000,福岡県,6339,6326,13,2026-07-04T15:37:29.282165+00:00
2014-10,41000,佐賀県,1033,1035,-2,2026-07-04T15:37:29.282165+00:00
2014-10,42000,長崎県,1327,1610,-283,2026-07-04T15:37:29.282165+00:00
2014-10,43000,熊本県,1813,1813,0,2026-07-04T15:37:29.282165+00:00
2014-10,44000,大分県,1309,1299,10,2026-07-04T15:37:29.282165+00:00
2014-10,45000,宮崎県,1219,1280,-61,2026-07-04T15:37:29.282165+00:00
2014-10,46000,鹿児島県,1802,1697,105,2026-07-04T15:37:29.282165+00:00
2014-10,47000,沖縄県,1676,1530,146,2026-07-04T15:37:29.282165+00:00
2014-11,01000,北海道,2185,2508,-323,2026-07-04T15:37:29.282165+00:00
2014-11,02000,青森県,842,940,-98,2026-07-04T15:37:29.282165+00:00
2014-11,03000,岩手県,881,862,19,2026-07-04T15:37:29.282165+00:00
2014-11,04000,宮城県,2234,2141,93,2026-07-04T15:37:29.282165+00:00
2014-11,05000,秋田県,515,630,-115,2026-07-04T15:37:29.282165+00:00
2014-11,06000,山形県,664,714,-50,2026-07-04T15:37:29.282165+00:00
2014-11,07000,福島県,1602,1351,251,2026-07-04T15:37:29.282165+00:00
2014-11,08000,茨城県,2658,2983,-325,2026-07-04T15:37:29.282165+00:00
2014-11,09000,栃木県,1777,1919,-142,2026-07-04T15:37:29.282165+00:00
2014-11,10000,群馬県,1646,1648,-2,2026-07-04T15:37:29.282165+00:00
2014-11,11000,埼玉県,10116,9127,989,2026-07-04T15:37:29.282165+00:00
2014-11,12000,千葉県,8161,7791,370,2026-07-04T15:37:29.282165+00:00
2014-11,13000,東京都,23025,20948,2077,2026-07-04T15:37:29.282165+00:00
2014-11,14000,神奈川県,11612,11640,-28,2026-07-04T15:37:29.282165+00:00
2014-11,15000,新潟県,1068,1181,-113,2026-07-04T15:37:29.282165+00:00
2014-11,16000,富山県,641,615,26,2026-07-04T15:37:29.282165+00:00
2014-11,17000,石川県,770,773,-3,2026-07-04T15:37:29.282165+00:00
2014-11,18000,福井県,451,518,-67,2026-07-04T15:37:29.282165+00:00
2014-11,19000,山梨県,672,830,-158,2026-07-04T15:37:29.282165+00:00
2014-11,20000,長野県,1412,1637,-225,2026-07-04T15:37:29.282165+00:00
2014-11,21000,岐阜県,1570,1831,-261,2026-07-04T15:37:29.282165+00:00
2014-11,22000,静岡県,2686,2881,-195,2026-07-04T15:37:29.282165+00:00
2014-11,23000,愛知県,6035,5793,242,2026-07-04T15:37:29.282165+00:00
2014-11,24000,三重県,1683,1860,-177,2026-07-04T15:37:29.282165+00:00
2014-11,25000,滋賀県,1415,1397,18,2026-07-04T15:37:29.282165+00:00
2014-11,26000,京都府,2926,2891,35,2026-07-04T15:37:29.282165+00:00
2014-11,27000,大阪府,7890,8793,-903,2026-07-04T15:37:29.282165+00:00
2014-11,28000,兵庫県,4436,5065,-629,2026-07-04T15:37:29.282165+00:00
2014-11,29000,奈良県,1338,1439,-101,2026-07-04T15:37:29.282165+00:00
2014-11,30000,和歌山県,647,657,-10,2026-07-04T15:37:29.282165+00:00
2014-11,31000,鳥取県,419,412,7,2026-07-04T15:37:29.282165+00:00
2014-11,32000,島根県,525,551,-26,2026-07-04T15:37:29.282165+00:00
2014-11,33000,岡山県,1657,1480,177,2026-07-04T15:37:29.282165+00:00
2014-11,34000,広島県,2111,2416,-305,2026-07-04T15:37:29.282165+00:00
2014-11,35000,山口県,1014,1008,6,2026-07-04T15:37:29.282165+00:00
2014-11,36000,徳島県,475,489,-14,2026-07-04T15:37:29.282165+00:00
2014-11,37000,香川県,771,798,-27,2026-07-04T15:37:29.282165+00:00
2014-11,38000,愛媛県,821,1017,-196,2026-07-04T15:37:29.282165+00:00
2014-11,39000,高知県,439,437,2,2026-07-04T15:37:29.282165+00:00
2014-11,40000,福岡県,4550,4335,215,2026-07-04T15:37:29.282165+00:00
2014-11,41000,佐賀県,749,866,-117,2026-07-04T15:37:29.282165+00:00
2014-11,42000,長崎県,1088,1218,-130,2026-07-04T15:37:29.282165+00:00
2014-11,43000,熊本県,1281,1287,-6,2026-07-04T15:37:29.282165+00:00
2014-11,44000,大分県,934,951,-17,2026-07-04T15:37:29.282165+00:00
2014-11,45000,宮崎県,845,832,13,2026-07-04T15:37:29.282165+00:00
2014-11,46000,鹿児島県,1201,1177,24,2026-07-04T15:37:29.282165+00:00
2014-11,47000,沖縄県,1292,1093,199,2026-07-04T15:37:29.282165+00:00
2014-12,01000,北海道,2314,2403,-89,2026-07-04T15:37:29.282165+00:00
2014-12,02000,青森県,836,927,-91,2026-07-04T15:37:29.282165+00:00
2014-12,03000,岩手県,829,918,-89,2026-07-04T15:37:29.282165+00:00
2014-12,04000,宮城県,2226,2164,62,2026-07-04T15:37:29.282165+00:00
2014-12,05000,秋田県,529,580,-51,2026-07-04T15:37:29.282165+00:00
2014-12,06000,山形県,558,678,-120,2026-07-04T15:37:29.282165+00:00
2014-12,07000,福島県,1531,1544,-13,2026-07-04T15:37:29.282165+00:00
2014-12,08000,茨城県,2928,2994,-66,2026-07-04T15:37:29.282165+00:00
2014-12,09000,栃木県,1979,2013,-34,2026-07-04T15:37:29.282165+00:00
2014-12,10000,群馬県,1786,1648,138,2026-07-04T15:37:29.282165+00:00
2014-12,11000,埼玉県,10887,10270,617,2026-07-04T15:37:29.282165+00:00
2014-12,12000,千葉県,8860,9037,-177,2026-07-04T15:37:29.282165+00:00
2014-12,13000,東京都,25491,23217,2274,2026-07-04T15:37:29.282165+00:00
2014-12,14000,神奈川県,12987,13449,-462,2026-07-04T15:37:29.282165+00:00
2014-12,15000,新潟県,1087,1204,-117,2026-07-04T15:37:29.282165+00:00
2014-12,16000,富山県,641,638,3,2026-07-04T15:37:29.282165+00:00
2014-12,17000,石川県,834,771,63,2026-07-04T15:37:29.282165+00:00
2014-12,18000,福井県,448,528,-80,2026-07-04T15:37:29.282165+00:00
2014-12,19000,山梨県,755,877,-122,2026-07-04T15:37:29.282165+00:00
2014-12,20000,長野県,1582,1602,-20,2026-07-04T15:37:29.282165+00:00
2014-12,21000,岐阜県,1621,1891,-270,2026-07-04T15:37:29.282165+00:00
2014-12,22000,静岡県,2881,3262,-381,2026-07-04T15:37:29.282165+00:00
2014-12,23000,愛知県,6382,6093,289,2026-07-04T15:37:29.282165+00:00
2014-12,24000,三重県,1783,1927,-144,2026-07-04T15:37:29.282165+00:00
2014-12,25000,滋賀県,1555,1547,8,2026-07-04T15:37:29.282165+00:00
2014-12,26000,京都府,3132,3489,-357,2026-07-04T15:37:29.282165+00:00
2014-12,27000,大阪府,8779,9170,-391,2026-07-04T15:37:29.282165+00:00
2014-12,28000,兵庫県,5051,5516,-465,2026-07-04T15:37:29.282165+00:00
2014-12,29000,奈良県,1628,1635,-7,2026-07-04T15:37:29.282165+00:00
2014-12,30000,和歌山県,696,757,-61,2026-07-04T15:37:29.282165+00:00
2014-12,31000,鳥取県,437,453,-16,2026-07-04T15:37:29.282165+00:00
2014-12,32000,島根県,559,541,18,2026-07-04T15:37:29.282165+00:00
2014-12,33000,岡山県,1602,1457,145,2026-07-04T15:37:29.282165+00:00
2014-12,34000,広島県,2272,2556,-284,2026-07-04T15:37:29.282165+00:00
2014-12,35000,山口県,1051,1386,-335,2026-07-04T15:37:29.282165+00:00
2014-12,36000,徳島県,465,473,-8,2026-07-04T15:37:29.282165+00:00
2014-12,37000,香川県,888,817,71,2026-07-04T15:37:29.282165+00:00
2014-12,38000,愛媛県,915,1013,-98,2026-07-04T15:37:29.282165+00:00
2014-12,39000,高知県,438,467,-29,2026-07-04T15:37:29.282165+00:00
2014-12,40000,福岡県,4754,4488,266,2026-07-04T15:37:29.282165+00:00
2014-12,41000,佐賀県,887,931,-44,2026-07-04T15:37:29.282165+00:00
2014-12,42000,長崎県,1103,1159,-56,2026-07-04T15:37:29.282165+00:00
2014-12,43000,熊本県,1344,1301,43,2026-07-04T15:37:29.282165+00:00
2014-12,44000,大分県,1078,974,104,2026-07-04T15:37:29.282165+00:00
2014-12,45000,宮崎県,981,906,75,2026-07-04T15:37:29.282165+00:00
2014-12,46000,鹿児島県,1464,1174,290,2026-07-04T15:37:29.282165+00:00
2014-12,47000,沖縄県,1279,1268,11,2026-07-04T15:37:29.282165+00:00
2015-01,01000,北海道,2395,2919,-524,2026-07-04T15:37:29.282165+00:00
2015-01,02000,青森県,932,1107,-175,2026-07-04T15:37:29.282165+00:00
2015-01,03000,岩手県,952,1048,-96,2026-07-04T15:37:29.282165+00:00
2015-01,04000,宮城県,2569,2378,191,2026-07-04T15:37:29.282165+00:00
2015-01,05000,秋田県,575,691,-116,2026-07-04T15:37:29.282165+00:00
2015-01,06000,山形県,699,780,-81,2026-07-04T15:37:29.282165+00:00
2015-01,07000,福島県,1770,1606,164,2026-07-04T15:37:29.282165+00:00
2015-01,08000,茨城県,3049,3212,-163,2026-07-04T15:37:29.282165+00:00
2015-01,09000,栃木県,2086,2141,-55,2026-07-04T15:37:29.282165+00:00
2015-01,10000,群馬県,2041,1806,235,2026-07-04T15:37:29.282165+00:00
2015-01,11000,埼玉県,10726,9663,1063,2026-07-04T15:37:29.282165+00:00
2015-01,12000,千葉県,8897,8916,-19,2026-07-04T15:37:29.282165+00:00
2015-01,13000,東京都,25739,22927,2812,2026-07-04T15:37:29.282165+00:00
2015-01,14000,神奈川県,12423,12254,169,2026-07-04T15:37:29.282165+00:00
2015-01,15000,新潟県,1117,1360,-243,2026-07-04T15:37:29.282165+00:00
2015-01,16000,富山県,665,713,-48,2026-07-04T15:37:29.282165+00:00
2015-01,17000,石川県,942,894,48,2026-07-04T15:37:29.282165+00:00
2015-01,18000,福井県,492,584,-92,2026-07-04T15:37:29.282165+00:00
2015-01,19000,山梨県,753,873,-120,2026-07-04T15:37:29.282165+00:00
2015-01,20000,長野県,1535,1717,-182,2026-07-04T15:37:29.282165+00:00
2015-01,21000,岐阜県,1732,2144,-412,2026-07-04T15:37:29.282165+00:00
2015-01,22000,静岡県,3115,3266,-151,2026-07-04T15:37:29.282165+00:00
2015-01,23000,愛知県,7156,6950,206,2026-07-04T15:37:29.282165+00:00
2015-01,24000,三重県,1929,2096,-167,2026-07-04T15:37:29.282165+00:00
2015-01,25000,滋賀県,1641,1708,-67,2026-07-04T15:37:29.282165+00:00
2015-01,26000,京都府,3091,3196,-105,2026-07-04T15:37:29.282165+00:00
2015-01,27000,大阪府,9417,9628,-211,2026-07-04T15:37:29.282165+00:00
2015-01,28000,兵庫県,5128,5830,-702,2026-07-04T15:37:29.282165+00:00
2015-01,29000,奈良県,1405,1626,-221,2026-07-04T15:37:29.282165+00:00
2015-01,30000,和歌山県,690,837,-147,2026-07-04T15:37:29.282165+00:00
2015-01,31000,鳥取県,520,444,76,2026-07-04T15:37:29.282165+00:00
2015-01,32000,島根県,632,682,-50,2026-07-04T15:37:29.282165+00:00
2015-01,33000,岡山県,1802,1804,-2,2026-07-04T15:37:29.282165+00:00
2015-01,34000,広島県,2657,2840,-183,2026-07-04T15:37:29.282165+00:00
2015-01,35000,山口県,1231,1382,-151,2026-07-04T15:37:29.282165+00:00
2015-01,36000,徳島県,546,613,-67,2026-07-04T15:37:29.282165+00:00
2015-01,37000,香川県,913,942,-29,2026-07-04T15:37:29.282165+00:00
2015-01,38000,愛媛県,1070,1169,-99,2026-07-04T15:37:29.282165+00:00
2015-01,39000,高知県,548,585,-37,2026-07-04T15:37:29.282165+00:00
2015-01,40000,福岡県,5505,5673,-168,2026-07-04T15:37:29.282165+00:00
2015-01,41000,佐賀県,919,1014,-95,2026-07-04T15:37:29.282165+00:00
2015-01,42000,長崎県,1222,1421,-199,2026-07-04T15:37:29.282165+00:00
2015-01,43000,熊本県,1607,1584,23,2026-07-04T15:37:29.282165+00:00
2015-01,44000,大分県,1036,1137,-101,2026-07-04T15:37:29.282165+00:00
2015-01,45000,宮崎県,1087,960,127,2026-07-04T15:37:29.282165+00:00
2015-01,46000,鹿児島県,1484,1462,22,2026-07-04T15:37:29.282165+00:00
2015-01,47000,沖縄県,1513,1371,142,2026-07-04T15:37:29.282165+00:00
2015-02,01000,北海道,2316,2852,-536,2026-07-04T15:37:29.282165+00:00
2015-02,02000,青森県,837,1118,-281,2026-07-04T15:37:29.282165+00:00
2015-02,03000,岩手県,904,977,-73,2026-07-04T15:37:29.282165+00:00
2015-02,04000,宮城県,2373,2340,33,2026-07-04T15:37:29.282165+00:00
2015-02,05000,秋田県,532,719,-187,2026-07-04T15:37:29.282165+00:00
2015-02,06000,山形県,690,737,-47,2026-07-04T15:37:29.282165+00:00
2015-02,07000,福島県,1618,1673,-55,2026-07-04T15:37:29.282165+00:00
2015-02,08000,茨城県,3166,3519,-353,2026-07-04T15:37:29.282165+00:00
2015-02,09000,栃木県,2245,2257,-12,2026-07-04T15:37:29.282165+00:00
2015-02,10000,群馬県,1925,1937,-12,2026-07-04T15:37:29.282165+00:00
2015-02,11000,埼玉県,11125,10140,985,2026-07-04T15:37:29.282165+00:00
2015-02,12000,千葉県,9347,9322,25,2026-07-04T15:37:29.282165+00:00
2015-02,13000,東京都,28420,24567,3853,2026-07-04T15:37:29.282165+00:00
2015-02,14000,神奈川県,14015,13135,880,2026-07-04T15:37:29.282165+00:00
2015-02,15000,新潟県,1196,1468,-272,2026-07-04T15:37:29.282165+00:00
2015-02,16000,富山県,691,738,-47,2026-07-04T15:37:29.282165+00:00
2015-02,17000,石川県,963,1053,-90,2026-07-04T15:37:29.282165+00:00
2015-02,18000,福井県,541,696,-155,2026-07-04T15:37:29.282165+00:00
2015-02,19000,山梨県,825,991,-166,2026-07-04T15:37:29.282165+00:00
2015-02,20000,長野県,1639,1732,-93,2026-07-04T15:37:29.282165+00:00
2015-02,21000,岐阜県,1841,2131,-290,2026-07-04T15:37:29.282165+00:00
2015-02,22000,静岡県,3383,3509,-126,2026-07-04T15:37:29.282165+00:00
2015-02,23000,愛知県,6985,7019,-34,2026-07-04T15:37:29.282165+00:00
2015-02,24000,三重県,1867,2187,-320,2026-07-04T15:37:29.282165+00:00
2015-02,25000,滋賀県,1668,1757,-89,2026-07-04T15:37:29.282165+00:00
2015-02,26000,京都府,3350,3550,-200,2026-07-04T15:37:29.282165+00:00
2015-02,27000,大阪府,9673,9595,78,2026-07-04T15:37:29.282165+00:00
2015-02,28000,兵庫県,5343,6085,-742,2026-07-04T15:37:29.282165+00:00
2015-02,29000,奈良県,1564,2157,-593,2026-07-04T15:37:29.282165+00:00
2015-02,30000,和歌山県,753,861,-108,2026-07-04T15:37:29.282165+00:00
2015-02,31000,鳥取県,469,522,-53,2026-07-04T15:37:29.282165+00:00
2015-02,32000,島根県,665,676,-11,2026-07-04T15:37:29.282165+00:00
2015-02,33000,岡山県,1765,1916,-151,2026-07-04T15:37:29.282165+00:00
2015-02,34000,広島県,2782,2946,-164,2026-07-04T15:37:29.282165+00:00
2015-02,35000,山口県,1308,1542,-234,2026-07-04T15:37:29.282165+00:00
2015-02,36000,徳島県,603,647,-44,2026-07-04T15:37:29.282165+00:00
2015-02,37000,香川県,1094,1013,81,2026-07-04T15:37:29.282165+00:00
2015-02,38000,愛媛県,1089,1244,-155,2026-07-04T15:37:29.282165+00:00
2015-02,39000,高知県,466,609,-143,2026-07-04T15:37:29.282165+00:00
2015-02,40000,福岡県,5596,5411,185,2026-07-04T15:37:29.282165+00:00
2015-02,41000,佐賀県,935,988,-53,2026-07-04T15:37:29.282165+00:00
2015-02,42000,長崎県,1200,1503,-303,2026-07-04T15:37:29.282165+00:00
2015-02,43000,熊本県,1586,1629,-43,2026-07-04T15:37:29.282165+00:00
2015-02,44000,大分県,1047,1207,-160,2026-07-04T15:37:29.282165+00:00
2015-02,45000,宮崎県,1092,1066,26,2026-07-04T15:37:29.282165+00:00
2015-02,46000,鹿児島県,1524,1482,42,2026-07-04T15:37:29.282165+00:00
2015-02,47000,沖縄県,1468,1261,207,2026-07-04T15:37:29.282165+00:00
2015-03,01000,北海道,8920,14697,-5777,2026-07-04T15:37:29.282165+00:00
2015-03,02000,青森県,3527,6994,-3467,2026-07-04T15:37:29.282165+00:00
2015-03,03000,岩手県,3495,6084,-2589,2026-07-04T15:37:29.282165+00:00
2015-03,04000,宮城県,10799,11826,-1027,2026-07-04T15:37:29.282165+00:00
2015-03,05000,秋田県,2414,4801,-2387,2026-07-04T15:37:29.282165+00:00
2015-03,06000,山形県,2898,5288,-2390,2026-07-04T15:37:29.282165+00:00
2015-03,07000,福島県,5373,7697,-2324,2026-07-04T15:37:29.282165+00:00
2015-03,08000,茨城県,9503,12148,-2645,2026-07-04T15:37:29.282165+00:00
2015-03,09000,栃木県,6708,8280,-1572,2026-07-04T15:37:29.282165+00:00
2015-03,10000,群馬県,5632,7419,-1787,2026-07-04T15:37:29.282165+00:00
2015-03,11000,埼玉県,34512,27905,6607,2026-07-04T15:37:29.282165+00:00
2015-03,12000,千葉県,31508,26444,5064,2026-07-04T15:37:29.282165+00:00
2015-03,13000,東京都,99940,59710,40230,2026-07-04T15:37:29.282165+00:00
2015-03,14000,神奈川県,49478,36121,13357,2026-07-04T15:37:29.282165+00:00
2015-03,15000,新潟県,4862,8162,-3300,2026-07-04T15:37:29.282165+00:00
2015-03,16000,富山県,2712,3374,-662,2026-07-04T15:37:29.282165+00:00
2015-03,17000,石川県,3915,4789,-874,2026-07-04T15:37:29.282165+00:00
2015-03,18000,福井県,1935,2626,-691,2026-07-04T15:37:29.282165+00:00
2015-03,19000,山梨県,2471,4012,-1541,2026-07-04T15:37:29.282165+00:00
2015-03,20000,長野県,5845,8006,-2161,2026-07-04T15:37:29.282165+00:00
2015-03,21000,岐阜県,5563,7031,-1468,2026-07-04T15:37:29.282165+00:00
2015-03,22000,静岡県,11475,14565,-3090,2026-07-04T15:37:29.282165+00:00
2015-03,23000,愛知県,26648,23517,3131,2026-07-04T15:37:29.282165+00:00
2015-03,24000,三重県,5323,7344,-2021,2026-07-04T15:37:29.282165+00:00
2015-03,25000,滋賀県,5312,5888,-576,2026-07-04T15:37:29.282165+00:00
2015-03,26000,京都府,13038,13116,-78,2026-07-04T15:37:29.282165+00:00
2015-03,27000,大阪府,33621,30668,2953,2026-07-04T15:37:29.282165+00:00
2015-03,28000,兵庫県,19124,20642,-1518,2026-07-04T15:37:29.282165+00:00
2015-03,29000,奈良県,4586,5339,-753,2026-07-04T15:37:29.282165+00:00
2015-03,30000,和歌山県,2229,3290,-1061,2026-07-04T15:37:29.282165+00:00
2015-03,31000,鳥取県,1854,2787,-933,2026-07-04T15:37:29.282165+00:00
2015-03,32000,島根県,2257,3271,-1014,2026-07-04T15:37:29.282165+00:00
2015-03,33000,岡山県,6662,7496,-834,2026-07-04T15:37:29.282165+00:00
2015-03,34000,広島県,10792,12153,-1361,2026-07-04T15:37:29.282165+00:00
2015-03,35000,山口県,4424,6207,-1783,2026-07-04T15:37:29.282165+00:00
2015-03,36000,徳島県,2038,3109,-1071,2026-07-04T15:37:29.282165+00:00
2015-03,37000,香川県,4096,4731,-635,2026-07-04T15:37:29.282165+00:00
2015-03,38000,愛媛県,3985,5437,-1452,2026-07-04T15:37:29.282165+00:00
2015-03,39000,高知県,1898,3259,-1361,2026-07-04T15:37:29.282165+00:00
2015-03,40000,福岡県,22890,23228,-338,2026-07-04T15:37:29.282165+00:00
2015-03,41000,佐賀県,3182,4386,-1204,2026-07-04T15:37:29.282165+00:00
2015-03,42000,長崎県,4681,7808,-3127,2026-07-04T15:37:29.282165+00:00
2015-03,43000,熊本県,5834,7933,-2099,2026-07-04T15:37:29.282165+00:00
2015-03,44000,大分県,3749,5209,-1460,2026-07-04T15:37:29.282165+00:00
2015-03,45000,宮崎県,3542,5694,-2152,2026-07-04T15:37:29.282165+00:00
2015-03,46000,鹿児島県,4987,8184,-3197,2026-07-04T15:37:29.282165+00:00
2015-03,47000,沖縄県,4715,6277,-1562,2026-07-04T15:37:29.282165+00:00
2015-04,01000,北海道,10338,10810,-472,2026-07-04T15:37:29.282165+00:00
2015-04,02000,青森県,3205,4645,-1440,2026-07-04T15:37:29.282165+00:00
2015-04,03000,岩手県,3449,4626,-1177,2026-07-04T15:37:29.282165+00:00
2015-04,04000,宮城県,10253,9796,457,2026-07-04T15:37:29.282165+00:00
2015-04,05000,秋田県,2322,3294,-972,2026-07-04T15:37:29.282165+00:00
2015-04,06000,山形県,2544,3466,-922,2026-07-04T15:37:29.282165+00:00
2015-04,07000,福島県,5093,5558,-465,2026-07-04T15:37:29.282165+00:00
2015-04,08000,茨城県,8108,9064,-956,2026-07-04T15:37:29.282165+00:00
2015-04,09000,栃木県,5127,5986,-859,2026-07-04T15:37:29.282165+00:00
2015-04,10000,群馬県,4984,5076,-92,2026-07-04T15:37:29.282165+00:00
2015-04,11000,埼玉県,25083,22080,3003,2026-07-04T15:37:29.282165+00:00
2015-04,12000,千葉県,22732,21051,1681,2026-07-04T15:37:29.282165+00:00
2015-04,13000,東京都,65229,52019,13210,2026-07-04T15:37:29.282165+00:00
2015-04,14000,神奈川県,33326,29059,4267,2026-07-04T15:37:29.282165+00:00
2015-04,15000,新潟県,4405,5410,-1005,2026-07-04T15:37:29.282165+00:00
2015-04,16000,富山県,2322,2618,-296,2026-07-04T15:37:29.282165+00:00
2015-04,17000,石川県,3786,3575,211,2026-07-04T15:37:29.282165+00:00
2015-04,18000,福井県,1473,2101,-628,2026-07-04T15:37:29.282165+00:00
2015-04,19000,山梨県,2743,2543,200,2026-07-04T15:37:29.282165+00:00
2015-04,20000,長野県,4665,5537,-872,2026-07-04T15:37:29.282165+00:00
2015-04,21000,岐阜県,4250,5508,-1258,2026-07-04T15:37:29.282165+00:00
2015-04,22000,静岡県,8693,9960,-1267,2026-07-04T15:37:29.282165+00:00
2015-04,23000,愛知県,20795,18459,2336,2026-07-04T15:37:29.282165+00:00
2015-04,24000,三重県,4464,5331,-867,2026-07-04T15:37:29.282165+00:00
2015-04,25000,滋賀県,4281,4254,27,2026-07-04T15:37:29.282165+00:00
2015-04,26000,京都府,9654,8889,765,2026-07-04T15:37:29.282165+00:00
2015-04,27000,大阪府,25605,25780,-175,2026-07-04T15:37:29.282165+00:00
2015-04,28000,兵庫県,15298,15724,-426,2026-07-04T15:37:29.282165+00:00
2015-04,29000,奈良県,4325,4263,62,2026-07-04T15:37:29.282165+00:00
2015-04,30000,和歌山県,1877,2698,-821,2026-07-04T15:37:29.282165+00:00
2015-04,31000,鳥取県,1853,2295,-442,2026-07-04T15:37:29.282165+00:00
2015-04,32000,島根県,2215,2546,-331,2026-07-04T15:37:29.282165+00:00
2015-04,33000,岡山県,5438,5838,-400,2026-07-04T15:37:29.282165+00:00
2015-04,34000,広島県,9335,9920,-585,2026-07-04T15:37:29.282165+00:00
2015-04,35000,山口県,4697,4864,-167,2026-07-04T15:37:29.282165+00:00
2015-04,36000,徳島県,1805,2363,-558,2026-07-04T15:37:29.282165+00:00
2015-04,37000,香川県,3603,3700,-97,2026-07-04T15:37:29.282165+00:00
2015-04,38000,愛媛県,3425,4226,-801,2026-07-04T15:37:29.282165+00:00
2015-04,39000,高知県,2058,2307,-249,2026-07-04T15:37:29.282165+00:00
2015-04,40000,福岡県,19236,19197,39,2026-07-04T15:37:29.282165+00:00
2015-04,41000,佐賀県,2637,3496,-859,2026-07-04T15:37:29.282165+00:00
2015-04,42000,長崎県,4566,5823,-1257,2026-07-04T15:37:29.282165+00:00
2015-04,43000,熊本県,5165,6787,-1622,2026-07-04T15:37:29.282165+00:00
2015-04,44000,大分県,3552,4195,-643,2026-07-04T15:37:29.282165+00:00
2015-04,45000,宮崎県,3756,4854,-1098,2026-07-04T15:37:29.282165+00:00
2015-04,46000,鹿児島県,5468,7033,-1565,2026-07-04T15:37:29.282165+00:00
2015-04,47000,沖縄県,4889,5503,-614,2026-07-04T15:37:29.282165+00:00
2015-05,01000,北海道,3141,3409,-268,2026-07-04T15:37:29.282165+00:00
2015-05,02000,青森県,1056,1327,-271,2026-07-04T15:37:29.282165+00:00
2015-05,03000,岩手県,1141,1198,-57,2026-07-04T15:37:29.282165+00:00
2015-05,04000,宮城県,3153,2943,210,2026-07-04T15:37:29.282165+00:00
2015-05,05000,秋田県,774,938,-164,2026-07-04T15:37:29.282165+00:00
2015-05,06000,山形県,878,970,-92,2026-07-04T15:37:29.282165+00:00
2015-05,07000,福島県,1906,1879,27,2026-07-04T15:37:29.282165+00:00
2015-05,08000,茨城県,3340,3749,-409,2026-07-04T15:37:29.282165+00:00
2015-05,09000,栃木県,2287,2546,-259,2026-07-04T15:37:29.282165+00:00
2015-05,10000,群馬県,2174,2042,132,2026-07-04T15:37:29.282165+00:00
2015-05,11000,埼玉県,12166,11244,922,2026-07-04T15:37:29.282165+00:00
2015-05,12000,千葉県,10151,10244,-93,2026-07-04T15:37:29.282165+00:00
2015-05,13000,東京都,30443,26193,4250,2026-07-04T15:37:29.282165+00:00
2015-05,14000,神奈川県,14949,14197,752,2026-07-04T15:37:29.282165+00:00
2015-05,15000,新潟県,1405,1718,-313,2026-07-04T15:37:29.282165+00:00
2015-05,16000,富山県,786,863,-77,2026-07-04T15:37:29.282165+00:00
2015-05,17000,石川県,1086,1095,-9,2026-07-04T15:37:29.282165+00:00
2015-05,18000,福井県,550,744,-194,2026-07-04T15:37:29.282165+00:00
2015-05,19000,山梨県,797,930,-133,2026-07-04T15:37:29.282165+00:00
2015-05,20000,長野県,1934,1948,-14,2026-07-04T15:37:29.282165+00:00
2015-05,21000,岐阜県,1815,2486,-671,2026-07-04T15:37:29.282165+00:00
2015-05,22000,静岡県,3467,3644,-177,2026-07-04T15:37:29.282165+00:00
2015-05,23000,愛知県,8191,7496,695,2026-07-04T15:37:29.282165+00:00
2015-05,24000,三重県,2001,2157,-156,2026-07-04T15:37:29.282165+00:00
2015-05,25000,滋賀県,1703,1986,-283,2026-07-04T15:37:29.282165+00:00
2015-05,26000,京都府,3610,3851,-241,2026-07-04T15:37:29.282165+00:00
2015-05,27000,大阪府,11466,11337,129,2026-07-04T15:37:29.282165+00:00
2015-05,28000,兵庫県,6143,6754,-611,2026-07-04T15:37:29.282165+00:00
2015-05,29000,奈良県,1507,1976,-469,2026-07-04T15:37:29.282165+00:00
2015-05,30000,和歌山県,744,1040,-296,2026-07-04T15:37:29.282165+00:00
2015-05,31000,鳥取県,572,617,-45,2026-07-04T15:37:29.282165+00:00
2015-05,32000,島根県,751,737,14,2026-07-04T15:37:29.282165+00:00
2015-05,33000,岡山県,1969,2170,-201,2026-07-04T15:37:29.282165+00:00
2015-05,34000,広島県,3087,3159,-72,2026-07-04T15:37:29.282165+00:00
2015-05,35000,山口県,1300,1513,-213,2026-07-04T15:37:29.282165+00:00
2015-05,36000,徳島県,640,707,-67,2026-07-04T15:37:29.282165+00:00
2015-05,37000,香川県,1115,1105,10,2026-07-04T15:37:29.282165+00:00
2015-05,38000,愛媛県,1009,1279,-270,2026-07-04T15:37:29.282165+00:00
2015-05,39000,高知県,564,608,-44,2026-07-04T15:37:29.282165+00:00
2015-05,40000,福岡県,6279,6455,-176,2026-07-04T15:37:29.282165+00:00
2015-05,41000,佐賀県,951,1128,-177,2026-07-04T15:37:29.282165+00:00
2015-05,42000,長崎県,1394,1692,-298,2026-07-04T15:37:29.282165+00:00
2015-05,43000,熊本県,1733,1931,-198,2026-07-04T15:37:29.282165+00:00
2015-05,44000,大分県,1167,1318,-151,2026-07-04T15:37:29.282165+00:00
2015-05,45000,宮崎県,1129,1163,-34,2026-07-04T15:37:29.282165+00:00
2015-05,46000,鹿児島県,1621,1767,-146,2026-07-04T15:37:29.282165+00:00
2015-05,47000,沖縄県,1595,1387,208,2026-07-04T15:37:29.282165+00:00
2015-06,01000,北海道,3213,3108,105,2026-07-04T15:37:29.282165+00:00
2015-06,02000,青森県,1079,1228,-149,2026-07-04T15:37:29.282165+00:00
2015-06,03000,岩手県,1152,1178,-26,2026-07-04T15:37:29.282165+00:00
2015-06,04000,宮城県,2945,2764,181,2026-07-04T15:37:29.282165+00:00
2015-06,05000,秋田県,699,846,-147,2026-07-04T15:37:29.282165+00:00
2015-06,06000,山形県,709,901,-192,2026-07-04T15:37:29.282165+00:00
2015-06,07000,福島県,2039,1766,273,2026-07-04T15:37:29.282165+00:00
2015-06,08000,茨城県,3225,3771,-546,2026-07-04T15:37:29.282165+00:00
2015-06,09000,栃木県,2435,2368,67,2026-07-04T15:37:29.282165+00:00
2015-06,10000,群馬県,2187,2011,176,2026-07-04T15:37:29.282165+00:00
2015-06,11000,埼玉県,12241,11532,709,2026-07-04T15:37:29.282165+00:00
2015-06,12000,千葉県,10294,10217,77,2026-07-04T15:37:29.282165+00:00
2015-06,13000,東京都,29703,26755,2948,2026-07-04T15:37:29.282165+00:00
2015-06,14000,神奈川県,14858,15037,-179,2026-07-04T15:37:29.282165+00:00
2015-06,15000,新潟県,1398,1562,-164,2026-07-04T15:37:29.282165+00:00
2015-06,16000,富山県,927,843,84,2026-07-04T15:37:29.282165+00:00
2015-06,17000,石川県,1174,1179,-5,2026-07-04T15:37:29.282165+00:00
2015-06,18000,福井県,602,683,-81,2026-07-04T15:37:29.282165+00:00
2015-06,19000,山梨県,865,968,-103,2026-07-04T15:37:29.282165+00:00
2015-06,20000,長野県,1845,1853,-8,2026-07-04T15:37:29.282165+00:00
2015-06,21000,岐阜県,2053,2479,-426,2026-07-04T15:37:29.282165+00:00
2015-06,22000,静岡県,3642,3822,-180,2026-07-04T15:37:29.282165+00:00
2015-06,23000,愛知県,8019,7555,464,2026-07-04T15:37:29.282165+00:00
2015-06,24000,三重県,2306,2205,101,2026-07-04T15:37:29.282165+00:00
2015-06,25000,滋賀県,1854,1828,26,2026-07-04T15:37:29.282165+00:00
2015-06,26000,京都府,3510,3749,-239,2026-07-04T15:37:29.282165+00:00
2015-06,27000,大阪府,10954,11263,-309,2026-07-04T15:37:29.282165+00:00
2015-06,28000,兵庫県,5994,6743,-749,2026-07-04T15:37:29.282165+00:00
2015-06,29000,奈良県,1531,1867,-336,2026-07-04T15:37:29.282165+00:00
2015-06,30000,和歌山県,785,1015,-230,2026-07-04T15:37:29.282165+00:00
2015-06,31000,鳥取県,543,582,-39,2026-07-04T15:37:29.282165+00:00
2015-06,32000,島根県,726,762,-36,2026-07-04T15:37:29.282165+00:00
2015-06,33000,岡山県,1876,2045,-169,2026-07-04T15:37:29.282165+00:00
2015-06,34000,広島県,2954,3139,-185,2026-07-04T15:37:29.282165+00:00
2015-06,35000,山口県,1458,1629,-171,2026-07-04T15:37:29.282165+00:00
2015-06,36000,徳島県,597,700,-103,2026-07-04T15:37:29.282165+00:00
2015-06,37000,香川県,1089,1058,31,2026-07-04T15:37:29.282165+00:00
2015-06,38000,愛媛県,1163,1321,-158,2026-07-04T15:37:29.282165+00:00
2015-06,39000,高知県,532,663,-131,2026-07-04T15:37:29.282165+00:00
2015-06,40000,福岡県,6062,6050,12,2026-07-04T15:37:29.282165+00:00
2015-06,41000,佐賀県,1020,1110,-90,2026-07-04T15:37:29.282165+00:00
2015-06,42000,長崎県,1407,1646,-239,2026-07-04T15:37:29.282165+00:00
2015-06,43000,熊本県,1762,1789,-27,2026-07-04T15:37:29.282165+00:00
2015-06,44000,大分県,1166,1212,-46,2026-07-04T15:37:29.282165+00:00
2015-06,45000,宮崎県,1119,1121,-2,2026-07-04T15:37:29.282165+00:00
2015-06,46000,鹿児島県,1646,1664,-18,2026-07-04T15:37:29.282165+00:00
2015-06,47000,沖縄県,1691,1462,229,2026-07-04T15:37:29.282165+00:00
2015-07,01000,北海道,3678,3148,530,2026-07-04T15:37:29.282165+00:00
2015-07,02000,青森県,1535,1449,86,2026-07-04T15:37:29.282165+00:00
2015-07,03000,岩手県,1372,1269,103,2026-07-04T15:37:29.282165+00:00
2015-07,04000,宮城県,3543,3397,146,2026-07-04T15:37:29.282165+00:00
2015-07,05000,秋田県,865,939,-74,2026-07-04T15:37:29.282165+00:00
2015-07,06000,山形県,1097,942,155,2026-07-04T15:37:29.282165+00:00
2015-07,07000,福島県,1990,2025,-35,2026-07-04T15:37:29.282165+00:00
2015-07,08000,茨城県,3587,3866,-279,2026-07-04T15:37:29.282165+00:00
2015-07,09000,栃木県,2270,2556,-286,2026-07-04T15:37:29.282165+00:00
2015-07,10000,群馬県,2253,1980,273,2026-07-04T15:37:29.282165+00:00
2015-07,11000,埼玉県,13001,12308,693,2026-07-04T15:37:29.282165+00:00
2015-07,12000,千葉県,10737,10875,-138,2026-07-04T15:37:29.282165+00:00
2015-07,13000,東京都,29931,27828,2103,2026-07-04T15:37:29.282165+00:00
2015-07,14000,神奈川県,14595,15899,-1304,2026-07-04T15:37:29.282165+00:00
2015-07,15000,新潟県,1649,1638,11,2026-07-04T15:37:29.282165+00:00
2015-07,16000,富山県,960,954,6,2026-07-04T15:37:29.282165+00:00
2015-07,17000,石川県,1317,1124,193,2026-07-04T15:37:29.282165+00:00
2015-07,18000,福井県,641,704,-63,2026-07-04T15:37:29.282165+00:00
2015-07,19000,山梨県,963,1161,-198,2026-07-04T15:37:29.282165+00:00
2015-07,20000,長野県,2031,1781,250,2026-07-04T15:37:29.282165+00:00
2015-07,21000,岐阜県,2082,2339,-257,2026-07-04T15:37:29.282165+00:00
2015-07,22000,静岡県,3919,3852,67,2026-07-04T15:37:29.282165+00:00
2015-07,23000,愛知県,8458,8002,456,2026-07-04T15:37:29.282165+00:00
2015-07,24000,三重県,2200,2209,-9,2026-07-04T15:37:29.282165+00:00
2015-07,25000,滋賀県,1894,2329,-435,2026-07-04T15:37:29.282165+00:00
2015-07,26000,京都府,3889,3907,-18,2026-07-04T15:37:29.282165+00:00
2015-07,27000,大阪府,10946,11563,-617,2026-07-04T15:37:29.282165+00:00
2015-07,28000,兵庫県,6366,6623,-257,2026-07-04T15:37:29.282165+00:00
2015-07,29000,奈良県,1739,1860,-121,2026-07-04T15:37:29.282165+00:00
2015-07,30000,和歌山県,825,1004,-179,2026-07-04T15:37:29.282165+00:00
2015-07,31000,鳥取県,621,617,4,2026-07-04T15:37:29.282165+00:00
2015-07,32000,島根県,733,752,-19,2026-07-04T15:37:29.282165+00:00
2015-07,33000,岡山県,2094,2037,57,2026-07-04T15:37:29.282165+00:00
2015-07,34000,広島県,3128,3398,-270,2026-07-04T15:37:29.282165+00:00
2015-07,35000,山口県,1447,2586,-1139,2026-07-04T15:37:29.282165+00:00
2015-07,36000,徳島県,651,650,1,2026-07-04T15:37:29.282165+00:00
2015-07,37000,香川県,1271,1447,-176,2026-07-04T15:37:29.282165+00:00
2015-07,38000,愛媛県,1230,1394,-164,2026-07-04T15:37:29.282165+00:00
2015-07,39000,高知県,621,678,-57,2026-07-04T15:37:29.282165+00:00
2015-07,40000,福岡県,7059,6373,686,2026-07-04T15:37:29.282165+00:00
2015-07,41000,佐賀県,1064,1095,-31,2026-07-04T15:37:29.282165+00:00
2015-07,42000,長崎県,1734,1844,-110,2026-07-04T15:37:29.282165+00:00
2015-07,43000,熊本県,2316,1967,349,2026-07-04T15:37:29.282165+00:00
2015-07,44000,大分県,1451,1260,191,2026-07-04T15:37:29.282165+00:00
2015-07,45000,宮崎県,1261,1517,-256,2026-07-04T15:37:29.282165+00:00
2015-07,46000,鹿児島県,1863,2004,-141,2026-07-04T15:37:29.282165+00:00
2015-07,47000,沖縄県,1774,1501,273,2026-07-04T15:37:29.282165+00:00
2015-08,01000,北海道,3517,3758,-241,2026-07-04T15:37:29.282165+00:00
2015-08,02000,青森県,1467,1775,-308,2026-07-04T15:37:29.282165+00:00
2015-08,03000,岩手県,1212,1265,-53,2026-07-04T15:37:29.282165+00:00
2015-08,04000,宮城県,3330,3217,113,2026-07-04T15:37:29.282165+00:00
2015-08,05000,秋田県,815,877,-62,2026-07-04T15:37:29.282165+00:00
2015-08,06000,山形県,1013,1035,-22,2026-07-04T15:37:29.282165+00:00
2015-08,07000,福島県,2201,2070,131,2026-07-04T15:37:29.282165+00:00
2015-08,08000,茨城県,3501,3888,-387,2026-07-04T15:37:29.282165+00:00
2015-08,09000,栃木県,2276,2565,-289,2026-07-04T15:37:29.282165+00:00
2015-08,10000,群馬県,2169,2093,76,2026-07-04T15:37:29.282165+00:00
2015-08,11000,埼玉県,12379,12126,253,2026-07-04T15:37:29.282165+00:00
2015-08,12000,千葉県,10461,10551,-90,2026-07-04T15:37:29.282165+00:00
2015-08,13000,東京都,30255,26904,3351,2026-07-04T15:37:29.282165+00:00
2015-08,14000,神奈川県,15390,14977,413,2026-07-04T15:37:29.282165+00:00
2015-08,15000,新潟県,1499,1668,-169,2026-07-04T15:37:29.282165+00:00
2015-08,16000,富山県,894,987,-93,2026-07-04T15:37:29.282165+00:00
2015-08,17000,石川県,1385,1309,76,2026-07-04T15:37:29.282165+00:00
2015-08,18000,福井県,744,744,0,2026-07-04T15:37:29.282165+00:00
2015-08,19000,山梨県,901,1063,-162,2026-07-04T15:37:29.282165+00:00
2015-08,20000,長野県,1959,1884,75,2026-07-04T15:37:29.282165+00:00
2015-08,21000,岐阜県,2045,2446,-401,2026-07-04T15:37:29.282165+00:00
2015-08,22000,静岡県,3858,4413,-555,2026-07-04T15:37:29.282165+00:00
2015-08,23000,愛知県,8836,7914,922,2026-07-04T15:37:29.282165+00:00
2015-08,24000,三重県,2185,2539,-354,2026-07-04T15:37:29.282165+00:00
2015-08,25000,滋賀県,1898,2085,-187,2026-07-04T15:37:29.282165+00:00
2015-08,26000,京都府,3788,4017,-229,2026-07-04T15:37:29.282165+00:00
2015-08,27000,大阪府,11322,11394,-72,2026-07-04T15:37:29.282165+00:00
2015-08,28000,兵庫県,6469,6956,-487,2026-07-04T15:37:29.282165+00:00
2015-08,29000,奈良県,1655,1892,-237,2026-07-04T15:37:29.282165+00:00
2015-08,30000,和歌山県,801,1048,-247,2026-07-04T15:37:29.282165+00:00
2015-08,31000,鳥取県,645,667,-22,2026-07-04T15:37:29.282165+00:00
2015-08,32000,島根県,714,776,-62,2026-07-04T15:37:29.282165+00:00
2015-08,33000,岡山県,1993,2114,-121,2026-07-04T15:37:29.282165+00:00
2015-08,34000,広島県,3191,3617,-426,2026-07-04T15:37:29.282165+00:00
2015-08,35000,山口県,1721,1695,26,2026-07-04T15:37:29.282165+00:00
2015-08,36000,徳島県,702,802,-100,2026-07-04T15:37:29.282165+00:00
2015-08,37000,香川県,1320,1156,164,2026-07-04T15:37:29.282165+00:00
2015-08,38000,愛媛県,1299,1447,-148,2026-07-04T15:37:29.282165+00:00
2015-08,39000,高知県,629,689,-60,2026-07-04T15:37:29.282165+00:00
2015-08,40000,福岡県,6781,6774,7,2026-07-04T15:37:29.282165+00:00
2015-08,41000,佐賀県,1247,1263,-16,2026-07-04T15:37:29.282165+00:00
2015-08,42000,長崎県,1870,2048,-178,2026-07-04T15:37:29.282165+00:00
2015-08,43000,熊本県,2063,2251,-188,2026-07-04T15:37:29.282165+00:00
2015-08,44000,大分県,1317,1440,-123,2026-07-04T15:37:29.282165+00:00
2015-08,45000,宮崎県,1450,1498,-48,2026-07-04T15:37:29.282165+00:00
2015-08,46000,鹿児島県,2347,2081,266,2026-07-04T15:37:29.282165+00:00
2015-08,47000,沖縄県,2133,1869,264,2026-07-04T15:37:29.282165+00:00
2015-09,01000,北海道,3298,3671,-373,2026-07-04T15:37:29.282165+00:00
2015-09,02000,青森県,1343,1445,-102,2026-07-04T15:37:29.282165+00:00
2015-09,03000,岩手県,1196,1341,-145,2026-07-04T15:37:29.282165+00:00
2015-09,04000,宮城県,3035,3017,18,2026-07-04T15:37:29.282165+00:00
2015-09,05000,秋田県,830,1040,-210,2026-07-04T15:37:29.282165+00:00
2015-09,06000,山形県,811,965,-154,2026-07-04T15:37:29.282165+00:00
2015-09,07000,福島県,2054,1994,60,2026-07-04T15:37:29.282165+00:00
2015-09,08000,茨城県,3514,4133,-619,2026-07-04T15:37:29.282165+00:00
2015-09,09000,栃木県,2451,2687,-236,2026-07-04T15:37:29.282165+00:00
2015-09,10000,群馬県,2288,2307,-19,2026-07-04T15:37:29.282165+00:00
2015-09,11000,埼玉県,12900,12291,609,2026-07-04T15:37:29.282165+00:00
2015-09,12000,千葉県,11585,10980,605,2026-07-04T15:37:29.282165+00:00
2015-09,13000,東京都,32423,27494,4929,2026-07-04T15:37:29.282165+00:00
2015-09,14000,神奈川県,15132,15363,-231,2026-07-04T15:37:29.282165+00:00
2015-09,15000,新潟県,1564,1824,-260,2026-07-04T15:37:29.282165+00:00
2015-09,16000,富山県,954,927,27,2026-07-04T15:37:29.282165+00:00
2015-09,17000,石川県,1248,1209,39,2026-07-04T15:37:29.282165+00:00
2015-09,18000,福井県,688,796,-108,2026-07-04T15:37:29.282165+00:00
2015-09,19000,山梨県,904,1061,-157,2026-07-04T15:37:29.282165+00:00
2015-09,20000,長野県,1896,2113,-217,2026-07-04T15:37:29.282165+00:00
2015-09,21000,岐阜県,1970,2440,-470,2026-07-04T15:37:29.282165+00:00
2015-09,22000,静岡県,3921,4218,-297,2026-07-04T15:37:29.282165+00:00
2015-09,23000,愛知県,8618,8000,618,2026-07-04T15:37:29.282165+00:00
2015-09,24000,三重県,2178,2586,-408,2026-07-04T15:37:29.282165+00:00
2015-09,25000,滋賀県,1921,2053,-132,2026-07-04T15:37:29.282165+00:00
2015-09,26000,京都府,3976,4306,-330,2026-07-04T15:37:29.282165+00:00
2015-09,27000,大阪府,11626,11298,328,2026-07-04T15:37:29.282165+00:00
2015-09,28000,兵庫県,6146,7008,-862,2026-07-04T15:37:29.282165+00:00
2015-09,29000,奈良県,1679,2154,-475,2026-07-04T15:37:29.282165+00:00
2015-09,30000,和歌山県,818,1011,-193,2026-07-04T15:37:29.282165+00:00
2015-09,31000,鳥取県,657,661,-4,2026-07-04T15:37:29.282165+00:00
2015-09,32000,島根県,808,765,43,2026-07-04T15:37:29.282165+00:00
2015-09,33000,岡山県,2003,2287,-284,2026-07-04T15:37:29.282165+00:00
2015-09,34000,広島県,3373,3422,-49,2026-07-04T15:37:29.282165+00:00
2015-09,35000,山口県,1649,1674,-25,2026-07-04T15:37:29.282165+00:00
2015-09,36000,徳島県,625,816,-191,2026-07-04T15:37:29.282165+00:00
2015-09,37000,香川県,1172,1123,49,2026-07-04T15:37:29.282165+00:00
2015-09,38000,愛媛県,1186,1485,-299,2026-07-04T15:37:29.282165+00:00
2015-09,39000,高知県,600,697,-97,2026-07-04T15:37:29.282165+00:00
2015-09,40000,福岡県,6657,6553,104,2026-07-04T15:37:29.282165+00:00
2015-09,41000,佐賀県,1187,1218,-31,2026-07-04T15:37:29.282165+00:00
2015-09,42000,長崎県,1511,1779,-268,2026-07-04T15:37:29.282165+00:00
2015-09,43000,熊本県,1881,2261,-380,2026-07-04T15:37:29.282165+00:00
2015-09,44000,大分県,1431,1360,71,2026-07-04T15:37:29.282165+00:00
2015-09,45000,宮崎県,1235,1226,9,2026-07-04T15:37:29.282165+00:00
2015-09,46000,鹿児島県,1681,1873,-192,2026-07-04T15:37:29.282165+00:00
2015-09,47000,沖縄県,1834,1525,309,2026-07-04T15:37:29.282165+00:00
2015-10,01000,北海道,3601,3981,-380,2026-07-04T15:37:29.282165+00:00
2015-10,02000,青森県,1310,1475,-165,2026-07-04T15:37:29.282165+00:00
2015-10,03000,岩手県,1376,1493,-117,2026-07-04T15:37:29.282165+00:00
2015-10,04000,宮城県,3320,3464,-144,2026-07-04T15:37:29.282165+00:00
2015-10,05000,秋田県,923,975,-52,2026-07-04T15:37:29.282165+00:00
2015-10,06000,山形県,948,1040,-92,2026-07-04T15:37:29.282165+00:00
2015-10,07000,福島県,2147,2043,104,2026-07-04T15:37:29.282165+00:00
2015-10,08000,茨城県,3549,4301,-752,2026-07-04T15:37:29.282165+00:00
2015-10,09000,栃木県,2777,2808,-31,2026-07-04T15:37:29.282165+00:00
2015-10,10000,群馬県,2512,2327,185,2026-07-04T15:37:29.282165+00:00
2015-10,11000,埼玉県,13803,12421,1382,2026-07-04T15:37:29.282165+00:00
2015-10,12000,千葉県,11453,11189,264,2026-07-04T15:37:29.282165+00:00
2015-10,13000,東京都,32757,29313,3444,2026-07-04T15:37:29.282165+00:00
2015-10,14000,神奈川県,15667,15668,-1,2026-07-04T15:37:29.282165+00:00
2015-10,15000,新潟県,1592,1930,-338,2026-07-04T15:37:29.282165+00:00
2015-10,16000,富山県,986,932,54,2026-07-04T15:37:29.282165+00:00
2015-10,17000,石川県,1417,1327,90,2026-07-04T15:37:29.282165+00:00
2015-10,18000,福井県,709,747,-38,2026-07-04T15:37:29.282165+00:00
2015-10,19000,山梨県,922,1081,-159,2026-07-04T15:37:29.282165+00:00
2015-10,20000,長野県,2112,2153,-41,2026-07-04T15:37:29.282165+00:00
2015-10,21000,岐阜県,2273,2618,-345,2026-07-04T15:37:29.282165+00:00
2015-10,22000,静岡県,3972,4261,-289,2026-07-04T15:37:29.282165+00:00
2015-10,23000,愛知県,9079,8576,503,2026-07-04T15:37:29.282165+00:00
2015-10,24000,三重県,2477,2488,-11,2026-07-04T15:37:29.282165+00:00
2015-10,25000,滋賀県,1959,2149,-190,2026-07-04T15:37:29.282165+00:00
2015-10,26000,京都府,4263,4125,138,2026-07-04T15:37:29.282165+00:00
2015-10,27000,大阪府,12016,12399,-383,2026-07-04T15:37:29.282165+00:00
2015-10,28000,兵庫県,6525,6997,-472,2026-07-04T15:37:29.282165+00:00
2015-10,29000,奈良県,1768,2097,-329,2026-07-04T15:37:29.282165+00:00
2015-10,30000,和歌山県,824,1108,-284,2026-07-04T15:37:29.282165+00:00
2015-10,31000,鳥取県,630,664,-34,2026-07-04T15:37:29.282165+00:00
2015-10,32000,島根県,787,820,-33,2026-07-04T15:37:29.282165+00:00
2015-10,33000,岡山県,2201,2475,-274,2026-07-04T15:37:29.282165+00:00
2015-10,34000,広島県,3410,3717,-307,2026-07-04T15:37:29.282165+00:00
2015-10,35000,山口県,1433,1689,-256,2026-07-04T15:37:29.282165+00:00
2015-10,36000,徳島県,690,708,-18,2026-07-04T15:37:29.282165+00:00
2015-10,37000,香川県,1332,1355,-23,2026-07-04T15:37:29.282165+00:00
2015-10,38000,愛媛県,1224,1450,-226,2026-07-04T15:37:29.282165+00:00
2015-10,39000,高知県,589,663,-74,2026-07-04T15:37:29.282165+00:00
2015-10,40000,福岡県,6850,6956,-106,2026-07-04T15:37:29.282165+00:00
2015-10,41000,佐賀県,1088,1149,-61,2026-07-04T15:37:29.282165+00:00
2015-10,42000,長崎県,1584,1699,-115,2026-07-04T15:37:29.282165+00:00
2015-10,43000,熊本県,2056,2091,-35,2026-07-04T15:37:29.282165+00:00
2015-10,44000,大分県,1288,1395,-107,2026-07-04T15:37:29.282165+00:00
2015-10,45000,宮崎県,1373,1355,18,2026-07-04T15:37:29.282165+00:00
2015-10,46000,鹿児島県,1860,1921,-61,2026-07-04T15:37:29.282165+00:00
2015-10,47000,沖縄県,1868,1707,161,2026-07-04T15:37:29.282165+00:00
2015-11,01000,北海道,2480,2831,-351,2026-07-04T15:37:29.282165+00:00
2015-11,02000,青森県,931,1148,-217,2026-07-04T15:37:29.282165+00:00
2015-11,03000,岩手県,942,997,-55,2026-07-04T15:37:29.282165+00:00
2015-11,04000,宮城県,2390,2281,109,2026-07-04T15:37:29.282165+00:00
2015-11,05000,秋田県,602,696,-94,2026-07-04T15:37:29.282165+00:00
2015-11,06000,山形県,700,782,-82,2026-07-04T15:37:29.282165+00:00
2015-11,07000,福島県,1656,1614,42,2026-07-04T15:37:29.282165+00:00
2015-11,08000,茨城県,2831,3273,-442,2026-07-04T15:37:29.282165+00:00
2015-11,09000,栃木県,2123,2130,-7,2026-07-04T15:37:29.282165+00:00
2015-11,10000,群馬県,1915,1718,197,2026-07-04T15:37:29.282165+00:00
2015-11,11000,埼玉県,11341,10130,1211,2026-07-04T15:37:29.282165+00:00
2015-11,12000,千葉県,9181,8922,259,2026-07-04T15:37:29.282165+00:00
2015-11,13000,東京都,25148,24001,1147,2026-07-04T15:37:29.282165+00:00
2015-11,14000,神奈川県,12952,12794,158,2026-07-04T15:37:29.282165+00:00
2015-11,15000,新潟県,1199,1460,-261,2026-07-04T15:37:29.282165+00:00
2015-11,16000,富山県,733,763,-30,2026-07-04T15:37:29.282165+00:00
2015-11,17000,石川県,942,933,9,2026-07-04T15:37:29.282165+00:00
2015-11,18000,福井県,495,526,-31,2026-07-04T15:37:29.282165+00:00
2015-11,19000,山梨県,758,874,-116,2026-07-04T15:37:29.282165+00:00
2015-11,20000,長野県,1635,1662,-27,2026-07-04T15:37:29.282165+00:00
2015-11,21000,岐阜県,1784,2085,-301,2026-07-04T15:37:29.282165+00:00
2015-11,22000,静岡県,3002,3215,-213,2026-07-04T15:37:29.282165+00:00
2015-11,23000,愛知県,7050,6260,790,2026-07-04T15:37:29.282165+00:00
2015-11,24000,三重県,1889,2051,-162,2026-07-04T15:37:29.282165+00:00
2015-11,25000,滋賀県,1615,1636,-21,2026-07-04T15:37:29.282165+00:00
2015-11,26000,京都府,3095,3162,-67,2026-07-04T15:37:29.282165+00:00
2015-11,27000,大阪府,9154,9664,-510,2026-07-04T15:37:29.282165+00:00
2015-11,28000,兵庫県,5108,5416,-308,2026-07-04T15:37:29.282165+00:00
2015-11,29000,奈良県,1455,1673,-218,2026-07-04T15:37:29.282165+00:00
2015-11,30000,和歌山県,655,755,-100,2026-07-04T15:37:29.282165+00:00
2015-11,31000,鳥取県,467,508,-41,2026-07-04T15:37:29.282165+00:00
2015-11,32000,島根県,655,608,47,2026-07-04T15:37:29.282165+00:00
2015-11,33000,岡山県,1558,1636,-78,2026-07-04T15:37:29.282165+00:00
2015-11,34000,広島県,2383,2769,-386,2026-07-04T15:37:29.282165+00:00
2015-11,35000,山口県,1188,1191,-3,2026-07-04T15:37:29.282165+00:00
2015-11,36000,徳島県,538,529,9,2026-07-04T15:37:29.282165+00:00
2015-11,37000,香川県,904,884,20,2026-07-04T15:37:29.282165+00:00
2015-11,38000,愛媛県,897,1048,-151,2026-07-04T15:37:29.282165+00:00
2015-11,39000,高知県,469,548,-79,2026-07-04T15:37:29.282165+00:00
2015-11,40000,福岡県,5044,4818,226,2026-07-04T15:37:29.282165+00:00
2015-11,41000,佐賀県,821,865,-44,2026-07-04T15:37:29.282165+00:00
2015-11,42000,長崎県,1174,1203,-29,2026-07-04T15:37:29.282165+00:00
2015-11,43000,熊本県,1416,1508,-92,2026-07-04T15:37:29.282165+00:00
2015-11,44000,大分県,1021,1008,13,2026-07-04T15:37:29.282165+00:00
2015-11,45000,宮崎県,897,957,-60,2026-07-04T15:37:29.282165+00:00
2015-11,46000,鹿児島県,1506,1360,146,2026-07-04T15:37:29.282165+00:00
2015-11,47000,沖縄県,1480,1287,193,2026-07-04T15:37:29.282165+00:00
2015-12,01000,北海道,2510,2639,-129,2026-07-04T15:37:29.282165+00:00
2015-12,02000,青森県,940,1044,-104,2026-07-04T15:37:29.282165+00:00
2015-12,03000,岩手県,946,954,-8,2026-07-04T15:37:29.282165+00:00
2015-12,04000,宮城県,2314,2390,-76,2026-07-04T15:37:29.282165+00:00
2015-12,05000,秋田県,648,657,-9,2026-07-04T15:37:29.282165+00:00
2015-12,06000,山形県,647,757,-110,2026-07-04T15:37:29.282165+00:00
2015-12,07000,福島県,1638,1627,11,2026-07-04T15:37:29.282165+00:00
2015-12,08000,茨城県,3026,3402,-376,2026-07-04T15:37:29.282165+00:00
2015-12,09000,栃木県,2100,2283,-183,2026-07-04T15:37:29.282165+00:00
2015-12,10000,群馬県,1958,1837,121,2026-07-04T15:37:29.282165+00:00
2015-12,11000,埼玉県,11174,10534,640,2026-07-04T15:37:29.282165+00:00
2015-12,12000,千葉県,9546,9142,404,2026-07-04T15:37:29.282165+00:00
2015-12,13000,東京都,26647,24693,1954,2026-07-04T15:37:29.282165+00:00
2015-12,14000,神奈川県,13030,14035,-1005,2026-07-04T15:37:29.282165+00:00
2015-12,15000,新潟県,1122,1295,-173,2026-07-04T15:37:29.282165+00:00
2015-12,16000,富山県,772,727,45,2026-07-04T15:37:29.282165+00:00
2015-12,17000,石川県,900,958,-58,2026-07-04T15:37:29.282165+00:00
2015-12,18000,福井県,461,572,-111,2026-07-04T15:37:29.282165+00:00
2015-12,19000,山梨県,771,902,-131,2026-07-04T15:37:29.282165+00:00
2015-12,20000,長野県,1681,1635,46,2026-07-04T15:37:29.282165+00:00
2015-12,21000,岐阜県,1828,2102,-274,2026-07-04T15:37:29.282165+00:00
2015-12,22000,静岡県,3116,3227,-111,2026-07-04T15:37:29.282165+00:00
2015-12,23000,愛知県,7201,6770,431,2026-07-04T15:37:29.282165+00:00
2015-12,24000,三重県,1793,1995,-202,2026-07-04T15:37:29.282165+00:00
2015-12,25000,滋賀県,1556,1730,-174,2026-07-04T15:37:29.282165+00:00
2015-12,26000,京都府,3322,3356,-34,2026-07-04T15:37:29.282165+00:00
2015-12,27000,大阪府,9715,10020,-305,2026-07-04T15:37:29.282165+00:00
2015-12,28000,兵庫県,5455,5687,-232,2026-07-04T15:37:29.282165+00:00
2015-12,29000,奈良県,1611,1877,-266,2026-07-04T15:37:29.282165+00:00
2015-12,30000,和歌山県,707,858,-151,2026-07-04T15:37:29.282165+00:00
2015-12,31000,鳥取県,528,526,2,2026-07-04T15:37:29.282165+00:00
2015-12,32000,島根県,599,551,48,2026-07-04T15:37:29.282165+00:00
2015-12,33000,岡山県,1704,1635,69,2026-07-04T15:37:29.282165+00:00
2015-12,34000,広島県,2397,2843,-446,2026-07-04T15:37:29.282165+00:00
2015-12,35000,山口県,1192,1367,-175,2026-07-04T15:37:29.282165+00:00
2015-12,36000,徳島県,529,506,23,2026-07-04T15:37:29.282165+00:00
2015-12,37000,香川県,938,903,35,2026-07-04T15:37:29.282165+00:00
2015-12,38000,愛媛県,1031,931,100,2026-07-04T15:37:29.282165+00:00
2015-12,39000,高知県,492,498,-6,2026-07-04T15:37:29.282165+00:00
2015-12,40000,福岡県,5222,4680,542,2026-07-04T15:37:29.282165+00:00
2015-12,41000,佐賀県,849,910,-61,2026-07-04T15:37:29.282165+00:00
2015-12,42000,長崎県,1184,1327,-143,2026-07-04T15:37:29.282165+00:00
2015-12,43000,熊本県,1625,1431,194,2026-07-04T15:37:29.282165+00:00
2015-12,44000,大分県,1050,1034,16,2026-07-04T15:37:29.282165+00:00
2015-12,45000,宮崎県,1018,879,139,2026-07-04T15:37:29.282165+00:00
2015-12,46000,鹿児島県,1424,1289,135,2026-07-04T15:37:29.282165+00:00
2015-12,47000,沖縄県,1424,1326,98,2026-07-04T15:37:29.282165+00:00
2016-01,01000,北海道,2451,2784,-333,2026-07-04T15:37:29.282165+00:00
2016-01,02000,青森県,786,1044,-258,2026-07-04T15:37:29.282165+00:00
2016-01,03000,岩手県,882,1001,-119,2026-07-04T15:37:29.282165+00:00
2016-01,04000,宮城県,2436,2212,224,2026-07-04T15:37:29.282165+00:00
2016-01,05000,秋田県,566,744,-178,2026-07-04T15:37:29.282165+00:00
2016-01,06000,山形県,630,733,-103,2026-07-04T15:37:29.282165+00:00
2016-01,07000,福島県,1671,1753,-82,2026-07-04T15:37:29.282165+00:00
2016-01,08000,茨城県,2806,3423,-617,2026-07-04T15:37:29.282165+00:00
2016-01,09000,栃木県,2089,2191,-102,2026-07-04T15:37:29.282165+00:00
2016-01,10000,群馬県,1999,1853,146,2026-07-04T15:37:29.282165+00:00
2016-01,11000,埼玉県,10676,9476,1200,2026-07-04T15:37:29.282165+00:00
2016-01,12000,千葉県,9054,8812,242,2026-07-04T15:37:29.282165+00:00
2016-01,13000,東京都,26253,22724,3529,2026-07-04T15:37:29.282165+00:00
2016-01,14000,神奈川県,12633,12160,473,2026-07-04T15:37:29.282165+00:00
2016-01,15000,新潟県,1124,1435,-311,2026-07-04T15:37:29.282165+00:00
2016-01,16000,富山県,669,730,-61,2026-07-04T15:37:29.282165+00:00
2016-01,17000,石川県,925,997,-72,2026-07-04T15:37:29.282165+00:00
2016-01,18000,福井県,473,629,-156,2026-07-04T15:37:29.282165+00:00
2016-01,19000,山梨県,742,812,-70,2026-07-04T15:37:29.282165+00:00
2016-01,20000,長野県,1496,1747,-251,2026-07-04T15:37:29.282165+00:00
2016-01,21000,岐阜県,1926,2111,-185,2026-07-04T15:37:29.282165+00:00
2016-01,22000,静岡県,3212,3206,6,2026-07-04T15:37:29.282165+00:00
2016-01,23000,愛知県,7614,7002,612,2026-07-04T15:37:29.282165+00:00
2016-01,24000,三重県,1886,1993,-107,2026-07-04T15:37:29.282165+00:00
2016-01,25000,滋賀県,1644,1736,-92,2026-07-04T15:37:29.282165+00:00
2016-01,26000,京都府,3190,3228,-38,2026-07-04T15:37:29.282165+00:00
2016-01,27000,大阪府,9346,9613,-267,2026-07-04T15:37:29.282165+00:00
2016-01,28000,兵庫県,4998,5637,-639,2026-07-04T15:37:29.282165+00:00
2016-01,29000,奈良県,1351,1547,-196,2026-07-04T15:37:29.282165+00:00
2016-01,30000,和歌山県,781,916,-135,2026-07-04T15:37:29.282165+00:00
2016-01,31000,鳥取県,467,538,-71,2026-07-04T15:37:29.282165+00:00
2016-01,32000,島根県,617,633,-16,2026-07-04T15:37:29.282165+00:00
2016-01,33000,岡山県,1536,1867,-331,2026-07-04T15:37:29.282165+00:00
2016-01,34000,広島県,2571,2791,-220,2026-07-04T15:37:29.282165+00:00
2016-01,35000,山口県,1069,1350,-281,2026-07-04T15:37:29.282165+00:00
2016-01,36000,徳島県,513,593,-80,2026-07-04T15:37:29.282165+00:00
2016-01,37000,香川県,870,961,-91,2026-07-04T15:37:29.282165+00:00
2016-01,38000,愛媛県,1011,1252,-241,2026-07-04T15:37:29.282165+00:00
2016-01,39000,高知県,486,598,-112,2026-07-04T15:37:29.282165+00:00
2016-01,40000,福岡県,5288,5723,-435,2026-07-04T15:37:29.282165+00:00
2016-01,41000,佐賀県,829,889,-60,2026-07-04T15:37:29.282165+00:00
2016-01,42000,長崎県,1316,1329,-13,2026-07-04T15:37:29.282165+00:00
2016-01,43000,熊本県,1566,1577,-11,2026-07-04T15:37:29.282165+00:00
2016-01,44000,大分県,998,1209,-211,2026-07-04T15:37:29.282165+00:00
2016-01,45000,宮崎県,1049,1031,18,2026-07-04T15:37:29.282165+00:00
2016-01,46000,鹿児島県,1433,1536,-103,2026-07-04T15:37:29.282165+00:00
2016-01,47000,沖縄県,1569,1371,198,2026-07-04T15:37:29.282165+00:00
2016-02,01000,北海道,2523,3324,-801,2026-07-04T15:37:29.282165+00:00
2016-02,02000,青森県,966,1146,-180,2026-07-04T15:37:29.282165+00:00
2016-02,03000,岩手県,979,1042,-63,2026-07-04T15:37:29.282165+00:00
2016-02,04000,宮城県,2608,2711,-103,2026-07-04T15:37:29.282165+00:00
2016-02,05000,秋田県,639,717,-78,2026-07-04T15:37:29.282165+00:00
2016-02,06000,山形県,803,799,4,2026-07-04T15:37:29.282165+00:00
2016-02,07000,福島県,1737,1980,-243,2026-07-04T15:37:29.282165+00:00
2016-02,08000,茨城県,3439,3757,-318,2026-07-04T15:37:29.282165+00:00
2016-02,09000,栃木県,2296,2650,-354,2026-07-04T15:37:29.282165+00:00
2016-02,10000,群馬県,2280,2224,56,2026-07-04T15:37:29.282165+00:00
2016-02,11000,埼玉県,12299,11288,1011,2026-07-04T15:37:29.282165+00:00
2016-02,12000,千葉県,10459,10174,285,2026-07-04T15:37:29.282165+00:00
2016-02,13000,東京都,30801,26680,4121,2026-07-04T15:37:29.282165+00:00
2016-02,14000,神奈川県,14685,14679,6,2026-07-04T15:37:29.282165+00:00
2016-02,15000,新潟県,1263,1772,-509,2026-07-04T15:37:29.282165+00:00
2016-02,16000,富山県,780,804,-24,2026-07-04T15:37:29.282165+00:00
2016-02,17000,石川県,992,1231,-239,2026-07-04T15:37:29.282165+00:00
2016-02,18000,福井県,605,765,-160,2026-07-04T15:37:29.282165+00:00
2016-02,19000,山梨県,857,1089,-232,2026-07-04T15:37:29.282165+00:00
2016-02,20000,長野県,1800,1826,-26,2026-07-04T15:37:29.282165+00:00
2016-02,21000,岐阜県,2016,2358,-342,2026-07-04T15:37:29.282165+00:00
2016-02,22000,静岡県,3657,3764,-107,2026-07-04T15:37:29.282165+00:00
2016-02,23000,愛知県,8297,7456,841,2026-07-04T15:37:29.282165+00:00
2016-02,24000,三重県,2056,2212,-156,2026-07-04T15:37:29.282165+00:00
2016-02,25000,滋賀県,1832,1879,-47,2026-07-04T15:37:29.282165+00:00
2016-02,26000,京都府,3742,3970,-228,2026-07-04T15:37:29.282165+00:00
2016-02,27000,大阪府,10726,10864,-138,2026-07-04T15:37:29.282165+00:00
2016-02,28000,兵庫県,5964,6217,-253,2026-07-04T15:37:29.282165+00:00
2016-02,29000,奈良県,1589,2228,-639,2026-07-04T15:37:29.282165+00:00
2016-02,30000,和歌山県,776,1018,-242,2026-07-04T15:37:29.282165+00:00
2016-02,31000,鳥取県,614,516,98,2026-07-04T15:37:29.282165+00:00
2016-02,32000,島根県,634,752,-118,2026-07-04T15:37:29.282165+00:00
2016-02,33000,岡山県,1908,2105,-197,2026-07-04T15:37:29.282165+00:00
2016-02,34000,広島県,3011,3212,-201,2026-07-04T15:37:29.282165+00:00
2016-02,35000,山口県,1394,1463,-69,2026-07-04T15:37:29.282165+00:00
2016-02,36000,徳島県,594,636,-42,2026-07-04T15:37:29.282165+00:00
2016-02,37000,香川県,996,1132,-136,2026-07-04T15:37:29.282165+00:00
2016-02,38000,愛媛県,1276,1379,-103,2026-07-04T15:37:29.282165+00:00
2016-02,39000,高知県,593,662,-69,2026-07-04T15:37:29.282165+00:00
2016-02,40000,福岡県,6130,5903,227,2026-07-04T15:37:29.282165+00:00
2016-02,41000,佐賀県,1143,1014,129,2026-07-04T15:37:29.282165+00:00
2016-02,42000,長崎県,1303,1561,-258,2026-07-04T15:37:29.282165+00:00
2016-02,43000,熊本県,1647,1820,-173,2026-07-04T15:37:29.282165+00:00
2016-02,44000,大分県,1198,1235,-37,2026-07-04T15:37:29.282165+00:00
2016-02,45000,宮崎県,1151,1097,54,2026-07-04T15:37:29.282165+00:00
2016-02,46000,鹿児島県,1628,1691,-63,2026-07-04T15:37:29.282165+00:00
2016-02,47000,沖縄県,1614,1498,116,2026-07-04T15:37:29.282165+00:00
2016-03,01000,北海道,10032,15009,-4977,2026-07-04T15:37:29.282165+00:00
2016-03,02000,青森県,3512,6851,-3339,2026-07-04T15:37:29.282165+00:00
2016-03,03000,岩手県,3465,5933,-2468,2026-07-04T15:37:29.282165+00:00
2016-03,04000,宮城県,10870,12065,-1195,2026-07-04T15:37:29.282165+00:00
2016-03,05000,秋田県,2331,4501,-2170,2026-07-04T15:37:29.282165+00:00
2016-03,06000,山形県,2790,4988,-2198,2026-07-04T15:37:29.282165+00:00
2016-03,07000,福島県,5248,7775,-2527,2026-07-04T15:37:29.282165+00:00
2016-03,08000,茨城県,9586,12038,-2452,2026-07-04T15:37:29.282165+00:00
2016-03,09000,栃木県,6498,8589,-2091,2026-07-04T15:37:29.282165+00:00
2016-03,10000,群馬県,5740,7435,-1695,2026-07-04T15:37:29.282165+00:00
2016-03,11000,埼玉県,33729,27594,6135,2026-07-04T15:37:29.282165+00:00
2016-03,12000,千葉県,32377,25480,6897,2026-07-04T15:37:29.282165+00:00
2016-03,13000,東京都,97507,58944,38563,2026-07-04T15:37:29.282165+00:00
2016-03,14000,神奈川県,48050,34951,13099,2026-07-04T15:37:29.282165+00:00
2016-03,15000,新潟県,4673,7913,-3240,2026-07-04T15:37:29.282165+00:00
2016-03,16000,富山県,2797,3307,-510,2026-07-04T15:37:29.282165+00:00
2016-03,17000,石川県,3710,5114,-1404,2026-07-04T15:37:29.282165+00:00
2016-03,18000,福井県,1830,2715,-885,2026-07-04T15:37:29.282165+00:00
2016-03,19000,山梨県,2649,4052,-1403,2026-07-04T15:37:29.282165+00:00
2016-03,20000,長野県,5833,7748,-1915,2026-07-04T15:37:29.282165+00:00
2016-03,21000,岐阜県,5430,7299,-1869,2026-07-04T15:37:29.282165+00:00
2016-03,22000,静岡県,11015,14794,-3779,2026-07-04T15:37:29.282165+00:00
2016-03,23000,愛知県,26435,23238,3197,2026-07-04T15:37:29.282165+00:00
2016-03,24000,三重県,5682,6960,-1278,2026-07-04T15:37:29.282165+00:00
2016-03,25000,滋賀県,5191,5861,-670,2026-07-04T15:37:29.282165+00:00
2016-03,26000,京都府,12832,13211,-379,2026-07-04T15:37:29.282165+00:00
2016-03,27000,大阪府,33517,30474,3043,2026-07-04T15:37:29.282165+00:00
2016-03,28000,兵庫県,18995,20471,-1476,2026-07-04T15:37:29.282165+00:00
2016-03,29000,奈良県,4693,5526,-833,2026-07-04T15:37:29.282165+00:00
2016-03,30000,和歌山県,2130,3395,-1265,2026-07-04T15:37:29.282165+00:00
2016-03,31000,鳥取県,1868,2701,-833,2026-07-04T15:37:29.282165+00:00
2016-03,32000,島根県,2331,3195,-864,2026-07-04T15:37:29.282165+00:00
2016-03,33000,岡山県,6451,7503,-1052,2026-07-04T15:37:29.282165+00:00
2016-03,34000,広島県,10425,11777,-1352,2026-07-04T15:37:29.282165+00:00
2016-03,35000,山口県,4280,5911,-1631,2026-07-04T15:37:29.282165+00:00
2016-03,36000,徳島県,1966,2772,-806,2026-07-04T15:37:29.282165+00:00
2016-03,37000,香川県,4055,4604,-549,2026-07-04T15:37:29.282165+00:00
2016-03,38000,愛媛県,3741,5308,-1567,2026-07-04T15:37:29.282165+00:00
2016-03,39000,高知県,1814,3254,-1440,2026-07-04T15:37:29.282165+00:00
2016-03,40000,福岡県,22049,22396,-347,2026-07-04T15:37:29.282165+00:00
2016-03,41000,佐賀県,3078,4183,-1105,2026-07-04T15:37:29.282165+00:00
2016-03,42000,長崎県,4721,7440,-2719,2026-07-04T15:37:29.282165+00:00
2016-03,43000,熊本県,5700,7938,-2238,2026-07-04T15:37:29.282165+00:00
2016-03,44000,大分県,3775,5169,-1394,2026-07-04T15:37:29.282165+00:00
2016-03,45000,宮崎県,3362,5883,-2521,2026-07-04T15:37:29.282165+00:00
2016-03,46000,鹿児島県,5271,8025,-2754,2026-07-04T15:37:29.282165+00:00
2016-03,47000,沖縄県,4778,6522,-1744,2026-07-04T15:37:29.282165+00:00
2016-04,01000,北海道,10437,10756,-319,2026-07-04T15:37:29.282165+00:00
2016-04,02000,青森県,3185,4774,-1589,2026-07-04T15:37:29.282165+00:00
2016-04,03000,岩手県,3612,4507,-895,2026-07-04T15:37:29.282165+00:00
2016-04,04000,宮城県,10109,9567,542,2026-07-04T15:37:29.282165+00:00
2016-04,05000,秋田県,2283,3221,-938,2026-07-04T15:37:29.282165+00:00
2016-04,06000,山形県,2601,3373,-772,2026-07-04T15:37:29.282165+00:00
2016-04,07000,福島県,4569,5494,-925,2026-07-04T15:37:29.282165+00:00
2016-04,08000,茨城県,7965,8751,-786,2026-07-04T15:37:29.282165+00:00
2016-04,09000,栃木県,4832,5914,-1082,2026-07-04T15:37:29.282165+00:00
2016-04,10000,群馬県,4672,4972,-300,2026-07-04T15:37:29.282165+00:00
2016-04,11000,埼玉県,23864,20684,3180,2026-07-04T15:37:29.282165+00:00
2016-04,12000,千葉県,22727,19579,3148,2026-07-04T15:37:29.282165+00:00
2016-04,13000,東京都,62711,51281,11430,2026-07-04T15:37:29.282165+00:00
2016-04,14000,神奈川県,31079,28014,3065,2026-07-04T15:37:29.282165+00:00
2016-04,15000,新潟県,4311,5273,-962,2026-07-04T15:37:29.282165+00:00
2016-04,16000,富山県,2275,2372,-97,2026-07-04T15:37:29.282165+00:00
2016-04,17000,石川県,3718,3345,373,2026-07-04T15:37:29.282165+00:00
2016-04,18000,福井県,1512,1988,-476,2026-07-04T15:37:29.282165+00:00
2016-04,19000,山梨県,2524,2405,119,2026-07-04T15:37:29.282165+00:00
2016-04,20000,長野県,4496,5433,-937,2026-07-04T15:37:29.282165+00:00
2016-04,21000,岐阜県,4085,5253,-1168,2026-07-04T15:37:29.282165+00:00
2016-04,22000,静岡県,8818,9429,-611,2026-07-04T15:37:29.282165+00:00
2016-04,23000,愛知県,20337,18229,2108,2026-07-04T15:37:29.282165+00:00
2016-04,24000,三重県,4018,5097,-1079,2026-07-04T15:37:29.282165+00:00
2016-04,25000,滋賀県,4058,3818,240,2026-07-04T15:37:29.282165+00:00
2016-04,26000,京都府,9141,8740,401,2026-07-04T15:37:29.282165+00:00
2016-04,27000,大阪府,24618,24427,191,2026-07-04T15:37:29.282165+00:00
2016-04,28000,兵庫県,14771,15158,-387,2026-07-04T15:37:29.282165+00:00
2016-04,29000,奈良県,4011,4073,-62,2026-07-04T15:37:29.282165+00:00
2016-04,30000,和歌山県,1745,2647,-902,2026-07-04T15:37:29.282165+00:00
2016-04,31000,鳥取県,1748,2016,-268,2026-07-04T15:37:29.282165+00:00
2016-04,32000,島根県,2203,2471,-268,2026-07-04T15:37:29.282165+00:00
2016-04,33000,岡山県,5263,5627,-364,2026-07-04T15:37:29.282165+00:00
2016-04,34000,広島県,9276,9604,-328,2026-07-04T15:37:29.282165+00:00
2016-04,35000,山口県,4911,4560,351,2026-07-04T15:37:29.282165+00:00
2016-04,36000,徳島県,1642,2178,-536,2026-07-04T15:37:29.282165+00:00
2016-04,37000,香川県,3533,3547,-14,2026-07-04T15:37:29.282165+00:00
2016-04,38000,愛媛県,3249,4137,-888,2026-07-04T15:37:29.282165+00:00
2016-04,39000,高知県,1969,2304,-335,2026-07-04T15:37:29.282165+00:00
2016-04,40000,福岡県,18730,18375,355,2026-07-04T15:37:29.282165+00:00
2016-04,41000,佐賀県,2472,3228,-756,2026-07-04T15:37:29.282165+00:00
2016-04,42000,長崎県,4307,5633,-1326,2026-07-04T15:37:29.282165+00:00
2016-04,43000,熊本県,4579,6285,-1706,2026-07-04T15:37:29.282165+00:00
2016-04,44000,大分県,3226,3969,-743,2026-07-04T15:37:29.282165+00:00
2016-04,45000,宮崎県,3529,4677,-1148,2026-07-04T15:37:29.282165+00:00
2016-04,46000,鹿児島県,5182,6793,-1611,2026-07-04T15:37:29.282165+00:00
2016-04,47000,沖縄県,4491,5416,-925,2026-07-04T15:37:29.282165+00:00
2016-05,01000,北海道,3498,3657,-159,2026-07-04T15:37:29.282165+00:00
2016-05,02000,青森県,1059,1423,-364,2026-07-04T15:37:29.282165+00:00
2016-05,03000,岩手県,1217,1378,-161,2026-07-04T15:37:29.282165+00:00
2016-05,04000,宮城県,3399,3239,160,2026-07-04T15:37:29.282165+00:00
2016-05,05000,秋田県,856,1027,-171,2026-07-04T15:37:29.282165+00:00
2016-05,06000,山形県,955,999,-44,2026-07-04T15:37:29.282165+00:00
2016-05,07000,福島県,2158,2191,-33,2026-07-04T15:37:29.282165+00:00
2016-05,08000,茨城県,3744,4149,-405,2026-07-04T15:37:29.282165+00:00
2016-05,09000,栃木県,2680,2835,-155,2026-07-04T15:37:29.282165+00:00
2016-05,10000,群馬県,2425,2412,13,2026-07-04T15:37:29.282165+00:00
2016-05,11000,埼玉県,13415,12264,1151,2026-07-04T15:37:29.282165+00:00
2016-05,12000,千葉県,11677,11096,581,2026-07-04T15:37:29.282165+00:00
2016-05,13000,東京都,33072,28798,4274,2026-07-04T15:37:29.282165+00:00
2016-05,14000,神奈川県,16436,15850,586,2026-07-04T15:37:29.282165+00:00
2016-05,15000,新潟県,1545,1823,-278,2026-07-04T15:37:29.282165+00:00
2016-05,16000,富山県,888,975,-87,2026-07-04T15:37:29.282165+00:00
2016-05,17000,石川県,1401,1350,51,2026-07-04T15:37:29.282165+00:00
2016-05,18000,福井県,651,780,-129,2026-07-04T15:37:29.282165+00:00
2016-05,19000,山梨県,881,1035,-154,2026-07-04T15:37:29.282165+00:00
2016-05,20000,長野県,1944,2076,-132,2026-07-04T15:37:29.282165+00:00
2016-05,21000,岐阜県,2101,2578,-477,2026-07-04T15:37:29.282165+00:00
2016-05,22000,静岡県,3757,4051,-294,2026-07-04T15:37:29.282165+00:00
2016-05,23000,愛知県,9264,8457,807,2026-07-04T15:37:29.282165+00:00
2016-05,24000,三重県,2123,2425,-302,2026-07-04T15:37:29.282165+00:00
2016-05,25000,滋賀県,1965,2094,-129,2026-07-04T15:37:29.282165+00:00
2016-05,26000,京都府,3827,4253,-426,2026-07-04T15:37:29.282165+00:00
2016-05,27000,大阪府,12491,12784,-293,2026-07-04T15:37:29.282165+00:00
2016-05,28000,兵庫県,6789,7355,-566,2026-07-04T15:37:29.282165+00:00
2016-05,29000,奈良県,1721,2114,-393,2026-07-04T15:37:29.282165+00:00
2016-05,30000,和歌山県,774,1055,-281,2026-07-04T15:37:29.282165+00:00
2016-05,31000,鳥取県,628,600,28,2026-07-04T15:37:29.282165+00:00
2016-05,32000,島根県,772,730,42,2026-07-04T15:37:29.282165+00:00
2016-05,33000,岡山県,2224,2297,-73,2026-07-04T15:37:29.282165+00:00
2016-05,34000,広島県,3520,3702,-182,2026-07-04T15:37:29.282165+00:00
2016-05,35000,山口県,1510,1697,-187,2026-07-04T15:37:29.282165+00:00
2016-05,36000,徳島県,650,719,-69,2026-07-04T15:37:29.282165+00:00
2016-05,37000,香川県,1073,1153,-80,2026-07-04T15:37:29.282165+00:00
2016-05,38000,愛媛県,1178,1350,-172,2026-07-04T15:37:29.282165+00:00
2016-05,39000,高知県,611,692,-81,2026-07-04T15:37:29.282165+00:00
2016-05,40000,福岡県,6928,6985,-57,2026-07-04T15:37:29.282165+00:00
2016-05,41000,佐賀県,1104,1189,-85,2026-07-04T15:37:29.282165+00:00
2016-05,42000,長崎県,1433,1663,-230,2026-07-04T15:37:29.282165+00:00
2016-05,43000,熊本県,1553,2888,-1335,2026-07-04T15:37:29.282165+00:00
2016-05,44000,大分県,1351,1411,-60,2026-07-04T15:37:29.282165+00:00
2016-05,45000,宮崎県,1262,1261,1,2026-07-04T15:37:29.282165+00:00
2016-05,46000,鹿児島県,1798,1781,17,2026-07-04T15:37:29.282165+00:00
2016-05,47000,沖縄県,1794,1461,333,2026-07-04T15:37:29.282165+00:00
2016-06,01000,北海道,3119,2972,147,2026-07-04T15:37:29.282165+00:00
2016-06,02000,青森県,915,1169,-254,2026-07-04T15:37:29.282165+00:00
2016-06,03000,岩手県,1043,1151,-108,2026-07-04T15:37:29.282165+00:00
2016-06,04000,宮城県,2757,2511,246,2026-07-04T15:37:29.282165+00:00
2016-06,05000,秋田県,700,735,-35,2026-07-04T15:37:29.282165+00:00
2016-06,06000,山形県,649,792,-143,2026-07-04T15:37:29.282165+00:00
2016-06,07000,福島県,1601,1759,-158,2026-07-04T15:37:29.282165+00:00
2016-06,08000,茨城県,3355,3512,-157,2026-07-04T15:37:29.282165+00:00
2016-06,09000,栃木県,2336,2417,-81,2026-07-04T15:37:29.282165+00:00
2016-06,10000,群馬県,2082,1977,105,2026-07-04T15:37:29.282165+00:00
2016-06,11000,埼玉県,11812,10702,1110,2026-07-04T15:37:29.282165+00:00
2016-06,12000,千葉県,10212,9671,541,2026-07-04T15:37:29.282165+00:00
2016-06,13000,東京都,27523,25767,1756,2026-07-04T15:37:29.282165+00:00
2016-06,14000,神奈川県,13838,13812,26,2026-07-04T15:37:29.282165+00:00
2016-06,15000,新潟県,1389,1495,-106,2026-07-04T15:37:29.282165+00:00
2016-06,16000,富山県,743,862,-119,2026-07-04T15:37:29.282165+00:00
2016-06,17000,石川県,1248,1106,142,2026-07-04T15:37:29.282165+00:00
2016-06,18000,福井県,649,685,-36,2026-07-04T15:37:29.282165+00:00
2016-06,19000,山梨県,832,869,-37,2026-07-04T15:37:29.282165+00:00
2016-06,20000,長野県,1829,1769,60,2026-07-04T15:37:29.282165+00:00
2016-06,21000,岐阜県,1983,2350,-367,2026-07-04T15:37:29.282165+00:00
2016-06,22000,静岡県,3432,3588,-156,2026-07-04T15:37:29.282165+00:00
2016-06,23000,愛知県,7552,7210,342,2026-07-04T15:37:29.282165+00:00
2016-06,24000,三重県,1947,2113,-166,2026-07-04T15:37:29.282165+00:00
2016-06,25000,滋賀県,1715,1779,-64,2026-07-04T15:37:29.282165+00:00
2016-06,26000,京都府,3330,3479,-149,2026-07-04T15:37:29.282165+00:00
2016-06,27000,大阪府,10365,10382,-17,2026-07-04T15:37:29.282165+00:00
2016-06,28000,兵庫県,5585,6183,-598,2026-07-04T15:37:29.282165+00:00
2016-06,29000,奈良県,1418,1677,-259,2026-07-04T15:37:29.282165+00:00
2016-06,30000,和歌山県,795,856,-61,2026-07-04T15:37:29.282165+00:00
2016-06,31000,鳥取県,459,517,-58,2026-07-04T15:37:29.282165+00:00
2016-06,32000,島根県,628,676,-48,2026-07-04T15:37:29.282165+00:00
2016-06,33000,岡山県,1732,1885,-153,2026-07-04T15:37:29.282165+00:00
2016-06,34000,広島県,2719,2838,-119,2026-07-04T15:37:29.282165+00:00
2016-06,35000,山口県,1272,1473,-201,2026-07-04T15:37:29.282165+00:00
2016-06,36000,徳島県,606,602,4,2026-07-04T15:37:29.282165+00:00
2016-06,37000,香川県,975,1023,-48,2026-07-04T15:37:29.282165+00:00
2016-06,38000,愛媛県,995,1171,-176,2026-07-04T15:37:29.282165+00:00
2016-06,39000,高知県,497,538,-41,2026-07-04T15:37:29.282165+00:00
2016-06,40000,福岡県,6020,5557,463,2026-07-04T15:37:29.282165+00:00
2016-06,41000,佐賀県,973,1061,-88,2026-07-04T15:37:29.282165+00:00
2016-06,42000,長崎県,1378,1546,-168,2026-07-04T15:37:29.282165+00:00
2016-06,43000,熊本県,1429,2425,-996,2026-07-04T15:37:29.282165+00:00
2016-06,44000,大分県,1134,1121,13,2026-07-04T15:37:29.282165+00:00
2016-06,45000,宮崎県,1006,1212,-206,2026-07-04T15:37:29.282165+00:00
2016-06,46000,鹿児島県,1557,1418,139,2026-07-04T15:37:29.282165+00:00
2016-06,47000,沖縄県,1630,1351,279,2026-07-04T15:37:29.282165+00:00
2016-07,01000,北海道,3668,2880,788,2026-07-04T15:37:29.282165+00:00
2016-07,02000,青森県,1434,1358,76,2026-07-04T15:37:29.282165+00:00
2016-07,03000,岩手県,1275,1163,112,2026-07-04T15:37:29.282165+00:00
2016-07,04000,宮城県,3213,3331,-118,2026-07-04T15:37:29.282165+00:00
2016-07,05000,秋田県,854,955,-101,2026-07-04T15:37:29.282165+00:00
2016-07,06000,山形県,984,864,120,2026-07-04T15:37:29.282165+00:00
2016-07,07000,福島県,1772,2105,-333,2026-07-04T15:37:29.282165+00:00
2016-07,08000,茨城県,3414,3543,-129,2026-07-04T15:37:29.282165+00:00
2016-07,09000,栃木県,2266,2412,-146,2026-07-04T15:37:29.282165+00:00
2016-07,10000,群馬県,2124,1960,164,2026-07-04T15:37:29.282165+00:00
2016-07,11000,埼玉県,12405,11600,805,2026-07-04T15:37:29.282165+00:00
2016-07,12000,千葉県,9988,9959,29,2026-07-04T15:37:29.282165+00:00
2016-07,13000,東京都,28284,26553,1731,2026-07-04T15:37:29.282165+00:00
2016-07,14000,神奈川県,13817,14976,-1159,2026-07-04T15:37:29.282165+00:00
2016-07,15000,新潟県,1535,1571,-36,2026-07-04T15:37:29.282165+00:00
2016-07,16000,富山県,872,865,7,2026-07-04T15:37:29.282165+00:00
2016-07,17000,石川県,1280,1134,146,2026-07-04T15:37:29.282165+00:00
2016-07,18000,福井県,572,701,-129,2026-07-04T15:37:29.282165+00:00
2016-07,19000,山梨県,914,964,-50,2026-07-04T15:37:29.282165+00:00
2016-07,20000,長野県,1845,1706,139,2026-07-04T15:37:29.282165+00:00
2016-07,21000,岐阜県,1999,2211,-212,2026-07-04T15:37:29.282165+00:00
2016-07,22000,静岡県,3769,3675,94,2026-07-04T15:37:29.282165+00:00
2016-07,23000,愛知県,8136,7785,351,2026-07-04T15:37:29.282165+00:00
2016-07,24000,三重県,2161,2260,-99,2026-07-04T15:37:29.282165+00:00
2016-07,25000,滋賀県,1910,2179,-269,2026-07-04T15:37:29.282165+00:00
2016-07,26000,京都府,3717,3596,121,2026-07-04T15:37:29.282165+00:00
2016-07,27000,大阪府,10657,10869,-212,2026-07-04T15:37:29.282165+00:00
2016-07,28000,兵庫県,5990,6132,-142,2026-07-04T15:37:29.282165+00:00
2016-07,29000,奈良県,1528,1672,-144,2026-07-04T15:37:29.282165+00:00
2016-07,30000,和歌山県,695,845,-150,2026-07-04T15:37:29.282165+00:00
2016-07,31000,鳥取県,595,548,47,2026-07-04T15:37:29.282165+00:00
2016-07,32000,島根県,721,701,20,2026-07-04T15:37:29.282165+00:00
2016-07,33000,岡山県,1969,2090,-121,2026-07-04T15:37:29.282165+00:00
2016-07,34000,広島県,3009,3320,-311,2026-07-04T15:37:29.282165+00:00
2016-07,35000,山口県,1343,2413,-1070,2026-07-04T15:37:29.282165+00:00
2016-07,36000,徳島県,645,664,-19,2026-07-04T15:37:29.282165+00:00
2016-07,37000,香川県,1188,1370,-182,2026-07-04T15:37:29.282165+00:00
2016-07,38000,愛媛県,1186,1269,-83,2026-07-04T15:37:29.282165+00:00
2016-07,39000,高知県,565,673,-108,2026-07-04T15:37:29.282165+00:00
2016-07,40000,福岡県,6926,5765,1161,2026-07-04T15:37:29.282165+00:00
2016-07,41000,佐賀県,1050,1139,-89,2026-07-04T15:37:29.282165+00:00
2016-07,42000,長崎県,1528,1874,-346,2026-07-04T15:37:29.282165+00:00
2016-07,43000,熊本県,2134,2220,-86,2026-07-04T15:37:29.282165+00:00
2016-07,44000,大分県,1239,1278,-39,2026-07-04T15:37:29.282165+00:00
2016-07,45000,宮崎県,1290,1402,-112,2026-07-04T15:37:29.282165+00:00
2016-07,46000,鹿児島県,1718,1937,-219,2026-07-04T15:37:29.282165+00:00
2016-07,47000,沖縄県,1746,1443,303,2026-07-04T15:37:29.282165+00:00
2016-08,01000,北海道,3990,3856,134,2026-07-04T15:37:29.282165+00:00
2016-08,02000,青森県,1573,1746,-173,2026-07-04T15:37:29.282165+00:00
2016-08,03000,岩手県,1236,1297,-61,2026-07-04T15:37:29.282165+00:00
2016-08,04000,宮城県,3416,3201,215,2026-07-04T15:37:29.282165+00:00
2016-08,05000,秋田県,867,972,-105,2026-07-04T15:37:29.282165+00:00
2016-08,06000,山形県,935,1059,-124,2026-07-04T15:37:29.282165+00:00
2016-08,07000,福島県,1887,2091,-204,2026-07-04T15:37:29.282165+00:00
2016-08,08000,茨城県,3648,4140,-492,2026-07-04T15:37:29.282165+00:00
2016-08,09000,栃木県,2523,2810,-287,2026-07-04T15:37:29.282165+00:00
2016-08,10000,群馬県,2502,2361,141,2026-07-04T15:37:29.282165+00:00
2016-08,11000,埼玉県,13796,12173,1623,2026-07-04T15:37:29.282165+00:00
2016-08,12000,千葉県,11177,11205,-28,2026-07-04T15:37:29.282165+00:00
2016-08,13000,東京都,31303,28942,2361,2026-07-04T15:37:29.282165+00:00
2016-08,14000,神奈川県,16009,16169,-160,2026-07-04T15:37:29.282165+00:00
2016-08,15000,新潟県,1642,1792,-150,2026-07-04T15:37:29.282165+00:00
2016-08,16000,富山県,966,1053,-87,2026-07-04T15:37:29.282165+00:00
2016-08,17000,石川県,1330,1352,-22,2026-07-04T15:37:29.282165+00:00
2016-08,18000,福井県,717,833,-116,2026-07-04T15:37:29.282165+00:00
2016-08,19000,山梨県,922,999,-77,2026-07-04T15:37:29.282165+00:00
2016-08,20000,長野県,2036,1989,47,2026-07-04T15:37:29.282165+00:00
2016-08,21000,岐阜県,2207,2653,-446,2026-07-04T15:37:29.282165+00:00
2016-08,22000,静岡県,4188,4620,-432,2026-07-04T15:37:29.282165+00:00
2016-08,23000,愛知県,9186,8825,361,2026-07-04T15:37:29.282165+00:00
2016-08,24000,三重県,2446,2487,-41,2026-07-04T15:37:29.282165+00:00
2016-08,25000,滋賀県,2100,2038,62,2026-07-04T15:37:29.282165+00:00
2016-08,26000,京都府,4025,4135,-110,2026-07-04T15:37:29.282165+00:00
2016-08,27000,大阪府,11918,11994,-76,2026-07-04T15:37:29.282165+00:00
2016-08,28000,兵庫県,6918,7460,-542,2026-07-04T15:37:29.282165+00:00
2016-08,29000,奈良県,1743,1951,-208,2026-07-04T15:37:29.282165+00:00
2016-08,30000,和歌山県,768,1011,-243,2026-07-04T15:37:29.282165+00:00
2016-08,31000,鳥取県,639,712,-73,2026-07-04T15:37:29.282165+00:00
2016-08,32000,島根県,799,881,-82,2026-07-04T15:37:29.282165+00:00
2016-08,33000,岡山県,2194,2328,-134,2026-07-04T15:37:29.282165+00:00
2016-08,34000,広島県,3591,3811,-220,2026-07-04T15:37:29.282165+00:00
2016-08,35000,山口県,1819,1887,-68,2026-07-04T15:37:29.282165+00:00
2016-08,36000,徳島県,793,817,-24,2026-07-04T15:37:29.282165+00:00
2016-08,37000,香川県,1244,1265,-21,2026-07-04T15:37:29.282165+00:00
2016-08,38000,愛媛県,1328,1555,-227,2026-07-04T15:37:29.282165+00:00
2016-08,39000,高知県,691,731,-40,2026-07-04T15:37:29.282165+00:00
2016-08,40000,福岡県,7776,7209,567,2026-07-04T15:37:29.282165+00:00
2016-08,41000,佐賀県,1233,1255,-22,2026-07-04T15:37:29.282165+00:00
2016-08,42000,長崎県,1854,2136,-282,2026-07-04T15:37:29.282165+00:00
2016-08,43000,熊本県,2232,2623,-391,2026-07-04T15:37:29.282165+00:00
2016-08,44000,大分県,1506,1570,-64,2026-07-04T15:37:29.282165+00:00
2016-08,45000,宮崎県,1510,1553,-43,2026-07-04T15:37:29.282165+00:00
2016-08,46000,鹿児島県,2181,2043,138,2026-07-04T15:37:29.282165+00:00
2016-08,47000,沖縄県,2049,1823,226,2026-07-04T15:37:29.282165+00:00
2016-09,01000,北海道,3120,3260,-140,2026-07-04T15:37:29.282165+00:00
2016-09,02000,青森県,1231,1203,28,2026-07-04T15:37:29.282165+00:00
2016-09,03000,岩手県,1090,1088,2,2026-07-04T15:37:29.282165+00:00
2016-09,04000,宮城県,2642,2687,-45,2026-07-04T15:37:29.282165+00:00
2016-09,05000,秋田県,705,894,-189,2026-07-04T15:37:29.282165+00:00
2016-09,06000,山形県,789,846,-57,2026-07-04T15:37:29.282165+00:00
2016-09,07000,福島県,1696,1865,-169,2026-07-04T15:37:29.282165+00:00
2016-09,08000,茨城県,3315,3459,-144,2026-07-04T15:37:29.282165+00:00
2016-09,09000,栃木県,2205,2392,-187,2026-07-04T15:37:29.282165+00:00
2016-09,10000,群馬県,2024,2005,19,2026-07-04T15:37:29.282165+00:00
2016-09,11000,埼玉県,11708,10478,1230,2026-07-04T15:37:29.282165+00:00
2016-09,12000,千葉県,9898,9703,195,2026-07-04T15:37:29.282165+00:00
2016-09,13000,東京都,27675,25017,2658,2026-07-04T15:37:29.282165+00:00
2016-09,14000,神奈川県,13523,13497,26,2026-07-04T15:37:29.282165+00:00
2016-09,15000,新潟県,1298,1525,-227,2026-07-04T15:37:29.282165+00:00
2016-09,16000,富山県,761,813,-52,2026-07-04T15:37:29.282165+00:00
2016-09,17000,石川県,1090,1117,-27,2026-07-04T15:37:29.282165+00:00
2016-09,18000,福井県,594,683,-89,2026-07-04T15:37:29.282165+00:00
2016-09,19000,山梨県,823,920,-97,2026-07-04T15:37:29.282165+00:00
2016-09,20000,長野県,1762,1709,53,2026-07-04T15:37:29.282165+00:00
2016-09,21000,岐阜県,2108,2235,-127,2026-07-04T15:37:29.282165+00:00
2016-09,22000,静岡県,3506,3751,-245,2026-07-04T15:37:29.282165+00:00
2016-09,23000,愛知県,7337,7537,-200,2026-07-04T15:37:29.282165+00:00
2016-09,24000,三重県,2120,2098,22,2026-07-04T15:37:29.282165+00:00
2016-09,25000,滋賀県,1876,1654,222,2026-07-04T15:37:29.282165+00:00
2016-09,26000,京都府,3366,3683,-317,2026-07-04T15:37:29.282165+00:00
2016-09,27000,大阪府,9885,10226,-341,2026-07-04T15:37:29.282165+00:00
2016-09,28000,兵庫県,5374,6089,-715,2026-07-04T15:37:29.282165+00:00
2016-09,29000,奈良県,1558,1758,-200,2026-07-04T15:37:29.282165+00:00
2016-09,30000,和歌山県,705,868,-163,2026-07-04T15:37:29.282165+00:00
2016-09,31000,鳥取県,562,574,-12,2026-07-04T15:37:29.282165+00:00
2016-09,32000,島根県,635,625,10,2026-07-04T15:37:29.282165+00:00
2016-09,33000,岡山県,1808,2009,-201,2026-07-04T15:37:29.282165+00:00
2016-09,34000,広島県,3013,3065,-52,2026-07-04T15:37:29.282165+00:00
2016-09,35000,山口県,1463,1367,96,2026-07-04T15:37:29.282165+00:00
2016-09,36000,徳島県,593,643,-50,2026-07-04T15:37:29.282165+00:00
2016-09,37000,香川県,1025,1092,-67,2026-07-04T15:37:29.282165+00:00
2016-09,38000,愛媛県,1023,1120,-97,2026-07-04T15:37:29.282165+00:00
2016-09,39000,高知県,529,588,-59,2026-07-04T15:37:29.282165+00:00
2016-09,40000,福岡県,5742,5641,101,2026-07-04T15:37:29.282165+00:00
2016-09,41000,佐賀県,930,1062,-132,2026-07-04T15:37:29.282165+00:00
2016-09,42000,長崎県,1361,1574,-213,2026-07-04T15:37:29.282165+00:00
2016-09,43000,熊本県,1661,1885,-224,2026-07-04T15:37:29.282165+00:00
2016-09,44000,大分県,1150,1235,-85,2026-07-04T15:37:29.282165+00:00
2016-09,45000,宮崎県,1072,1102,-30,2026-07-04T15:37:29.282165+00:00
2016-09,46000,鹿児島県,1671,1473,198,2026-07-04T15:37:29.282165+00:00
2016-09,47000,沖縄県,1532,1439,93,2026-07-04T15:37:29.282165+00:00
2016-10,01000,北海道,3381,3596,-215,2026-07-04T15:37:29.282165+00:00
2016-10,02000,青森県,1196,1275,-79,2026-07-04T15:37:29.282165+00:00
2016-10,03000,岩手県,1182,1389,-207,2026-07-04T15:37:29.282165+00:00
2016-10,04000,宮城県,3296,3369,-73,2026-07-04T15:37:29.282165+00:00
2016-10,05000,秋田県,778,900,-122,2026-07-04T15:37:29.282165+00:00
2016-10,06000,山形県,923,936,-13,2026-07-04T15:37:29.282165+00:00
2016-10,07000,福島県,1802,2036,-234,2026-07-04T15:37:29.282165+00:00
2016-10,08000,茨城県,3581,3830,-249,2026-07-04T15:37:29.282165+00:00
2016-10,09000,栃木県,2478,2851,-373,2026-07-04T15:37:29.282165+00:00
2016-10,10000,群馬県,2317,2182,135,2026-07-04T15:37:29.282165+00:00
2016-10,11000,埼玉県,13069,11557,1512,2026-07-04T15:37:29.282165+00:00
2016-10,12000,千葉県,10771,10382,389,2026-07-04T15:37:29.282165+00:00
2016-10,13000,東京都,29400,27273,2127,2026-07-04T15:37:29.282165+00:00
2016-10,14000,神奈川県,15007,14793,214,2026-07-04T15:37:29.282165+00:00
2016-10,15000,新潟県,1540,1612,-72,2026-07-04T15:37:29.282165+00:00
2016-10,16000,富山県,889,961,-72,2026-07-04T15:37:29.282165+00:00
2016-10,17000,石川県,1291,1267,24,2026-07-04T15:37:29.282165+00:00
2016-10,18000,福井県,661,731,-70,2026-07-04T15:37:29.282165+00:00
2016-10,19000,山梨県,892,1012,-120,2026-07-04T15:37:29.282165+00:00
2016-10,20000,長野県,1855,1900,-45,2026-07-04T15:37:29.282165+00:00
2016-10,21000,岐阜県,2077,2484,-407,2026-07-04T15:37:29.282165+00:00
2016-10,22000,静岡県,3755,3858,-103,2026-07-04T15:37:29.282165+00:00
2016-10,23000,愛知県,8582,8289,293,2026-07-04T15:37:29.282165+00:00
2016-10,24000,三重県,2115,2364,-249,2026-07-04T15:37:29.282165+00:00
2016-10,25000,滋賀県,1896,1872,24,2026-07-04T15:37:29.282165+00:00
2016-10,26000,京都府,3941,3642,299,2026-07-04T15:37:29.282165+00:00
2016-10,27000,大阪府,11029,11616,-587,2026-07-04T15:37:29.282165+00:00
2016-10,28000,兵庫県,6137,6461,-324,2026-07-04T15:37:29.282165+00:00
2016-10,29000,奈良県,1570,1969,-399,2026-07-04T15:37:29.282165+00:00
2016-10,30000,和歌山県,803,949,-146,2026-07-04T15:37:29.282165+00:00
2016-10,31000,鳥取県,579,649,-70,2026-07-04T15:37:29.282165+00:00
2016-10,32000,島根県,700,729,-29,2026-07-04T15:37:29.282165+00:00
2016-10,33000,岡山県,1959,2048,-89,2026-07-04T15:37:29.282165+00:00
2016-10,34000,広島県,3111,3478,-367,2026-07-04T15:37:29.282165+00:00
2016-10,35000,山口県,1354,1561,-207,2026-07-04T15:37:29.282165+00:00
2016-10,36000,徳島県,633,639,-6,2026-07-04T15:37:29.282165+00:00
2016-10,37000,香川県,1153,1177,-24,2026-07-04T15:37:29.282165+00:00
2016-10,38000,愛媛県,1183,1254,-71,2026-07-04T15:37:29.282165+00:00
2016-10,39000,高知県,551,603,-52,2026-07-04T15:37:29.282165+00:00
2016-10,40000,福岡県,6509,6376,133,2026-07-04T15:37:29.282165+00:00
2016-10,41000,佐賀県,1047,1072,-25,2026-07-04T15:37:29.282165+00:00
2016-10,42000,長崎県,1406,1436,-30,2026-07-04T15:37:29.282165+00:00
2016-10,43000,熊本県,1837,1835,2,2026-07-04T15:37:29.282165+00:00
2016-10,44000,大分県,1171,1277,-106,2026-07-04T15:37:29.282165+00:00
2016-10,45000,宮崎県,1175,1254,-79,2026-07-04T15:37:29.282165+00:00
2016-10,46000,鹿児島県,1705,1700,5,2026-07-04T15:37:29.282165+00:00
2016-10,47000,沖縄県,1659,1502,157,2026-07-04T15:37:29.282165+00:00
2016-11,01000,北海道,2484,2692,-208,2026-07-04T15:37:29.282165+00:00
2016-11,02000,青森県,929,980,-51,2026-07-04T15:37:29.282165+00:00
2016-11,03000,岩手県,903,917,-14,2026-07-04T15:37:29.282165+00:00
2016-11,04000,宮城県,2084,2252,-168,2026-07-04T15:37:29.282165+00:00
2016-11,05000,秋田県,558,754,-196,2026-07-04T15:37:29.282165+00:00
2016-11,06000,山形県,690,755,-65,2026-07-04T15:37:29.282165+00:00
2016-11,07000,福島県,1458,1781,-323,2026-07-04T15:37:29.282165+00:00
2016-11,08000,茨城県,3092,3124,-32,2026-07-04T15:37:29.282165+00:00
2016-11,09000,栃木県,2010,2169,-159,2026-07-04T15:37:29.282165+00:00
2016-11,10000,群馬県,1928,1793,135,2026-07-04T15:37:29.282165+00:00
2016-11,11000,埼玉県,11517,9921,1596,2026-07-04T15:37:29.282165+00:00
2016-11,12000,千葉県,9503,9002,501,2026-07-04T15:37:29.282165+00:00
2016-11,13000,東京都,25475,24358,1117,2026-07-04T15:37:29.282165+00:00
2016-11,14000,神奈川県,12953,12920,33,2026-07-04T15:37:29.282165+00:00
2016-11,15000,新潟県,1143,1258,-115,2026-07-04T15:37:29.282165+00:00
2016-11,16000,富山県,711,779,-68,2026-07-04T15:37:29.282165+00:00
2016-11,17000,石川県,1006,907,99,2026-07-04T15:37:29.282165+00:00
2016-11,18000,福井県,521,581,-60,2026-07-04T15:37:29.282165+00:00
2016-11,19000,山梨県,751,794,-43,2026-07-04T15:37:29.282165+00:00
2016-11,20000,長野県,1482,1549,-67,2026-07-04T15:37:29.282165+00:00
2016-11,21000,岐阜県,1819,2122,-303,2026-07-04T15:37:29.282165+00:00
2016-11,22000,静岡県,2855,2967,-112,2026-07-04T15:37:29.282165+00:00
2016-11,23000,愛知県,6584,6267,317,2026-07-04T15:37:29.282165+00:00
2016-11,24000,三重県,1815,1805,10,2026-07-04T15:37:29.282165+00:00
2016-11,25000,滋賀県,1561,1610,-49,2026-07-04T15:37:29.282165+00:00
2016-11,26000,京都府,3082,3169,-87,2026-07-04T15:37:29.282165+00:00
2016-11,27000,大阪府,8919,9368,-449,2026-07-04T15:37:29.282165+00:00
2016-11,28000,兵庫県,5094,5339,-245,2026-07-04T15:37:29.282165+00:00
2016-11,29000,奈良県,1509,1613,-104,2026-07-04T15:37:29.282165+00:00
2016-11,30000,和歌山県,641,776,-135,2026-07-04T15:37:29.282165+00:00
2016-11,31000,鳥取県,428,504,-76,2026-07-04T15:37:29.282165+00:00
2016-11,32000,島根県,583,598,-15,2026-07-04T15:37:29.282165+00:00
2016-11,33000,岡山県,1474,1588,-114,2026-07-04T15:37:29.282165+00:00
2016-11,34000,広島県,2258,2652,-394,2026-07-04T15:37:29.282165+00:00
2016-11,35000,山口県,1034,1101,-67,2026-07-04T15:37:29.282165+00:00
2016-11,36000,徳島県,496,629,-133,2026-07-04T15:37:29.282165+00:00
2016-11,37000,香川県,797,935,-138,2026-07-04T15:37:29.282165+00:00
2016-11,38000,愛媛県,884,931,-47,2026-07-04T15:37:29.282165+00:00
2016-11,39000,高知県,473,464,9,2026-07-04T15:37:29.282165+00:00
2016-11,40000,福岡県,4837,4770,67,2026-07-04T15:37:29.282165+00:00
2016-11,41000,佐賀県,836,815,21,2026-07-04T15:37:29.282165+00:00
2016-11,42000,長崎県,1084,1196,-112,2026-07-04T15:37:29.282165+00:00
2016-11,43000,熊本県,1488,1380,108,2026-07-04T15:37:29.282165+00:00
2016-11,44000,大分県,1065,986,79,2026-07-04T15:37:29.282165+00:00
2016-11,45000,宮崎県,869,919,-50,2026-07-04T15:37:29.282165+00:00
2016-11,46000,鹿児島県,1262,1229,33,2026-07-04T15:37:29.282165+00:00
2016-11,47000,沖縄県,1330,1256,74,2026-07-04T15:37:29.282165+00:00
2016-12,01000,北海道,2375,2374,1,2026-07-04T15:37:29.282165+00:00
2016-12,02000,青森県,803,962,-159,2026-07-04T15:37:29.282165+00:00
2016-12,03000,岩手県,849,854,-5,2026-07-04T15:37:29.282165+00:00
2016-12,04000,宮城県,2191,2103,88,2026-07-04T15:37:29.282165+00:00
2016-12,05000,秋田県,499,574,-75,2026-07-04T15:37:29.282165+00:00
2016-12,06000,山形県,665,701,-36,2026-07-04T15:37:29.282165+00:00
2016-12,07000,福島県,1392,1633,-241,2026-07-04T15:37:29.282165+00:00
2016-12,08000,茨城県,2916,3112,-196,2026-07-04T15:37:29.282165+00:00
2016-12,09000,栃木県,1915,2157,-242,2026-07-04T15:37:29.282165+00:00
2016-12,10000,群馬県,1840,1773,67,2026-07-04T15:37:29.282165+00:00
2016-12,11000,埼玉県,11099,9950,1149,2026-07-04T15:37:29.282165+00:00
2016-12,12000,千葉県,9207,8824,383,2026-07-04T15:37:29.282165+00:00
2016-12,13000,東京都,25302,24645,657,2026-07-04T15:37:29.282165+00:00
2016-12,14000,神奈川県,13162,13278,-116,2026-07-04T15:37:29.282165+00:00
2016-12,15000,新潟県,1052,1239,-187,2026-07-04T15:37:29.282165+00:00
2016-12,16000,富山県,749,686,63,2026-07-04T15:37:29.282165+00:00
2016-12,17000,石川県,834,916,-82,2026-07-04T15:37:29.282165+00:00
2016-12,18000,福井県,519,493,26,2026-07-04T15:37:29.282165+00:00
2016-12,19000,山梨県,704,777,-73,2026-07-04T15:37:29.282165+00:00
2016-12,20000,長野県,1568,1443,125,2026-07-04T15:37:29.282165+00:00
2016-12,21000,岐阜県,1699,2180,-481,2026-07-04T15:37:29.282165+00:00
2016-12,22000,静岡県,2936,3084,-148,2026-07-04T15:37:29.282165+00:00
2016-12,23000,愛知県,6629,6690,-61,2026-07-04T15:37:29.282165+00:00
2016-12,24000,三重県,1661,1724,-63,2026-07-04T15:37:29.282165+00:00
2016-12,25000,滋賀県,1606,1631,-25,2026-07-04T15:37:29.282165+00:00
2016-12,26000,京都府,3057,3172,-115,2026-07-04T15:37:29.282165+00:00
2016-12,27000,大阪府,8943,9393,-450,2026-07-04T15:37:29.282165+00:00
2016-12,28000,兵庫県,5029,5447,-418,2026-07-04T15:37:29.282165+00:00
2016-12,29000,奈良県,1446,1600,-154,2026-07-04T15:37:29.282165+00:00
2016-12,30000,和歌山県,640,681,-41,2026-07-04T15:37:29.282165+00:00
2016-12,31000,鳥取県,480,463,17,2026-07-04T15:37:29.282165+00:00
2016-12,32000,島根県,554,551,3,2026-07-04T15:37:29.282165+00:00
2016-12,33000,岡山県,1521,1503,18,2026-07-04T15:37:29.282165+00:00
2016-12,34000,広島県,2243,2536,-293,2026-07-04T15:37:29.282165+00:00
2016-12,35000,山口県,1207,1248,-41,2026-07-04T15:37:29.282165+00:00
2016-12,36000,徳島県,518,543,-25,2026-07-04T15:37:29.282165+00:00
2016-12,37000,香川県,919,910,9,2026-07-04T15:37:29.282165+00:00
2016-12,38000,愛媛県,956,1007,-51,2026-07-04T15:37:29.282165+00:00
2016-12,39000,高知県,455,433,22,2026-07-04T15:37:29.282165+00:00
2016-12,40000,福岡県,4938,4624,314,2026-07-04T15:37:29.282165+00:00
2016-12,41000,佐賀県,853,787,66,2026-07-04T15:37:29.282165+00:00
2016-12,42000,長崎県,1122,1191,-69,2026-07-04T15:37:29.282165+00:00
2016-12,43000,熊本県,1466,1351,115,2026-07-04T15:37:29.282165+00:00
2016-12,44000,大分県,1031,917,114,2026-07-04T15:37:29.282165+00:00
2016-12,45000,宮崎県,980,855,125,2026-07-04T15:37:29.282165+00:00
2016-12,46000,鹿児島県,1434,1169,265,2026-07-04T15:37:29.282165+00:00
2016-12,47000,沖縄県,1395,1175,220,2026-07-04T15:37:29.282165+00:00
2017-01,01000,北海道,2390,2687,-297,2026-07-04T15:37:29.282165+00:00
2017-01,02000,青森県,841,995,-154,2026-07-04T15:37:29.282165+00:00
2017-01,03000,岩手県,911,961,-50,2026-07-04T15:37:29.282165+00:00
2017-01,04000,宮城県,2378,2262,116,2026-07-04T15:37:29.282165+00:00
2017-01,05000,秋田県,544,705,-161,2026-07-04T15:37:29.282165+00:00
2017-01,06000,山形県,759,705,54,2026-07-04T15:37:29.282165+00:00
2017-01,07000,福島県,1572,1880,-308,2026-07-04T15:37:29.282165+00:00
2017-01,08000,茨城県,3197,3356,-159,2026-07-04T15:37:29.282165+00:00
2017-01,09000,栃木県,2187,2265,-78,2026-07-04T15:37:29.282165+00:00
2017-01,10000,群馬県,2033,1960,73,2026-07-04T15:37:29.282165+00:00
2017-01,11000,埼玉県,10992,9819,1173,2026-07-04T15:37:29.282165+00:00
2017-01,12000,千葉県,9197,9299,-102,2026-07-04T15:37:29.282165+00:00
2017-01,13000,東京都,26384,23546,2838,2026-07-04T15:37:29.282165+00:00
2017-01,14000,神奈川県,13198,12513,685,2026-07-04T15:37:29.282165+00:00
2017-01,15000,新潟県,1131,1373,-242,2026-07-04T15:37:29.282165+00:00
2017-01,16000,富山県,760,742,18,2026-07-04T15:37:29.282165+00:00
2017-01,17000,石川県,1003,1018,-15,2026-07-04T15:37:29.282165+00:00
2017-01,18000,福井県,512,536,-24,2026-07-04T15:37:29.282165+00:00
2017-01,19000,山梨県,750,932,-182,2026-07-04T15:37:29.282165+00:00
2017-01,20000,長野県,1525,1667,-142,2026-07-04T15:37:29.282165+00:00
2017-01,21000,岐阜県,1794,2232,-438,2026-07-04T15:37:29.282165+00:00
2017-01,22000,静岡県,3331,3435,-104,2026-07-04T15:37:29.282165+00:00
2017-01,23000,愛知県,7268,7371,-103,2026-07-04T15:37:29.282165+00:00
2017-01,24000,三重県,1878,2073,-195,2026-07-04T15:37:29.282165+00:00
2017-01,25000,滋賀県,1551,1614,-63,2026-07-04T15:37:29.282165+00:00
2017-01,26000,京都府,2895,3216,-321,2026-07-04T15:37:29.282165+00:00
2017-01,27000,大阪府,9272,9746,-474,2026-07-04T15:37:29.282165+00:00
2017-01,28000,兵庫県,5173,5623,-450,2026-07-04T15:37:29.282165+00:00
2017-01,29000,奈良県,1318,1640,-322,2026-07-04T15:37:29.282165+00:00
2017-01,30000,和歌山県,727,779,-52,2026-07-04T15:37:29.282165+00:00
2017-01,31000,鳥取県,463,524,-61,2026-07-04T15:37:29.282165+00:00
2017-01,32000,島根県,542,721,-179,2026-07-04T15:37:29.282165+00:00
2017-01,33000,岡山県,1639,1735,-96,2026-07-04T15:37:29.282165+00:00
2017-01,34000,広島県,2677,2892,-215,2026-07-04T15:37:29.282165+00:00
2017-01,35000,山口県,1172,1236,-64,2026-07-04T15:37:29.282165+00:00
2017-01,36000,徳島県,542,598,-56,2026-07-04T15:37:29.282165+00:00
2017-01,37000,香川県,1007,989,18,2026-07-04T15:37:29.282165+00:00
2017-01,38000,愛媛県,1025,1154,-129,2026-07-04T15:37:29.282165+00:00
2017-01,39000,高知県,482,541,-59,2026-07-04T15:37:29.282165+00:00
2017-01,40000,福岡県,5432,5258,174,2026-07-04T15:37:29.282165+00:00
2017-01,41000,佐賀県,939,930,9,2026-07-04T15:37:29.282165+00:00
2017-01,42000,長崎県,1311,1483,-172,2026-07-04T15:37:29.282165+00:00
2017-01,43000,熊本県,1554,1557,-3,2026-07-04T15:37:29.282165+00:00
2017-01,44000,大分県,1057,1089,-32,2026-07-04T15:37:29.282165+00:00
2017-01,45000,宮崎県,1066,1027,39,2026-07-04T15:37:29.282165+00:00
2017-01,46000,鹿児島県,1435,1478,-43,2026-07-04T15:37:29.282165+00:00
2017-01,47000,沖縄県,1661,1313,348,2026-07-04T15:37:29.282165+00:00
2017-02,01000,北海道,2495,2726,-231,2026-07-04T15:37:29.282165+00:00
2017-02,02000,青森県,874,1061,-187,2026-07-04T15:37:29.282165+00:00
2017-02,03000,岩手県,917,995,-78,2026-07-04T15:37:29.282165+00:00
2017-02,04000,宮城県,2391,2408,-17,2026-07-04T15:37:29.282165+00:00
2017-02,05000,秋田県,637,719,-82,2026-07-04T15:37:29.282165+00:00
2017-02,06000,山形県,656,792,-136,2026-07-04T15:37:29.282165+00:00
2017-02,07000,福島県,1399,2123,-724,2026-07-04T15:37:29.282165+00:00
2017-02,08000,茨城県,3200,3667,-467,2026-07-04T15:37:29.282165+00:00
2017-02,09000,栃木県,2314,2331,-17,2026-07-04T15:37:29.282165+00:00
2017-02,10000,群馬県,2240,2060,180,2026-07-04T15:37:29.282165+00:00
2017-02,11000,埼玉県,12064,10804,1260,2026-07-04T15:37:29.282165+00:00
2017-02,12000,千葉県,10155,9900,255,2026-07-04T15:37:29.282165+00:00
2017-02,13000,東京都,29597,25916,3681,2026-07-04T15:37:29.282165+00:00
2017-02,14000,神奈川県,14058,13976,82,2026-07-04T15:37:29.282165+00:00
2017-02,15000,新潟県,1240,1638,-398,2026-07-04T15:37:29.282165+00:00
2017-02,16000,富山県,772,717,55,2026-07-04T15:37:29.282165+00:00
2017-02,17000,石川県,1052,1167,-115,2026-07-04T15:37:29.282165+00:00
2017-02,18000,福井県,574,703,-129,2026-07-04T15:37:29.282165+00:00
2017-02,19000,山梨県,805,1247,-442,2026-07-04T15:37:29.282165+00:00
2017-02,20000,長野県,1699,1768,-69,2026-07-04T15:37:29.282165+00:00
2017-02,21000,岐阜県,1954,2269,-315,2026-07-04T15:37:29.282165+00:00
2017-02,22000,静岡県,3453,3524,-71,2026-07-04T15:37:29.282165+00:00
2017-02,23000,愛知県,7436,7163,273,2026-07-04T15:37:29.282165+00:00
2017-02,24000,三重県,1787,2293,-506,2026-07-04T15:37:29.282165+00:00
2017-02,25000,滋賀県,1795,1686,109,2026-07-04T15:37:29.282165+00:00
2017-02,26000,京都府,3355,3942,-587,2026-07-04T15:37:29.282165+00:00
2017-02,27000,大阪府,10054,9766,288,2026-07-04T15:37:29.282165+00:00
2017-02,28000,兵庫県,5763,6032,-269,2026-07-04T15:37:29.282165+00:00
2017-02,29000,奈良県,1517,2177,-660,2026-07-04T15:37:29.282165+00:00
2017-02,30000,和歌山県,730,856,-126,2026-07-04T15:37:29.282165+00:00
2017-02,31000,鳥取県,507,494,13,2026-07-04T15:37:29.282165+00:00
2017-02,32000,島根県,625,768,-143,2026-07-04T15:37:29.282165+00:00
2017-02,33000,岡山県,1711,1962,-251,2026-07-04T15:37:29.282165+00:00
2017-02,34000,広島県,2740,3078,-338,2026-07-04T15:37:29.282165+00:00
2017-02,35000,山口県,1234,1481,-247,2026-07-04T15:37:29.282165+00:00
2017-02,36000,徳島県,646,691,-45,2026-07-04T15:37:29.282165+00:00
2017-02,37000,香川県,1017,1061,-44,2026-07-04T15:37:29.282165+00:00
2017-02,38000,愛媛県,1183,1279,-96,2026-07-04T15:37:29.282165+00:00
2017-02,39000,高知県,526,641,-115,2026-07-04T15:37:29.282165+00:00
2017-02,40000,福岡県,6248,5532,716,2026-07-04T15:37:29.282165+00:00
2017-02,41000,佐賀県,1042,1040,2,2026-07-04T15:37:29.282165+00:00
2017-02,42000,長崎県,1359,1586,-227,2026-07-04T15:37:29.282165+00:00
2017-02,43000,熊本県,1697,1664,33,2026-07-04T15:37:29.282165+00:00
2017-02,44000,大分県,1163,1263,-100,2026-07-04T15:37:29.282165+00:00
2017-02,45000,宮崎県,1163,1028,135,2026-07-04T15:37:29.282165+00:00
2017-02,46000,鹿児島県,1424,1522,-98,2026-07-04T15:37:29.282165+00:00
2017-02,47000,沖縄県,1592,1344,248,2026-07-04T15:37:29.282165+00:00
2017-03,01000,北海道,10338,14580,-4242,2026-07-04T15:37:29.282165+00:00
2017-03,02000,青森県,3724,7022,-3298,2026-07-04T15:37:29.282165+00:00
2017-03,03000,岩手県,3373,5810,-2437,2026-07-04T15:37:29.282165+00:00
2017-03,04000,宮城県,10589,12196,-1607,2026-07-04T15:37:29.282165+00:00
2017-03,05000,秋田県,2183,4433,-2250,2026-07-04T15:37:29.282165+00:00
2017-03,06000,山形県,2606,4943,-2337,2026-07-04T15:37:29.282165+00:00
2017-03,07000,福島県,5105,8024,-2919,2026-07-04T15:37:29.282165+00:00
2017-03,08000,茨城県,9490,12302,-2812,2026-07-04T15:37:29.282165+00:00
2017-03,09000,栃木県,6722,8689,-1967,2026-07-04T15:37:29.282165+00:00
2017-03,10000,群馬県,5750,7608,-1858,2026-07-04T15:37:29.282165+00:00
2017-03,11000,埼玉県,35239,28083,7156,2026-07-04T15:37:29.282165+00:00
2017-03,12000,千葉県,32826,25906,6920,2026-07-04T15:37:29.282165+00:00
2017-03,13000,東京都,99944,60613,39331,2026-07-04T15:37:29.282165+00:00
2017-03,14000,神奈川県,48268,35680,12588,2026-07-04T15:37:29.282165+00:00
2017-03,15000,新潟県,4710,8290,-3580,2026-07-04T15:37:29.282165+00:00
2017-03,16000,富山県,2849,3350,-501,2026-07-04T15:37:29.282165+00:00
2017-03,17000,石川県,4064,5053,-989,2026-07-04T15:37:29.282165+00:00
2017-03,18000,福井県,2031,2544,-513,2026-07-04T15:37:29.282165+00:00
2017-03,19000,山梨県,2451,4338,-1887,2026-07-04T15:37:29.282165+00:00
2017-03,20000,長野県,5803,7741,-1938,2026-07-04T15:37:29.282165+00:00
2017-03,21000,岐阜県,5604,7516,-1912,2026-07-04T15:37:29.282165+00:00
2017-03,22000,静岡県,11454,14250,-2796,2026-07-04T15:37:29.282165+00:00
2017-03,23000,愛知県,26637,23440,3197,2026-07-04T15:37:29.282165+00:00
2017-03,24000,三重県,5441,7070,-1629,2026-07-04T15:37:29.282165+00:00
2017-03,25000,滋賀県,5252,5936,-684,2026-07-04T15:37:29.282165+00:00
2017-03,26000,京都府,13264,13147,117,2026-07-04T15:37:29.282165+00:00
2017-03,27000,大阪府,33092,30486,2606,2026-07-04T15:37:29.282165+00:00
2017-03,28000,兵庫県,18266,20154,-1888,2026-07-04T15:37:29.282165+00:00
2017-03,29000,奈良県,4618,5613,-995,2026-07-04T15:37:29.282165+00:00
2017-03,30000,和歌山県,2187,3250,-1063,2026-07-04T15:37:29.282165+00:00
2017-03,31000,鳥取県,1855,2741,-886,2026-07-04T15:37:29.282165+00:00
2017-03,32000,島根県,2131,3042,-911,2026-07-04T15:37:29.282165+00:00
2017-03,33000,岡山県,6528,7355,-827,2026-07-04T15:37:29.282165+00:00
2017-03,34000,広島県,10376,11938,-1562,2026-07-04T15:37:29.282165+00:00
2017-03,35000,山口県,4131,5982,-1851,2026-07-04T15:37:29.282165+00:00
2017-03,36000,徳島県,1940,3093,-1153,2026-07-04T15:37:29.282165+00:00
2017-03,37000,香川県,3883,4614,-731,2026-07-04T15:37:29.282165+00:00
2017-03,38000,愛媛県,3704,5164,-1460,2026-07-04T15:37:29.282165+00:00
2017-03,39000,高知県,1806,3244,-1438,2026-07-04T15:37:29.282165+00:00
2017-03,40000,福岡県,22467,22077,390,2026-07-04T15:37:29.282165+00:00
2017-03,41000,佐賀県,3350,4211,-861,2026-07-04T15:37:29.282165+00:00
2017-03,42000,長崎県,4803,7667,-2864,2026-07-04T15:37:29.282165+00:00
2017-03,43000,熊本県,5336,8180,-2844,2026-07-04T15:37:29.282165+00:00
2017-03,44000,大分県,3365,4978,-1613,2026-07-04T15:37:29.282165+00:00
2017-03,45000,宮崎県,3477,5728,-2251,2026-07-04T15:37:29.282165+00:00
2017-03,46000,鹿児島県,4962,7783,-2821,2026-07-04T15:37:29.282165+00:00
2017-03,47000,沖縄県,4782,6912,-2130,2026-07-04T15:37:29.282165+00:00
2017-04,01000,北海道,10523,11005,-482,2026-07-04T15:37:29.282165+00:00
2017-04,02000,青森県,3207,4885,-1678,2026-07-04T15:37:29.282165+00:00
2017-04,03000,岩手県,3439,4637,-1198,2026-07-04T15:37:29.282165+00:00
2017-04,04000,宮城県,10075,9911,164,2026-07-04T15:37:29.282165+00:00
2017-04,05000,秋田県,2232,3244,-1012,2026-07-04T15:37:29.282165+00:00
2017-04,06000,山形県,2732,3449,-717,2026-07-04T15:37:29.282165+00:00
2017-04,07000,福島県,4394,6078,-1684,2026-07-04T15:37:29.282165+00:00
2017-04,08000,茨城県,8203,9166,-963,2026-07-04T15:37:29.282165+00:00
2017-04,09000,栃木県,5269,6111,-842,2026-07-04T15:37:29.282165+00:00
2017-04,10000,群馬県,4912,5158,-246,2026-07-04T15:37:29.282165+00:00
2017-04,11000,埼玉県,24880,21630,3250,2026-07-04T15:37:29.282165+00:00
2017-04,12000,千葉県,23747,20540,3207,2026-07-04T15:37:29.282165+00:00
2017-04,13000,東京都,65279,52755,12524,2026-07-04T15:37:29.282165+00:00
2017-04,14000,神奈川県,32229,28434,3795,2026-07-04T15:37:29.282165+00:00
2017-04,15000,新潟県,4374,5540,-1166,2026-07-04T15:37:29.282165+00:00
2017-04,16000,富山県,2384,2610,-226,2026-07-04T15:37:29.282165+00:00
2017-04,17000,石川県,3760,3567,193,2026-07-04T15:37:29.282165+00:00
2017-04,18000,福井県,1670,2072,-402,2026-07-04T15:37:29.282165+00:00
2017-04,19000,山梨県,2515,2569,-54,2026-07-04T15:37:29.282165+00:00
2017-04,20000,長野県,4780,5470,-690,2026-07-04T15:37:29.282165+00:00
2017-04,21000,岐阜県,3909,5524,-1615,2026-07-04T15:37:29.282165+00:00
2017-04,22000,静岡県,8931,9722,-791,2026-07-04T15:37:29.282165+00:00
2017-04,23000,愛知県,20995,19338,1657,2026-07-04T15:37:29.282165+00:00
2017-04,24000,三重県,4240,5131,-891,2026-07-04T15:37:29.282165+00:00
2017-04,25000,滋賀県,4408,3862,546,2026-07-04T15:37:29.282165+00:00
2017-04,26000,京都府,9522,8740,782,2026-07-04T15:37:29.282165+00:00
2017-04,27000,大阪府,25617,25586,31,2026-07-04T15:37:29.282165+00:00
2017-04,28000,兵庫県,15623,15805,-182,2026-07-04T15:37:29.282165+00:00
2017-04,29000,奈良県,4212,4038,174,2026-07-04T15:37:29.282165+00:00
2017-04,30000,和歌山県,1910,2734,-824,2026-07-04T15:37:29.282165+00:00
2017-04,31000,鳥取県,1885,2068,-183,2026-07-04T15:37:29.282165+00:00
2017-04,32000,島根県,2173,2534,-361,2026-07-04T15:37:29.282165+00:00
2017-04,33000,岡山県,5084,5899,-815,2026-07-04T15:37:29.282165+00:00
2017-04,34000,広島県,9968,9938,30,2026-07-04T15:37:29.282165+00:00
2017-04,35000,山口県,5096,4650,446,2026-07-04T15:37:29.282165+00:00
2017-04,36000,徳島県,1781,2226,-445,2026-07-04T15:37:29.282165+00:00
2017-04,37000,香川県,3791,3687,104,2026-07-04T15:37:29.282165+00:00
2017-04,38000,愛媛県,3327,4291,-964,2026-07-04T15:37:29.282165+00:00
2017-04,39000,高知県,1939,2292,-353,2026-07-04T15:37:29.282165+00:00
2017-04,40000,福岡県,19386,19461,-75,2026-07-04T15:37:29.282165+00:00
2017-04,41000,佐賀県,2562,3390,-828,2026-07-04T15:37:29.282165+00:00
2017-04,42000,長崎県,4638,6153,-1515,2026-07-04T15:37:29.282165+00:00
2017-04,43000,熊本県,5588,6747,-1159,2026-07-04T15:37:29.282165+00:00
2017-04,44000,大分県,3442,4175,-733,2026-07-04T15:37:29.282165+00:00
2017-04,45000,宮崎県,3532,4633,-1101,2026-07-04T15:37:29.282165+00:00
2017-04,46000,鹿児島県,5482,6793,-1311,2026-07-04T15:37:29.282165+00:00
2017-04,47000,沖縄県,4404,5801,-1397,2026-07-04T15:37:29.282165+00:00
2017-05,01000,北海道,3611,3785,-174,2026-07-04T15:37:29.282165+00:00
2017-05,02000,青森県,1206,1367,-161,2026-07-04T15:37:29.282165+00:00
2017-05,03000,岩手県,1288,1506,-218,2026-07-04T15:37:29.282165+00:00
2017-05,04000,宮城県,3438,3358,80,2026-07-04T15:37:29.282165+00:00
2017-05,05000,秋田県,826,912,-86,2026-07-04T15:37:29.282165+00:00
2017-05,06000,山形県,856,1021,-165,2026-07-04T15:37:29.282165+00:00
2017-05,07000,福島県,2021,2433,-412,2026-07-04T15:37:29.282165+00:00
2017-05,08000,茨城県,4172,4219,-47,2026-07-04T15:37:29.282165+00:00
2017-05,09000,栃木県,2822,2855,-33,2026-07-04T15:37:29.282165+00:00
2017-05,10000,群馬県,2586,2543,43,2026-07-04T15:37:29.282165+00:00
2017-05,11000,埼玉県,14117,13022,1095,2026-07-04T15:37:29.282165+00:00
2017-05,12000,千葉県,12207,11799,408,2026-07-04T15:37:29.282165+00:00
2017-05,13000,東京都,33940,30399,3541,2026-07-04T15:37:29.282165+00:00
2017-05,14000,神奈川県,17012,16504,508,2026-07-04T15:37:29.282165+00:00
2017-05,15000,新潟県,1517,1855,-338,2026-07-04T15:37:29.282165+00:00
2017-05,16000,富山県,959,1027,-68,2026-07-04T15:37:29.282165+00:00
2017-05,17000,石川県,1354,1293,61,2026-07-04T15:37:29.282165+00:00
2017-05,18000,福井県,732,804,-72,2026-07-04T15:37:29.282165+00:00
2017-05,19000,山梨県,909,1110,-201,2026-07-04T15:37:29.282165+00:00
2017-05,20000,長野県,2043,2148,-105,2026-07-04T15:37:29.282165+00:00
2017-05,21000,岐阜県,2125,2729,-604,2026-07-04T15:37:29.282165+00:00
2017-05,22000,静岡県,4137,4222,-85,2026-07-04T15:37:29.282165+00:00
2017-05,23000,愛知県,9563,8730,833,2026-07-04T15:37:29.282165+00:00
2017-05,24000,三重県,2305,2535,-230,2026-07-04T15:37:29.282165+00:00
2017-05,25000,滋賀県,2130,2099,31,2026-07-04T15:37:29.282165+00:00
2017-05,26000,京都府,4022,4420,-398,2026-07-04T15:37:29.282165+00:00
2017-05,27000,大阪府,12813,12826,-13,2026-07-04T15:37:29.282165+00:00
2017-05,28000,兵庫県,7075,7635,-560,2026-07-04T15:37:29.282165+00:00
2017-05,29000,奈良県,1788,2214,-426,2026-07-04T15:37:29.282165+00:00
2017-05,30000,和歌山県,832,1136,-304,2026-07-04T15:37:29.282165+00:00
2017-05,31000,鳥取県,617,622,-5,2026-07-04T15:37:29.282165+00:00
2017-05,32000,島根県,799,793,6,2026-07-04T15:37:29.282165+00:00
2017-05,33000,岡山県,2130,2330,-200,2026-07-04T15:37:29.282165+00:00
2017-05,34000,広島県,3644,4062,-418,2026-07-04T15:37:29.282165+00:00
2017-05,35000,山口県,1643,1821,-178,2026-07-04T15:37:29.282165+00:00
2017-05,36000,徳島県,697,807,-110,2026-07-04T15:37:29.282165+00:00
2017-05,37000,香川県,1192,1228,-36,2026-07-04T15:37:29.282165+00:00
2017-05,38000,愛媛県,1156,1424,-268,2026-07-04T15:37:29.282165+00:00
2017-05,39000,高知県,595,708,-113,2026-07-04T15:37:29.282165+00:00
2017-05,40000,福岡県,7258,7154,104,2026-07-04T15:37:29.282165+00:00
2017-05,41000,佐賀県,1088,1320,-232,2026-07-04T15:37:29.282165+00:00
2017-05,42000,長崎県,1625,1907,-282,2026-07-04T15:37:29.282165+00:00
2017-05,43000,熊本県,2024,2127,-103,2026-07-04T15:37:29.282165+00:00
2017-05,44000,大分県,1336,1385,-49,2026-07-04T15:37:29.282165+00:00
2017-05,45000,宮崎県,1311,1332,-21,2026-07-04T15:37:29.282165+00:00
2017-05,46000,鹿児島県,1815,1870,-55,2026-07-04T15:37:29.282165+00:00
2017-05,47000,沖縄県,1731,1671,60,2026-07-04T15:37:29.282165+00:00
2017-06,01000,北海道,3165,3108,57,2026-07-04T15:37:29.282165+00:00
2017-06,02000,青森県,1020,1088,-68,2026-07-04T15:37:29.282165+00:00
2017-06,03000,岩手県,1052,1073,-21,2026-07-04T15:37:29.282165+00:00
2017-06,04000,宮城県,2718,2602,116,2026-07-04T15:37:29.282165+00:00
2017-06,05000,秋田県,652,777,-125,2026-07-04T15:37:29.282165+00:00
2017-06,06000,山形県,716,761,-45,2026-07-04T15:37:29.282165+00:00
2017-06,07000,福島県,1634,1875,-241,2026-07-04T15:37:29.282165+00:00
2017-06,08000,茨城県,3333,3522,-189,2026-07-04T15:37:29.282165+00:00
2017-06,09000,栃木県,2384,2429,-45,2026-07-04T15:37:29.282165+00:00
2017-06,10000,群馬県,1999,2235,-236,2026-07-04T15:37:29.282165+00:00
2017-06,11000,埼玉県,12456,11151,1305,2026-07-04T15:37:29.282165+00:00
2017-06,12000,千葉県,10341,9958,383,2026-07-04T15:37:29.282165+00:00
2017-06,13000,東京都,28408,26814,1594,2026-07-04T15:37:29.282165+00:00
2017-06,14000,神奈川県,14524,14324,200,2026-07-04T15:37:29.282165+00:00
2017-06,15000,新潟県,1232,1438,-206,2026-07-04T15:37:29.282165+00:00
2017-06,16000,富山県,919,817,102,2026-07-04T15:37:29.282165+00:00
2017-06,17000,石川県,1163,1087,76,2026-07-04T15:37:29.282165+00:00
2017-06,18000,福井県,597,732,-135,2026-07-04T15:37:29.282165+00:00
2017-06,19000,山梨県,873,918,-45,2026-07-04T15:37:29.282165+00:00
2017-06,20000,長野県,1794,1692,102,2026-07-04T15:37:29.282165+00:00
2017-06,21000,岐阜県,1930,2208,-278,2026-07-04T15:37:29.282165+00:00
2017-06,22000,静岡県,3581,3564,17,2026-07-04T15:37:29.282165+00:00
2017-06,23000,愛知県,7766,7549,217,2026-07-04T15:37:29.282165+00:00
2017-06,24000,三重県,1986,2227,-241,2026-07-04T15:37:29.282165+00:00
2017-06,25000,滋賀県,1801,1814,-13,2026-07-04T15:37:29.282165+00:00
2017-06,26000,京都府,3461,3640,-179,2026-07-04T15:37:29.282165+00:00
2017-06,27000,大阪府,10409,10669,-260,2026-07-04T15:37:29.282165+00:00
2017-06,28000,兵庫県,5889,6046,-157,2026-07-04T15:37:29.282165+00:00
2017-06,29000,奈良県,1412,1833,-421,2026-07-04T15:37:29.282165+00:00
2017-06,30000,和歌山県,763,974,-211,2026-07-04T15:37:29.282165+00:00
2017-06,31000,鳥取県,530,536,-6,2026-07-04T15:37:29.282165+00:00
2017-06,32000,島根県,710,668,42,2026-07-04T15:37:29.282165+00:00
2017-06,33000,岡山県,1741,1862,-121,2026-07-04T15:37:29.282165+00:00
2017-06,34000,広島県,2525,3107,-582,2026-07-04T15:37:29.282165+00:00
2017-06,35000,山口県,1231,1450,-219,2026-07-04T15:37:29.282165+00:00
2017-06,36000,徳島県,570,617,-47,2026-07-04T15:37:29.282165+00:00
2017-06,37000,香川県,958,1006,-48,2026-07-04T15:37:29.282165+00:00
2017-06,38000,愛媛県,997,1162,-165,2026-07-04T15:37:29.282165+00:00
2017-06,39000,高知県,458,530,-72,2026-07-04T15:37:29.282165+00:00
2017-06,40000,福岡県,5936,5623,313,2026-07-04T15:37:29.282165+00:00
2017-06,41000,佐賀県,966,1039,-73,2026-07-04T15:37:29.282165+00:00
2017-06,42000,長崎県,1205,1467,-262,2026-07-04T15:37:29.282165+00:00
2017-06,43000,熊本県,1551,1640,-89,2026-07-04T15:37:29.282165+00:00
2017-06,44000,大分県,1072,1128,-56,2026-07-04T15:37:29.282165+00:00
2017-06,45000,宮崎県,1083,1024,59,2026-07-04T15:37:29.282165+00:00
2017-06,46000,鹿児島県,1523,1491,32,2026-07-04T15:37:29.282165+00:00
2017-06,47000,沖縄県,1569,1328,241,2026-07-04T15:37:29.282165+00:00
2017-07,01000,北海道,3922,3284,638,2026-07-04T15:37:29.282165+00:00
2017-07,02000,青森県,1448,1455,-7,2026-07-04T15:37:29.282165+00:00
2017-07,03000,岩手県,1189,1320,-131,2026-07-04T15:37:29.282165+00:00
2017-07,04000,宮城県,3471,3456,15,2026-07-04T15:37:29.282165+00:00
2017-07,05000,秋田県,878,898,-20,2026-07-04T15:37:29.282165+00:00
2017-07,06000,山形県,955,972,-17,2026-07-04T15:37:29.282165+00:00
2017-07,07000,福島県,1901,2204,-303,2026-07-04T15:37:29.282165+00:00
2017-07,08000,茨城県,3705,3584,121,2026-07-04T15:37:29.282165+00:00
2017-07,09000,栃木県,2384,2863,-479,2026-07-04T15:37:29.282165+00:00
2017-07,10000,群馬県,2254,2300,-46,2026-07-04T15:37:29.282165+00:00
2017-07,11000,埼玉県,13247,12326,921,2026-07-04T15:37:29.282165+00:00
2017-07,12000,千葉県,11008,10501,507,2026-07-04T15:37:29.282165+00:00
2017-07,13000,東京都,30135,28378,1757,2026-07-04T15:37:29.282165+00:00
2017-07,14000,神奈川県,15082,16017,-935,2026-07-04T15:37:29.282165+00:00
2017-07,15000,新潟県,1664,1717,-53,2026-07-04T15:37:29.282165+00:00
2017-07,16000,富山県,839,802,37,2026-07-04T15:37:29.282165+00:00
2017-07,17000,石川県,1341,1129,212,2026-07-04T15:37:29.282165+00:00
2017-07,18000,福井県,687,764,-77,2026-07-04T15:37:29.282165+00:00
2017-07,19000,山梨県,988,1081,-93,2026-07-04T15:37:29.282165+00:00
2017-07,20000,長野県,1977,1887,90,2026-07-04T15:37:29.282165+00:00
2017-07,21000,岐阜県,2093,2502,-409,2026-07-04T15:37:29.282165+00:00
2017-07,22000,静岡県,4500,3976,524,2026-07-04T15:37:29.282165+00:00
2017-07,23000,愛知県,8813,8699,114,2026-07-04T15:37:29.282165+00:00
2017-07,24000,三重県,2261,2323,-62,2026-07-04T15:37:29.282165+00:00
2017-07,25000,滋賀県,1896,2323,-427,2026-07-04T15:37:29.282165+00:00
2017-07,26000,京都府,3672,4033,-361,2026-07-04T15:37:29.282165+00:00
2017-07,27000,大阪府,11196,11090,106,2026-07-04T15:37:29.282165+00:00
2017-07,28000,兵庫県,6214,6398,-184,2026-07-04T15:37:29.282165+00:00
2017-07,29000,奈良県,1471,1837,-366,2026-07-04T15:37:29.282165+00:00
2017-07,30000,和歌山県,721,903,-182,2026-07-04T15:37:29.282165+00:00
2017-07,31000,鳥取県,563,600,-37,2026-07-04T15:37:29.282165+00:00
2017-07,32000,島根県,797,757,40,2026-07-04T15:37:29.282165+00:00
2017-07,33000,岡山県,1970,2106,-136,2026-07-04T15:37:29.282165+00:00
2017-07,34000,広島県,3182,3527,-345,2026-07-04T15:37:29.282165+00:00
2017-07,35000,山口県,1431,2550,-1119,2026-07-04T15:37:29.282165+00:00
2017-07,36000,徳島県,669,685,-16,2026-07-04T15:37:29.282165+00:00
2017-07,37000,香川県,1233,1560,-327,2026-07-04T15:37:29.282165+00:00
2017-07,38000,愛媛県,1307,1299,8,2026-07-04T15:37:29.282165+00:00
2017-07,39000,高知県,667,655,12,2026-07-04T15:37:29.282165+00:00
2017-07,40000,福岡県,7025,6493,532,2026-07-04T15:37:29.282165+00:00
2017-07,41000,佐賀県,1075,1132,-57,2026-07-04T15:37:29.282165+00:00
2017-07,42000,長崎県,1567,1642,-75,2026-07-04T15:37:29.282165+00:00
2017-07,43000,熊本県,2391,1926,465,2026-07-04T15:37:29.282165+00:00
2017-07,44000,大分県,1448,1321,127,2026-07-04T15:37:29.282165+00:00
2017-07,45000,宮崎県,1372,1285,87,2026-07-04T15:37:29.282165+00:00
2017-07,46000,鹿児島県,1751,2053,-302,2026-07-04T15:37:29.282165+00:00
2017-07,47000,沖縄県,1782,1529,253,2026-07-04T15:37:29.282165+00:00
2017-08,01000,北海道,3775,3860,-85,2026-07-04T15:37:29.282165+00:00
2017-08,02000,青森県,1499,1764,-265,2026-07-04T15:37:29.282165+00:00
2017-08,03000,岩手県,1177,1317,-140,2026-07-04T15:37:29.282165+00:00
2017-08,04000,宮城県,3323,3069,254,2026-07-04T15:37:29.282165+00:00
2017-08,05000,秋田県,788,930,-142,2026-07-04T15:37:29.282165+00:00
2017-08,06000,山形県,944,1026,-82,2026-07-04T15:37:29.282165+00:00
2017-08,07000,福島県,1686,2145,-459,2026-07-04T15:37:29.282165+00:00
2017-08,08000,茨城県,3553,3786,-233,2026-07-04T15:37:29.282165+00:00
2017-08,09000,栃木県,2516,2521,-5,2026-07-04T15:37:29.282165+00:00
2017-08,10000,群馬県,2424,2378,46,2026-07-04T15:37:29.282165+00:00
2017-08,11000,埼玉県,13024,11801,1223,2026-07-04T15:37:29.282165+00:00
2017-08,12000,千葉県,11185,10908,277,2026-07-04T15:37:29.282165+00:00
2017-08,13000,東京都,30645,27994,2651,2026-07-04T15:37:29.282165+00:00
2017-08,14000,神奈川県,15625,15328,297,2026-07-04T15:37:29.282165+00:00
2017-08,15000,新潟県,1515,1605,-90,2026-07-04T15:37:29.282165+00:00
2017-08,16000,富山県,885,1068,-183,2026-07-04T15:37:29.282165+00:00
2017-08,17000,石川県,1286,1409,-123,2026-07-04T15:37:29.282165+00:00
2017-08,18000,福井県,733,742,-9,2026-07-04T15:37:29.282165+00:00
2017-08,19000,山梨県,913,1079,-166,2026-07-04T15:37:29.282165+00:00
2017-08,20000,長野県,1827,1740,87,2026-07-04T15:37:29.282165+00:00
2017-08,21000,岐阜県,2138,2756,-618,2026-07-04T15:37:29.282165+00:00
2017-08,22000,静岡県,4155,4320,-165,2026-07-04T15:37:29.282165+00:00
2017-08,23000,愛知県,8599,8503,96,2026-07-04T15:37:29.282165+00:00
2017-08,24000,三重県,2506,2386,120,2026-07-04T15:37:29.282165+00:00
2017-08,25000,滋賀県,1973,2022,-49,2026-07-04T15:37:29.282165+00:00
2017-08,26000,京都府,4021,4034,-13,2026-07-04T15:37:29.282165+00:00
2017-08,27000,大阪府,11276,11528,-252,2026-07-04T15:37:29.282165+00:00
2017-08,28000,兵庫県,6253,7004,-751,2026-07-04T15:37:29.282165+00:00
2017-08,29000,奈良県,1683,1869,-186,2026-07-04T15:37:29.282165+00:00
2017-08,30000,和歌山県,751,910,-159,2026-07-04T15:37:29.282165+00:00
2017-08,31000,鳥取県,568,608,-40,2026-07-04T15:37:29.282165+00:00
2017-08,32000,島根県,787,764,23,2026-07-04T15:37:29.282165+00:00
2017-08,33000,岡山県,2019,2223,-204,2026-07-04T15:37:29.282165+00:00
2017-08,34000,広島県,3228,3577,-349,2026-07-04T15:37:29.282165+00:00
2017-08,35000,山口県,1583,1738,-155,2026-07-04T15:37:29.282165+00:00
2017-08,36000,徳島県,728,809,-81,2026-07-04T15:37:29.282165+00:00
2017-08,37000,香川県,1227,1153,74,2026-07-04T15:37:29.282165+00:00
2017-08,38000,愛媛県,1301,1431,-130,2026-07-04T15:37:29.282165+00:00
2017-08,39000,高知県,597,637,-40,2026-07-04T15:37:29.282165+00:00
2017-08,40000,福岡県,7037,6945,92,2026-07-04T15:37:29.282165+00:00
2017-08,41000,佐賀県,1206,1211,-5,2026-07-04T15:37:29.282165+00:00
2017-08,42000,長崎県,1768,2039,-271,2026-07-04T15:37:29.282165+00:00
2017-08,43000,熊本県,2282,2258,24,2026-07-04T15:37:29.282165+00:00
2017-08,44000,大分県,1358,1408,-50,2026-07-04T15:37:29.282165+00:00
2017-08,45000,宮崎県,1417,1431,-14,2026-07-04T15:37:29.282165+00:00
2017-08,46000,鹿児島県,2000,1891,109,2026-07-04T15:37:29.282165+00:00
2017-08,47000,沖縄県,2113,1972,141,2026-07-04T15:37:29.282165+00:00
2017-09,01000,北海道,3069,3291,-222,2026-07-04T15:37:29.282165+00:00
2017-09,02000,青森県,1325,1186,139,2026-07-04T15:37:29.282165+00:00
2017-09,03000,岩手県,1043,1061,-18,2026-07-04T15:37:29.282165+00:00
2017-09,04000,宮城県,2661,2634,27,2026-07-04T15:37:29.282165+00:00
2017-09,05000,秋田県,666,768,-102,2026-07-04T15:37:29.282165+00:00
2017-09,06000,山形県,706,823,-117,2026-07-04T15:37:29.282165+00:00
2017-09,07000,福島県,1632,1818,-186,2026-07-04T15:37:29.282165+00:00
2017-09,08000,茨城県,3485,3576,-91,2026-07-04T15:37:29.282165+00:00
2017-09,09000,栃木県,2486,2583,-97,2026-07-04T15:37:29.282165+00:00
2017-09,10000,群馬県,2401,2210,191,2026-07-04T15:37:29.282165+00:00
2017-09,11000,埼玉県,12123,10904,1219,2026-07-04T15:37:29.282165+00:00
2017-09,12000,千葉県,10318,10056,262,2026-07-04T15:37:29.282165+00:00
2017-09,13000,東京都,27923,25584,2339,2026-07-04T15:37:29.282165+00:00
2017-09,14000,神奈川県,13573,13997,-424,2026-07-04T15:37:29.282165+00:00
2017-09,15000,新潟県,1461,1473,-12,2026-07-04T15:37:29.282165+00:00
2017-09,16000,富山県,876,864,12,2026-07-04T15:37:29.282165+00:00
2017-09,17000,石川県,1184,1196,-12,2026-07-04T15:37:29.282165+00:00
2017-09,18000,福井県,654,690,-36,2026-07-04T15:37:29.282165+00:00
2017-09,19000,山梨県,777,948,-171,2026-07-04T15:37:29.282165+00:00
2017-09,20000,長野県,1812,1665,147,2026-07-04T15:37:29.282165+00:00
2017-09,21000,岐阜県,1930,2326,-396,2026-07-04T15:37:29.282165+00:00
2017-09,22000,静岡県,3521,3754,-233,2026-07-04T15:37:29.282165+00:00
2017-09,23000,愛知県,7402,7744,-342,2026-07-04T15:37:29.282165+00:00
2017-09,24000,三重県,2225,2087,138,2026-07-04T15:37:29.282165+00:00
2017-09,25000,滋賀県,1896,1803,93,2026-07-04T15:37:29.282165+00:00
2017-09,26000,京都府,3419,3664,-245,2026-07-04T15:37:29.282165+00:00
2017-09,27000,大阪府,9946,10168,-222,2026-07-04T15:37:29.282165+00:00
2017-09,28000,兵庫県,5247,5983,-736,2026-07-04T15:37:29.282165+00:00
2017-09,29000,奈良県,1521,1694,-173,2026-07-04T15:37:29.282165+00:00
2017-09,30000,和歌山県,804,832,-28,2026-07-04T15:37:29.282165+00:00
2017-09,31000,鳥取県,562,528,34,2026-07-04T15:37:29.282165+00:00
2017-09,32000,島根県,646,693,-47,2026-07-04T15:37:29.282165+00:00
2017-09,33000,岡山県,1720,1920,-200,2026-07-04T15:37:29.282165+00:00
2017-09,34000,広島県,2595,3044,-449,2026-07-04T15:37:29.282165+00:00
2017-09,35000,山口県,1474,1351,123,2026-07-04T15:37:29.282165+00:00
2017-09,36000,徳島県,595,660,-65,2026-07-04T15:37:29.282165+00:00
2017-09,37000,香川県,977,1068,-91,2026-07-04T15:37:29.282165+00:00
2017-09,38000,愛媛県,1079,1024,55,2026-07-04T15:37:29.282165+00:00
2017-09,39000,高知県,639,587,52,2026-07-04T15:37:29.282165+00:00
2017-09,40000,福岡県,5742,5954,-212,2026-07-04T15:37:29.282165+00:00
2017-09,41000,佐賀県,992,998,-6,2026-07-04T15:37:29.282165+00:00
2017-09,42000,長崎県,1334,1503,-169,2026-07-04T15:37:29.282165+00:00
2017-09,43000,熊本県,1789,1791,-2,2026-07-04T15:37:29.282165+00:00
2017-09,44000,大分県,1110,1239,-129,2026-07-04T15:37:29.282165+00:00
2017-09,45000,宮崎県,1148,1113,35,2026-07-04T15:37:29.282165+00:00
2017-09,46000,鹿児島県,1681,1578,103,2026-07-04T15:37:29.282165+00:00
2017-09,47000,沖縄県,1622,1358,264,2026-07-04T15:37:29.282165+00:00
2017-10,01000,北海道,3484,3820,-336,2026-07-04T15:37:29.282165+00:00
2017-10,02000,青森県,1290,1343,-53,2026-07-04T15:37:29.282165+00:00
2017-10,03000,岩手県,1280,1393,-113,2026-07-04T15:37:29.282165+00:00
2017-10,04000,宮城県,3293,3275,18,2026-07-04T15:37:29.282165+00:00
2017-10,05000,秋田県,828,911,-83,2026-07-04T15:37:29.282165+00:00
2017-10,06000,山形県,961,1002,-41,2026-07-04T15:37:29.282165+00:00
2017-10,07000,福島県,1741,2153,-412,2026-07-04T15:37:29.282165+00:00
2017-10,08000,茨城県,3878,3886,-8,2026-07-04T15:37:29.282165+00:00
2017-10,09000,栃木県,2585,3012,-427,2026-07-04T15:37:29.282165+00:00
2017-10,10000,群馬県,2547,2409,138,2026-07-04T15:37:29.282165+00:00
2017-10,11000,埼玉県,13375,12028,1347,2026-07-04T15:37:29.282165+00:00
2017-10,12000,千葉県,11390,10759,631,2026-07-04T15:37:29.282165+00:00
2017-10,13000,東京都,30350,29203,1147,2026-07-04T15:37:29.282165+00:00
2017-10,14000,神奈川県,15863,15395,468,2026-07-04T15:37:29.282165+00:00
2017-10,15000,新潟県,1598,1702,-104,2026-07-04T15:37:29.282165+00:00
2017-10,16000,富山県,937,1002,-65,2026-07-04T15:37:29.282165+00:00
2017-10,17000,石川県,1346,1352,-6,2026-07-04T15:37:29.282165+00:00
2017-10,18000,福井県,720,824,-104,2026-07-04T15:37:29.282165+00:00
2017-10,19000,山梨県,1016,985,31,2026-07-04T15:37:29.282165+00:00
2017-10,20000,長野県,1991,2111,-120,2026-07-04T15:37:29.282165+00:00
2017-10,21000,岐阜県,2282,2536,-254,2026-07-04T15:37:29.282165+00:00
2017-10,22000,静岡県,3986,4137,-151,2026-07-04T15:37:29.282165+00:00
2017-10,23000,愛知県,9022,9023,-1,2026-07-04T15:37:29.282165+00:00
2017-10,24000,三重県,2701,2406,295,2026-07-04T15:37:29.282165+00:00
2017-10,25000,滋賀県,1998,1996,2,2026-07-04T15:37:29.282165+00:00
2017-10,26000,京都府,4049,3861,188,2026-07-04T15:37:29.282165+00:00
2017-10,27000,大阪府,11641,12081,-440,2026-07-04T15:37:29.282165+00:00
2017-10,28000,兵庫県,6435,6760,-325,2026-07-04T15:37:29.282165+00:00
2017-10,29000,奈良県,1783,1948,-165,2026-07-04T15:37:29.282165+00:00
2017-10,30000,和歌山県,743,920,-177,2026-07-04T15:37:29.282165+00:00
2017-10,31000,鳥取県,545,649,-104,2026-07-04T15:37:29.282165+00:00
2017-10,32000,島根県,756,733,23,2026-07-04T15:37:29.282165+00:00
2017-10,33000,岡山県,2073,2147,-74,2026-07-04T15:37:29.282165+00:00
2017-10,34000,広島県,3255,3713,-458,2026-07-04T15:37:29.282165+00:00
2017-10,35000,山口県,1393,1552,-159,2026-07-04T15:37:29.282165+00:00
2017-10,36000,徳島県,658,714,-56,2026-07-04T15:37:29.282165+00:00
2017-10,37000,香川県,1165,1306,-141,2026-07-04T15:37:29.282165+00:00
2017-10,38000,愛媛県,1238,1272,-34,2026-07-04T15:37:29.282165+00:00
2017-10,39000,高知県,698,661,37,2026-07-04T15:37:29.282165+00:00
2017-10,40000,福岡県,6934,6990,-56,2026-07-04T15:37:29.282165+00:00
2017-10,41000,佐賀県,1214,1089,125,2026-07-04T15:37:29.282165+00:00
2017-10,42000,長崎県,1518,1762,-244,2026-07-04T15:37:29.282165+00:00
2017-10,43000,熊本県,2001,1923,78,2026-07-04T15:37:29.282165+00:00
2017-10,44000,大分県,1302,1404,-102,2026-07-04T15:37:29.282165+00:00
2017-10,45000,宮崎県,1312,1197,115,2026-07-04T15:37:29.282165+00:00
2017-10,46000,鹿児島県,1754,1758,-4,2026-07-04T15:37:29.282165+00:00
2017-10,47000,沖縄県,1763,1589,174,2026-07-04T15:37:29.282165+00:00
2017-11,01000,北海道,2560,2645,-85,2026-07-04T15:37:29.282165+00:00
2017-11,02000,青森県,868,966,-98,2026-07-04T15:37:29.282165+00:00
2017-11,03000,岩手県,925,975,-50,2026-07-04T15:37:29.282165+00:00
2017-11,04000,宮城県,2127,2086,41,2026-07-04T15:37:29.282165+00:00
2017-11,05000,秋田県,522,694,-172,2026-07-04T15:37:29.282165+00:00
2017-11,06000,山形県,612,673,-61,2026-07-04T15:37:29.282165+00:00
2017-11,07000,福島県,1399,1620,-221,2026-07-04T15:37:29.282165+00:00
2017-11,08000,茨城県,3152,3432,-280,2026-07-04T15:37:29.282165+00:00
2017-11,09000,栃木県,2033,2309,-276,2026-07-04T15:37:29.282165+00:00
2017-11,10000,群馬県,2062,2006,56,2026-07-04T15:37:29.282165+00:00
2017-11,11000,埼玉県,11657,10591,1066,2026-07-04T15:37:29.282165+00:00
2017-11,12000,千葉県,9623,9388,235,2026-07-04T15:37:29.282165+00:00
2017-11,13000,東京都,25461,24526,935,2026-07-04T15:37:29.282165+00:00
2017-11,14000,神奈川県,13197,12704,493,2026-07-04T15:37:29.282165+00:00
2017-11,15000,新潟県,1205,1239,-34,2026-07-04T15:37:29.282165+00:00
2017-11,16000,富山県,772,759,13,2026-07-04T15:37:29.282165+00:00
2017-11,17000,石川県,1030,929,101,2026-07-04T15:37:29.282165+00:00
2017-11,18000,福井県,576,623,-47,2026-07-04T15:37:29.282165+00:00
2017-11,19000,山梨県,863,798,65,2026-07-04T15:37:29.282165+00:00
2017-11,20000,長野県,1640,1648,-8,2026-07-04T15:37:29.282165+00:00
2017-11,21000,岐阜県,1783,2236,-453,2026-07-04T15:37:29.282165+00:00
2017-11,22000,静岡県,3223,3150,73,2026-07-04T15:37:29.282165+00:00
2017-11,23000,愛知県,6696,6688,8,2026-07-04T15:37:29.282165+00:00
2017-11,24000,三重県,2265,1805,460,2026-07-04T15:37:29.282165+00:00
2017-11,25000,滋賀県,1676,1577,99,2026-07-04T15:37:29.282165+00:00
2017-11,26000,京都府,2980,3159,-179,2026-07-04T15:37:29.282165+00:00
2017-11,27000,大阪府,9284,9465,-181,2026-07-04T15:37:29.282165+00:00
2017-11,28000,兵庫県,5124,5475,-351,2026-07-04T15:37:29.282165+00:00
2017-11,29000,奈良県,1471,1544,-73,2026-07-04T15:37:29.282165+00:00
2017-11,30000,和歌山県,598,725,-127,2026-07-04T15:37:29.282165+00:00
2017-11,31000,鳥取県,422,475,-53,2026-07-04T15:37:29.282165+00:00
2017-11,32000,島根県,552,587,-35,2026-07-04T15:37:29.282165+00:00
2017-11,33000,岡山県,1503,1774,-271,2026-07-04T15:37:29.282165+00:00
2017-11,34000,広島県,2155,2803,-648,2026-07-04T15:37:29.282165+00:00
2017-11,35000,山口県,1088,1099,-11,2026-07-04T15:37:29.282165+00:00
2017-11,36000,徳島県,455,589,-134,2026-07-04T15:37:29.282165+00:00
2017-11,37000,香川県,805,880,-75,2026-07-04T15:37:29.282165+00:00
2017-11,38000,愛媛県,865,918,-53,2026-07-04T15:37:29.282165+00:00
2017-11,39000,高知県,525,478,47,2026-07-04T15:37:29.282165+00:00
2017-11,40000,福岡県,5068,4834,234,2026-07-04T15:37:29.282165+00:00
2017-11,41000,佐賀県,802,960,-158,2026-07-04T15:37:29.282165+00:00
2017-11,42000,長崎県,1074,1217,-143,2026-07-04T15:37:29.282165+00:00
2017-11,43000,熊本県,1477,1406,71,2026-07-04T15:37:29.282165+00:00
2017-11,44000,大分県,941,973,-32,2026-07-04T15:37:29.282165+00:00
2017-11,45000,宮崎県,861,920,-59,2026-07-04T15:37:29.282165+00:00
2017-11,46000,鹿児島県,1379,1239,140,2026-07-04T15:37:29.282165+00:00
2017-11,47000,沖縄県,1434,1203,231,2026-07-04T15:37:29.282165+00:00
2017-12,01000,北海道,2444,2397,47,2026-07-04T15:37:29.282165+00:00
2017-12,02000,青森県,850,898,-48,2026-07-04T15:37:29.282165+00:00
2017-12,03000,岩手県,829,797,32,2026-07-04T15:37:29.282165+00:00
2017-12,04000,宮城県,2036,2176,-140,2026-07-04T15:37:29.282165+00:00
2017-12,05000,秋田県,524,565,-41,2026-07-04T15:37:29.282165+00:00
2017-12,06000,山形県,610,647,-37,2026-07-04T15:37:29.282165+00:00
2017-12,07000,福島県,1388,1529,-141,2026-07-04T15:37:29.282165+00:00
2017-12,08000,茨城県,3210,3236,-26,2026-07-04T15:37:29.282165+00:00
2017-12,09000,栃木県,2082,2458,-376,2026-07-04T15:37:29.282165+00:00
2017-12,10000,群馬県,1974,2031,-57,2026-07-04T15:37:29.282165+00:00
2017-12,11000,埼玉県,11688,10522,1166,2026-07-04T15:37:29.282165+00:00
2017-12,12000,千葉県,9411,9683,-272,2026-07-04T15:37:29.282165+00:00
2017-12,13000,東京都,25834,25048,786,2026-07-04T15:37:29.282165+00:00
2017-12,14000,神奈川県,13523,13766,-243,2026-07-04T15:37:29.282165+00:00
2017-12,15000,新潟県,1192,1161,31,2026-07-04T15:37:29.282165+00:00
2017-12,16000,富山県,786,706,80,2026-07-04T15:37:29.282165+00:00
2017-12,17000,石川県,895,954,-59,2026-07-04T15:37:29.282165+00:00
2017-12,18000,福井県,593,531,62,2026-07-04T15:37:29.282165+00:00
2017-12,19000,山梨県,753,839,-86,2026-07-04T15:37:29.282165+00:00
2017-12,20000,長野県,1585,1469,116,2026-07-04T15:37:29.282165+00:00
2017-12,21000,岐阜県,1830,2064,-234,2026-07-04T15:37:29.282165+00:00
2017-12,22000,静岡県,3224,3442,-218,2026-07-04T15:37:29.282165+00:00
2017-12,23000,愛知県,6715,6954,-239,2026-07-04T15:37:29.282165+00:00
2017-12,24000,三重県,2037,1940,97,2026-07-04T15:37:29.282165+00:00
2017-12,25000,滋賀県,1668,1831,-163,2026-07-04T15:37:29.282165+00:00
2017-12,26000,京都府,3205,3437,-232,2026-07-04T15:37:29.282165+00:00
2017-12,27000,大阪府,9425,9478,-53,2026-07-04T15:37:29.282165+00:00
2017-12,28000,兵庫県,5476,5570,-94,2026-07-04T15:37:29.282165+00:00
2017-12,29000,奈良県,1562,1487,75,2026-07-04T15:37:29.282165+00:00
2017-12,30000,和歌山県,692,726,-34,2026-07-04T15:37:29.282165+00:00
2017-12,31000,鳥取県,433,481,-48,2026-07-04T15:37:29.282165+00:00
2017-12,32000,島根県,520,499,21,2026-07-04T15:37:29.282165+00:00
2017-12,33000,岡山県,1590,1664,-74,2026-07-04T15:37:29.282165+00:00
2017-12,34000,広島県,2236,2698,-462,2026-07-04T15:37:29.282165+00:00
2017-12,35000,山口県,1217,1378,-161,2026-07-04T15:37:29.282165+00:00
2017-12,36000,徳島県,542,581,-39,2026-07-04T15:37:29.282165+00:00
2017-12,37000,香川県,945,925,20,2026-07-04T15:37:29.282165+00:00
2017-12,38000,愛媛県,931,958,-27,2026-07-04T15:37:29.282165+00:00
2017-12,39000,高知県,451,504,-53,2026-07-04T15:37:29.282165+00:00
2017-12,40000,福岡県,5302,4756,546,2026-07-04T15:37:29.282165+00:00
2017-12,41000,佐賀県,909,907,2,2026-07-04T15:37:29.282165+00:00
2017-12,42000,長崎県,1112,1384,-272,2026-07-04T15:37:29.282165+00:00
2017-12,43000,熊本県,1510,1389,121,2026-07-04T15:37:29.282165+00:00
2017-12,44000,大分県,1083,1023,60,2026-07-04T15:37:29.282165+00:00
2017-12,45000,宮崎県,1055,901,154,2026-07-04T15:37:29.282165+00:00
2017-12,46000,鹿児島県,1538,1223,315,2026-07-04T15:37:29.282165+00:00
2017-12,47000,沖縄県,1507,1309,198,2026-07-04T15:37:29.282165+00:00
2018-01,01000,北海道,2464,2884,-420,2026-07-04T15:37:29.282165+00:00
2018-01,02000,青森県,826,1039,-213,2026-07-04T15:37:29.282165+00:00
2018-01,03000,岩手県,901,1006,-105,2026-07-04T15:37:29.282165+00:00
2018-01,04000,宮城県,2436,2290,146,2026-07-04T15:37:29.282165+00:00
2018-01,05000,秋田県,518,717,-199,2026-07-04T15:37:29.282165+00:00
2018-01,06000,山形県,595,723,-128,2026-07-04T15:37:29.282165+00:00
2018-01,07000,福島県,1494,1688,-194,2026-07-04T15:37:29.282165+00:00
2018-01,08000,茨城県,3283,3727,-444,2026-07-04T15:37:29.282165+00:00
2018-01,09000,栃木県,2326,2603,-277,2026-07-04T15:37:29.282165+00:00
2018-01,10000,群馬県,2336,2035,301,2026-07-04T15:37:29.282165+00:00
2018-01,11000,埼玉県,11313,10017,1296,2026-07-04T15:37:29.282165+00:00
2018-01,12000,千葉県,9621,9792,-171,2026-07-04T15:37:29.282165+00:00
2018-01,13000,東京都,27088,23719,3369,2026-07-04T15:37:29.282165+00:00
2018-01,14000,神奈川県,13562,12794,768,2026-07-04T15:37:29.282165+00:00
2018-01,15000,新潟県,1101,1378,-277,2026-07-04T15:37:29.282165+00:00
2018-01,16000,富山県,788,801,-13,2026-07-04T15:37:29.282165+00:00
2018-01,17000,石川県,981,1041,-60,2026-07-04T15:37:29.282165+00:00
2018-01,18000,福井県,576,636,-60,2026-07-04T15:37:29.282165+00:00
2018-01,19000,山梨県,800,878,-78,2026-07-04T15:37:29.282165+00:00
2018-01,20000,長野県,1638,1764,-126,2026-07-04T15:37:29.282165+00:00
2018-01,21000,岐阜県,1873,2293,-420,2026-07-04T15:37:29.282165+00:00
2018-01,22000,静岡県,3464,3513,-49,2026-07-04T15:37:29.282165+00:00
2018-01,23000,愛知県,7754,7777,-23,2026-07-04T15:37:29.282165+00:00
2018-01,24000,三重県,2150,2235,-85,2026-07-04T15:37:29.282165+00:00
2018-01,25000,滋賀県,1615,1745,-130,2026-07-04T15:37:29.282165+00:00
2018-01,26000,京都府,3222,3446,-224,2026-07-04T15:37:29.282165+00:00
2018-01,27000,大阪府,9844,9902,-58,2026-07-04T15:37:29.282165+00:00
2018-01,28000,兵庫県,5650,5910,-260,2026-07-04T15:37:29.282165+00:00
2018-01,29000,奈良県,1402,1637,-235,2026-07-04T15:37:29.282165+00:00
2018-01,30000,和歌山県,668,867,-199,2026-07-04T15:37:29.282165+00:00
2018-01,31000,鳥取県,404,501,-97,2026-07-04T15:37:29.282165+00:00
2018-01,32000,島根県,544,558,-14,2026-07-04T15:37:29.282165+00:00
2018-01,33000,岡山県,1723,1939,-216,2026-07-04T15:37:29.282165+00:00
2018-01,34000,広島県,2578,2953,-375,2026-07-04T15:37:29.282165+00:00
2018-01,35000,山口県,1171,1368,-197,2026-07-04T15:37:29.282165+00:00
2018-01,36000,徳島県,574,715,-141,2026-07-04T15:37:29.282165+00:00
2018-01,37000,香川県,905,1075,-170,2026-07-04T15:37:29.282165+00:00
2018-01,38000,愛媛県,991,1217,-226,2026-07-04T15:37:29.282165+00:00
2018-01,39000,高知県,521,592,-71,2026-07-04T15:37:29.282165+00:00
2018-01,40000,福岡県,5756,5707,49,2026-07-04T15:37:29.282165+00:00
2018-01,41000,佐賀県,878,1010,-132,2026-07-04T15:37:29.282165+00:00
2018-01,42000,長崎県,1299,1417,-118,2026-07-04T15:37:29.282165+00:00
2018-01,43000,熊本県,1642,1626,16,2026-07-04T15:37:29.282165+00:00
2018-01,44000,大分県,1081,1202,-121,2026-07-04T15:37:29.282165+00:00
2018-01,45000,宮崎県,1088,1064,24,2026-07-04T15:37:29.282165+00:00
2018-01,46000,鹿児島県,1584,1499,85,2026-07-04T15:37:29.282165+00:00
2018-01,47000,沖縄県,1632,1360,272,2026-07-04T15:37:29.282165+00:00
2018-02,01000,北海道,2371,2960,-589,2026-07-04T15:37:29.282165+00:00
2018-02,02000,青森県,834,1105,-271,2026-07-04T15:37:29.282165+00:00
2018-02,03000,岩手県,884,1028,-144,2026-07-04T15:37:29.282165+00:00
2018-02,04000,宮城県,2405,2441,-36,2026-07-04T15:37:29.282165+00:00
2018-02,05000,秋田県,583,685,-102,2026-07-04T15:37:29.282165+00:00
2018-02,06000,山形県,692,836,-144,2026-07-04T15:37:29.282165+00:00
2018-02,07000,福島県,1474,1894,-420,2026-07-04T15:37:29.282165+00:00
2018-02,08000,茨城県,3385,3758,-373,2026-07-04T15:37:29.282165+00:00
2018-02,09000,栃木県,2200,2635,-435,2026-07-04T15:37:29.282165+00:00
2018-02,10000,群馬県,2221,2305,-84,2026-07-04T15:37:29.282165+00:00
2018-02,11000,埼玉県,12516,10775,1741,2026-07-04T15:37:29.282165+00:00
2018-02,12000,千葉県,10586,10240,346,2026-07-04T15:37:29.282165+00:00
2018-02,13000,東京都,29555,26295,3260,2026-07-04T15:37:29.282165+00:00
2018-02,14000,神奈川県,14796,14026,770,2026-07-04T15:37:29.282165+00:00
2018-02,15000,新潟県,1141,1443,-302,2026-07-04T15:37:29.282165+00:00
2018-02,16000,富山県,803,791,12,2026-07-04T15:37:29.282165+00:00
2018-02,17000,石川県,949,1276,-327,2026-07-04T15:37:29.282165+00:00
2018-02,18000,福井県,627,679,-52,2026-07-04T15:37:29.282165+00:00
2018-02,19000,山梨県,844,1243,-399,2026-07-04T15:37:29.282165+00:00
2018-02,20000,長野県,1691,1781,-90,2026-07-04T15:37:29.282165+00:00
2018-02,21000,岐阜県,2060,2408,-348,2026-07-04T15:37:29.282165+00:00
2018-02,22000,静岡県,3532,3745,-213,2026-07-04T15:37:29.282165+00:00
2018-02,23000,愛知県,7873,7613,260,2026-07-04T15:37:29.282165+00:00
2018-02,24000,三重県,2003,2500,-497,2026-07-04T15:37:29.282165+00:00
2018-02,25000,滋賀県,1883,1740,143,2026-07-04T15:37:29.282165+00:00
2018-02,26000,京都府,3386,3853,-467,2026-07-04T15:37:29.282165+00:00
2018-02,27000,大阪府,10426,10375,51,2026-07-04T15:37:29.282165+00:00
2018-02,28000,兵庫県,5880,5864,16,2026-07-04T15:37:29.282165+00:00
2018-02,29000,奈良県,1585,2185,-600,2026-07-04T15:37:29.282165+00:00
2018-02,30000,和歌山県,778,857,-79,2026-07-04T15:37:29.282165+00:00
2018-02,31000,鳥取県,468,568,-100,2026-07-04T15:37:29.282165+00:00
2018-02,32000,島根県,712,631,81,2026-07-04T15:37:29.282165+00:00
2018-02,33000,岡山県,1751,1965,-214,2026-07-04T15:37:29.282165+00:00
2018-02,34000,広島県,2779,3118,-339,2026-07-04T15:37:29.282165+00:00
2018-02,35000,山口県,1333,1464,-131,2026-07-04T15:37:29.282165+00:00
2018-02,36000,徳島県,621,648,-27,2026-07-04T15:37:29.282165+00:00
2018-02,37000,香川県,994,1118,-124,2026-07-04T15:37:29.282165+00:00
2018-02,38000,愛媛県,1071,1309,-238,2026-07-04T15:37:29.282165+00:00
2018-02,39000,高知県,511,565,-54,2026-07-04T15:37:29.282165+00:00
2018-02,40000,福岡県,5915,5498,417,2026-07-04T15:37:29.282165+00:00
2018-02,41000,佐賀県,1086,997,89,2026-07-04T15:37:29.282165+00:00
2018-02,42000,長崎県,1141,1442,-301,2026-07-04T15:37:29.282165+00:00
2018-02,43000,熊本県,1583,1632,-49,2026-07-04T15:37:29.282165+00:00
2018-02,44000,大分県,1085,1198,-113,2026-07-04T15:37:29.282165+00:00
2018-02,45000,宮崎県,1048,1019,29,2026-07-04T15:37:29.282165+00:00
2018-02,46000,鹿児島県,1505,1388,117,2026-07-04T15:37:29.282165+00:00
2018-02,47000,沖縄県,1545,1215,330,2026-07-04T15:37:29.282165+00:00
2018-03,01000,北海道,9336,13925,-4589,2026-07-04T15:37:29.282165+00:00
2018-03,02000,青森県,3440,6817,-3377,2026-07-04T15:37:29.282165+00:00
2018-03,03000,岩手県,3076,5751,-2675,2026-07-04T15:37:29.282165+00:00
2018-03,04000,宮城県,9883,11626,-1743,2026-07-04T15:37:29.282165+00:00
2018-03,05000,秋田県,1985,4427,-2442,2026-07-04T15:37:29.282165+00:00
2018-03,06000,山形県,2553,4650,-2097,2026-07-04T15:37:29.282165+00:00
2018-03,07000,福島県,4650,7705,-3055,2026-07-04T15:37:29.282165+00:00
2018-03,08000,茨城県,9149,12107,-2958,2026-07-04T15:37:29.282165+00:00
2018-03,09000,栃木県,6436,8552,-2116,2026-07-04T15:37:29.282165+00:00
2018-03,10000,群馬県,5715,7420,-1705,2026-07-04T15:37:29.282165+00:00
2018-03,11000,埼玉県,34098,26932,7166,2026-07-04T15:37:29.282165+00:00
2018-03,12000,千葉県,31444,25264,6180,2026-07-04T15:37:29.282165+00:00
2018-03,13000,東京都,97911,58208,39703,2026-07-04T15:37:29.282165+00:00
2018-03,14000,神奈川県,49130,34414,14716,2026-07-04T15:37:29.282165+00:00
2018-03,15000,新潟県,4347,7650,-3303,2026-07-04T15:37:29.282165+00:00
2018-03,16000,富山県,2561,3192,-631,2026-07-04T15:37:29.282165+00:00
2018-03,17000,石川県,3650,4792,-1142,2026-07-04T15:37:29.282165+00:00
2018-03,18000,福井県,1848,2664,-816,2026-07-04T15:37:29.282165+00:00
2018-03,19000,山梨県,2423,3870,-1447,2026-07-04T15:37:29.282165+00:00
2018-03,20000,長野県,5523,7786,-2263,2026-07-04T15:37:29.282165+00:00
2018-03,21000,岐阜県,5290,7039,-1749,2026-07-04T15:37:29.282165+00:00
2018-03,22000,静岡県,10901,14360,-3459,2026-07-04T15:37:29.282165+00:00
2018-03,23000,愛知県,25305,23112,2193,2026-07-04T15:37:29.282165+00:00
2018-03,24000,三重県,5402,6971,-1569,2026-07-04T15:37:29.282165+00:00
2018-03,25000,滋賀県,5242,5517,-275,2026-07-04T15:37:29.282165+00:00
2018-03,26000,京都府,12048,12648,-600,2026-07-04T15:37:29.282165+00:00
2018-03,27000,大阪府,32426,29661,2765,2026-07-04T15:37:29.282165+00:00
2018-03,28000,兵庫県,18291,19765,-1474,2026-07-04T15:37:29.282165+00:00
2018-03,29000,奈良県,4490,5175,-685,2026-07-04T15:37:29.282165+00:00
2018-03,30000,和歌山県,2050,3186,-1136,2026-07-04T15:37:29.282165+00:00
2018-03,31000,鳥取県,1621,2649,-1028,2026-07-04T15:37:29.282165+00:00
2018-03,32000,島根県,2120,2923,-803,2026-07-04T15:37:29.282165+00:00
2018-03,33000,岡山県,6014,7370,-1356,2026-07-04T15:37:29.282165+00:00
2018-03,34000,広島県,9744,11234,-1490,2026-07-04T15:37:29.282165+00:00
2018-03,35000,山口県,3862,5578,-1716,2026-07-04T15:37:29.282165+00:00
2018-03,36000,徳島県,1730,2760,-1030,2026-07-04T15:37:29.282165+00:00
2018-03,37000,香川県,3806,4381,-575,2026-07-04T15:37:29.282165+00:00
2018-03,38000,愛媛県,3563,5137,-1574,2026-07-04T15:37:29.282165+00:00
2018-03,39000,高知県,1721,3050,-1329,2026-07-04T15:37:29.282165+00:00
2018-03,40000,福岡県,21503,21688,-185,2026-07-04T15:37:29.282165+00:00
2018-03,41000,佐賀県,3108,4031,-923,2026-07-04T15:37:29.282165+00:00
2018-03,42000,長崎県,4960,7396,-2436,2026-07-04T15:37:29.282165+00:00
2018-03,43000,熊本県,5272,7684,-2412,2026-07-04T15:37:29.282165+00:00
2018-03,44000,大分県,3320,5061,-1741,2026-07-04T15:37:29.282165+00:00
2018-03,45000,宮崎県,3378,5353,-1975,2026-07-04T15:37:29.282165+00:00
2018-03,46000,鹿児島県,4880,7370,-2490,2026-07-04T15:37:29.282165+00:00
2018-03,47000,沖縄県,4625,6979,-2354,2026-07-04T15:37:29.282165+00:00
2018-04,01000,北海道,10477,11500,-1023,2026-07-04T15:37:29.282165+00:00
2018-04,02000,青森県,3183,4816,-1633,2026-07-04T15:37:29.282165+00:00
2018-04,03000,岩手県,3334,4901,-1567,2026-07-04T15:37:29.282165+00:00
2018-04,04000,宮城県,10515,9989,526,2026-07-04T15:37:29.282165+00:00
2018-04,05000,秋田県,2209,3167,-958,2026-07-04T15:37:29.282165+00:00
2018-04,06000,山形県,2737,3345,-608,2026-07-04T15:37:29.282165+00:00
2018-04,07000,福島県,4246,5945,-1699,2026-07-04T15:37:29.282165+00:00
2018-04,08000,茨城県,8050,9252,-1202,2026-07-04T15:37:29.282165+00:00
2018-04,09000,栃木県,5175,5960,-785,2026-07-04T15:37:29.282165+00:00
2018-04,10000,群馬県,5259,5435,-176,2026-07-04T15:37:29.282165+00:00
2018-04,11000,埼玉県,25823,21793,4030,2026-07-04T15:37:29.282165+00:00
2018-04,12000,千葉県,23860,20448,3412,2026-07-04T15:37:29.282165+00:00
2018-04,13000,東京都,67482,53920,13562,2026-07-04T15:37:29.282165+00:00
2018-04,14000,神奈川県,33577,28158,5419,2026-07-04T15:37:29.282165+00:00
2018-04,15000,新潟県,4636,5868,-1232,2026-07-04T15:37:29.282165+00:00
2018-04,16000,富山県,2242,2597,-355,2026-07-04T15:37:29.282165+00:00
2018-04,17000,石川県,3951,3803,148,2026-07-04T15:37:29.282165+00:00
2018-04,18000,福井県,1633,2150,-517,2026-07-04T15:37:29.282165+00:00
2018-04,19000,山梨県,2571,2660,-89,2026-07-04T15:37:29.282165+00:00
2018-04,20000,長野県,4888,5605,-717,2026-07-04T15:37:29.282165+00:00
2018-04,21000,岐阜県,4129,5625,-1496,2026-07-04T15:37:29.282165+00:00
2018-04,22000,静岡県,8825,10213,-1388,2026-07-04T15:37:29.282165+00:00
2018-04,23000,愛知県,21753,20184,1569,2026-07-04T15:37:29.282165+00:00
2018-04,24000,三重県,4528,5547,-1019,2026-07-04T15:37:29.282165+00:00
2018-04,25000,滋賀県,4584,4016,568,2026-07-04T15:37:29.282165+00:00
2018-04,26000,京都府,9928,9281,647,2026-07-04T15:37:29.282165+00:00
2018-04,27000,大阪府,26336,26082,254,2026-07-04T15:37:29.282165+00:00
2018-04,28000,兵庫県,14861,15685,-824,2026-07-04T15:37:29.282165+00:00
2018-04,29000,奈良県,3914,4174,-260,2026-07-04T15:37:29.282165+00:00
2018-04,30000,和歌山県,1876,2704,-828,2026-07-04T15:37:29.282165+00:00
2018-04,31000,鳥取県,1676,2168,-492,2026-07-04T15:37:29.282165+00:00
2018-04,32000,島根県,2241,2556,-315,2026-07-04T15:37:29.282165+00:00
2018-04,33000,岡山県,5342,6264,-922,2026-07-04T15:37:29.282165+00:00
2018-04,34000,広島県,9799,10006,-207,2026-07-04T15:37:29.282165+00:00
2018-04,35000,山口県,4841,4703,138,2026-07-04T15:37:29.282165+00:00
2018-04,36000,徳島県,1811,2320,-509,2026-07-04T15:37:29.282165+00:00
2018-04,37000,香川県,3462,3920,-458,2026-07-04T15:37:29.282165+00:00
2018-04,38000,愛媛県,3758,4347,-589,2026-07-04T15:37:29.282165+00:00
2018-04,39000,高知県,1928,2494,-566,2026-07-04T15:37:29.282165+00:00
2018-04,40000,福岡県,20512,19479,1033,2026-07-04T15:37:29.282165+00:00
2018-04,41000,佐賀県,2594,3382,-788,2026-07-04T15:37:29.282165+00:00
2018-04,42000,長崎県,4475,6123,-1648,2026-07-04T15:37:29.282165+00:00
2018-04,43000,熊本県,5240,6665,-1425,2026-07-04T15:37:29.282165+00:00
2018-04,44000,大分県,3429,4401,-972,2026-07-04T15:37:29.282165+00:00
2018-04,45000,宮崎県,3508,4907,-1399,2026-07-04T15:37:29.282165+00:00
2018-04,46000,鹿児島県,5452,6863,-1411,2026-07-04T15:37:29.282165+00:00
2018-04,47000,沖縄県,4626,5855,-1229,2026-07-04T15:37:29.282165+00:00
2018-05,01000,北海道,3640,3837,-197,2026-07-04T15:37:29.282165+00:00
2018-05,02000,青森県,1118,1422,-304,2026-07-04T15:37:29.282165+00:00
2018-05,03000,岩手県,1277,1379,-102,2026-07-04T15:37:29.282165+00:00
2018-05,04000,宮城県,3355,3598,-243,2026-07-04T15:37:29.282165+00:00
2018-05,05000,秋田県,795,987,-192,2026-07-04T15:37:29.282165+00:00
2018-05,06000,山形県,913,1141,-228,2026-07-04T15:37:29.282165+00:00
2018-05,07000,福島県,2046,2258,-212,2026-07-04T15:37:29.282165+00:00
2018-05,08000,茨城県,4131,4355,-224,2026-07-04T15:37:29.282165+00:00
2018-05,09000,栃木県,2758,3055,-297,2026-07-04T15:37:29.282165+00:00
2018-05,10000,群馬県,2723,2560,163,2026-07-04T15:37:29.282165+00:00
2018-05,11000,埼玉県,14803,13262,1541,2026-07-04T15:37:29.282165+00:00
2018-05,12000,千葉県,12746,12044,702,2026-07-04T15:37:29.282165+00:00
2018-05,13000,東京都,35642,31182,4460,2026-07-04T15:37:29.282165+00:00
2018-05,14000,神奈川県,18016,17112,904,2026-07-04T15:37:29.282165+00:00
2018-05,15000,新潟県,1562,2030,-468,2026-07-04T15:37:29.282165+00:00
2018-05,16000,富山県,1046,1155,-109,2026-07-04T15:37:29.282165+00:00
2018-05,17000,石川県,1443,1494,-51,2026-07-04T15:37:29.282165+00:00
2018-05,18000,福井県,702,949,-247,2026-07-04T15:37:29.282165+00:00
2018-05,19000,山梨県,935,1131,-196,2026-07-04T15:37:29.282165+00:00
2018-05,20000,長野県,2275,2245,30,2026-07-04T15:37:29.282165+00:00
2018-05,21000,岐阜県,2320,2839,-519,2026-07-04T15:37:29.282165+00:00
2018-05,22000,静岡県,4394,4474,-80,2026-07-04T15:37:29.282165+00:00
2018-05,23000,愛知県,10057,9389,668,2026-07-04T15:37:29.282165+00:00
2018-05,24000,三重県,2740,2803,-63,2026-07-04T15:37:29.282165+00:00
2018-05,25000,滋賀県,2289,2255,34,2026-07-04T15:37:29.282165+00:00
2018-05,26000,京都府,4152,4586,-434,2026-07-04T15:37:29.282165+00:00
2018-05,27000,大阪府,13640,13533,107,2026-07-04T15:37:29.282165+00:00
2018-05,28000,兵庫県,7373,8182,-809,2026-07-04T15:37:29.282165+00:00
2018-05,29000,奈良県,1805,2294,-489,2026-07-04T15:37:29.282165+00:00
2018-05,30000,和歌山県,867,1136,-269,2026-07-04T15:37:29.282165+00:00
2018-05,31000,鳥取県,616,704,-88,2026-07-04T15:37:29.282165+00:00
2018-05,32000,島根県,785,851,-66,2026-07-04T15:37:29.282165+00:00
2018-05,33000,岡山県,2171,2585,-414,2026-07-04T15:37:29.282165+00:00
2018-05,34000,広島県,3537,3793,-256,2026-07-04T15:37:29.282165+00:00
2018-05,35000,山口県,1618,1751,-133,2026-07-04T15:37:29.282165+00:00
2018-05,36000,徳島県,631,819,-188,2026-07-04T15:37:29.282165+00:00
2018-05,37000,香川県,1322,1361,-39,2026-07-04T15:37:29.282165+00:00
2018-05,38000,愛媛県,1205,1638,-433,2026-07-04T15:37:29.282165+00:00
2018-05,39000,高知県,637,806,-169,2026-07-04T15:37:29.282165+00:00
2018-05,40000,福岡県,7419,7830,-411,2026-07-04T15:37:29.282165+00:00
2018-05,41000,佐賀県,1289,1257,32,2026-07-04T15:37:29.282165+00:00
2018-05,42000,長崎県,1499,1896,-397,2026-07-04T15:37:29.282165+00:00
2018-05,43000,熊本県,2059,2143,-84,2026-07-04T15:37:29.282165+00:00
2018-05,44000,大分県,1390,1490,-100,2026-07-04T15:37:29.282165+00:00
2018-05,45000,宮崎県,1258,1358,-100,2026-07-04T15:37:29.282165+00:00
2018-05,46000,鹿児島県,1767,1891,-124,2026-07-04T15:37:29.282165+00:00
2018-05,47000,沖縄県,1897,1803,94,2026-07-04T15:37:29.282165+00:00
2018-06,01000,北海道,2939,2959,-20,2026-07-04T15:37:29.282165+00:00
2018-06,02000,青森県,892,1040,-148,2026-07-04T15:37:29.282165+00:00
2018-06,03000,岩手県,924,1072,-148,2026-07-04T15:37:29.282165+00:00
2018-06,04000,宮城県,2485,2471,14,2026-07-04T15:37:29.282165+00:00
2018-06,05000,秋田県,614,729,-115,2026-07-04T15:37:29.282165+00:00
2018-06,06000,山形県,656,819,-163,2026-07-04T15:37:29.282165+00:00
2018-06,07000,福島県,1538,1891,-353,2026-07-04T15:37:29.282165+00:00
2018-06,08000,茨城県,3187,3479,-292,2026-07-04T15:37:29.282165+00:00
2018-06,09000,栃木県,2304,2458,-154,2026-07-04T15:37:29.282165+00:00
2018-06,10000,群馬県,2187,2090,97,2026-07-04T15:37:29.282165+00:00
2018-06,11000,埼玉県,12025,10913,1112,2026-07-04T15:37:29.282165+00:00
2018-06,12000,千葉県,10313,9636,677,2026-07-04T15:37:29.282165+00:00
2018-06,13000,東京都,27564,25847,1717,2026-07-04T15:37:29.282165+00:00
2018-06,14000,神奈川県,14455,13712,743,2026-07-04T15:37:29.282165+00:00
2018-06,15000,新潟県,1176,1529,-353,2026-07-04T15:37:29.282165+00:00
2018-06,16000,富山県,768,870,-102,2026-07-04T15:37:29.282165+00:00
2018-06,17000,石川県,1064,1110,-46,2026-07-04T15:37:29.282165+00:00
2018-06,18000,福井県,555,688,-133,2026-07-04T15:37:29.282165+00:00
2018-06,19000,山梨県,810,993,-183,2026-07-04T15:37:29.282165+00:00
2018-06,20000,長野県,1846,1699,147,2026-07-04T15:37:29.282165+00:00
2018-06,21000,岐阜県,1930,2374,-444,2026-07-04T15:37:29.282165+00:00
2018-06,22000,静岡県,3603,3550,53,2026-07-04T15:37:29.282165+00:00
2018-06,23000,愛知県,7685,7608,77,2026-07-04T15:37:29.282165+00:00
2018-06,24000,三重県,2115,2223,-108,2026-07-04T15:37:29.282165+00:00
2018-06,25000,滋賀県,1875,1768,107,2026-07-04T15:37:29.282165+00:00
2018-06,26000,京都府,3344,3464,-120,2026-07-04T15:37:29.282165+00:00
2018-06,27000,大阪府,10546,10132,414,2026-07-04T15:37:29.282165+00:00
2018-06,28000,兵庫県,5457,6130,-673,2026-07-04T15:37:29.282165+00:00
2018-06,29000,奈良県,1381,1769,-388,2026-07-04T15:37:29.282165+00:00
2018-06,30000,和歌山県,732,909,-177,2026-07-04T15:37:29.282165+00:00
2018-06,31000,鳥取県,517,521,-4,2026-07-04T15:37:29.282165+00:00
2018-06,32000,島根県,599,651,-52,2026-07-04T15:37:29.282165+00:00
2018-06,33000,岡山県,1658,1811,-153,2026-07-04T15:37:29.282165+00:00
2018-06,34000,広島県,2715,2925,-210,2026-07-04T15:37:29.282165+00:00
2018-06,35000,山口県,1257,1453,-196,2026-07-04T15:37:29.282165+00:00
2018-06,36000,徳島県,542,609,-67,2026-07-04T15:37:29.282165+00:00
2018-06,37000,香川県,944,1004,-60,2026-07-04T15:37:29.282165+00:00
2018-06,38000,愛媛県,971,1182,-211,2026-07-04T15:37:29.282165+00:00
2018-06,39000,高知県,494,510,-16,2026-07-04T15:37:29.282165+00:00
2018-06,40000,福岡県,5637,5478,159,2026-07-04T15:37:29.282165+00:00
2018-06,41000,佐賀県,999,969,30,2026-07-04T15:37:29.282165+00:00
2018-06,42000,長崎県,1179,1489,-310,2026-07-04T15:37:29.282165+00:00
2018-06,43000,熊本県,1601,1599,2,2026-07-04T15:37:29.282165+00:00
2018-06,44000,大分県,988,1144,-156,2026-07-04T15:37:29.282165+00:00
2018-06,45000,宮崎県,988,1044,-56,2026-07-04T15:37:29.282165+00:00
2018-06,46000,鹿児島県,1470,1445,25,2026-07-04T15:37:29.282165+00:00
2018-06,47000,沖縄県,1610,1373,237,2026-07-04T15:37:29.282165+00:00
2018-07,01000,北海道,4049,3362,687,2026-07-04T15:37:29.282165+00:00
2018-07,02000,青森県,1456,1355,101,2026-07-04T15:37:29.282165+00:00
2018-07,03000,岩手県,1349,1432,-83,2026-07-04T15:37:29.282165+00:00
2018-07,04000,宮城県,3452,3803,-351,2026-07-04T15:37:29.282165+00:00
2018-07,05000,秋田県,930,916,14,2026-07-04T15:37:29.282165+00:00
2018-07,06000,山形県,1096,966,130,2026-07-04T15:37:29.282165+00:00
2018-07,07000,福島県,1987,2186,-199,2026-07-04T15:37:29.282165+00:00
2018-07,08000,茨城県,3779,4133,-354,2026-07-04T15:37:29.282165+00:00
2018-07,09000,栃木県,2620,2994,-374,2026-07-04T15:37:29.282165+00:00
2018-07,10000,群馬県,2572,2348,224,2026-07-04T15:37:29.282165+00:00
2018-07,11000,埼玉県,14123,13231,892,2026-07-04T15:37:29.282165+00:00
2018-07,12000,千葉県,11912,11347,565,2026-07-04T15:37:29.282165+00:00
2018-07,13000,東京都,31313,29646,1667,2026-07-04T15:37:29.282165+00:00
2018-07,14000,神奈川県,15922,16534,-612,2026-07-04T15:37:29.282165+00:00
2018-07,15000,新潟県,1777,1838,-61,2026-07-04T15:37:29.282165+00:00
2018-07,16000,富山県,939,934,5,2026-07-04T15:37:29.282165+00:00
2018-07,17000,石川県,1292,1306,-14,2026-07-04T15:37:29.282165+00:00
2018-07,18000,福井県,678,854,-176,2026-07-04T15:37:29.282165+00:00
2018-07,19000,山梨県,1104,1242,-138,2026-07-04T15:37:29.282165+00:00
2018-07,20000,長野県,2104,2002,102,2026-07-04T15:37:29.282165+00:00
2018-07,21000,岐阜県,2291,2472,-181,2026-07-04T15:37:29.282165+00:00
2018-07,22000,静岡県,4749,4369,380,2026-07-04T15:37:29.282165+00:00
2018-07,23000,愛知県,9240,9167,73,2026-07-04T15:37:29.282165+00:00
2018-07,24000,三重県,2456,2610,-154,2026-07-04T15:37:29.282165+00:00
2018-07,25000,滋賀県,2282,2528,-246,2026-07-04T15:37:29.282165+00:00
2018-07,26000,京都府,3665,4136,-471,2026-07-04T15:37:29.282165+00:00
2018-07,27000,大阪府,12137,11714,423,2026-07-04T15:37:29.282165+00:00
2018-07,28000,兵庫県,6367,7013,-646,2026-07-04T15:37:29.282165+00:00
2018-07,29000,奈良県,1500,1856,-356,2026-07-04T15:37:29.282165+00:00
2018-07,30000,和歌山県,862,947,-85,2026-07-04T15:37:29.282165+00:00
2018-07,31000,鳥取県,699,604,95,2026-07-04T15:37:29.282165+00:00
2018-07,32000,島根県,758,748,10,2026-07-04T15:37:29.282165+00:00
2018-07,33000,岡山県,1952,2024,-72,2026-07-04T15:37:29.282165+00:00
2018-07,34000,広島県,3168,3554,-386,2026-07-04T15:37:29.282165+00:00
2018-07,35000,山口県,1513,2566,-1053,2026-07-04T15:37:29.282165+00:00
2018-07,36000,徳島県,701,712,-11,2026-07-04T15:37:29.282165+00:00
2018-07,37000,香川県,1259,1176,83,2026-07-04T15:37:29.282165+00:00
2018-07,38000,愛媛県,1186,1525,-339,2026-07-04T15:37:29.282165+00:00
2018-07,39000,高知県,643,612,31,2026-07-04T15:37:29.282165+00:00
2018-07,40000,福岡県,6959,6626,333,2026-07-04T15:37:29.282165+00:00
2018-07,41000,佐賀県,1238,1185,53,2026-07-04T15:37:29.282165+00:00
2018-07,42000,長崎県,1658,1719,-61,2026-07-04T15:37:29.282165+00:00
2018-07,43000,熊本県,2263,1942,321,2026-07-04T15:37:29.282165+00:00
2018-07,44000,大分県,1381,1305,76,2026-07-04T15:37:29.282165+00:00
2018-07,45000,宮崎県,1330,1382,-52,2026-07-04T15:37:29.282165+00:00
2018-07,46000,鹿児島県,1875,2031,-156,2026-07-04T15:37:29.282165+00:00
2018-07,47000,沖縄県,1951,1585,366,2026-07-04T15:37:29.282165+00:00
2018-08,01000,北海道,3912,3695,217,2026-07-04T15:37:29.282165+00:00
2018-08,02000,青森県,1560,1628,-68,2026-07-04T15:37:29.282165+00:00
2018-08,03000,岩手県,1134,1208,-74,2026-07-04T15:37:29.282165+00:00
2018-08,04000,宮城県,3147,3031,116,2026-07-04T15:37:29.282165+00:00
2018-08,05000,秋田県,697,852,-155,2026-07-04T15:37:29.282165+00:00
2018-08,06000,山形県,912,1001,-89,2026-07-04T15:37:29.282165+00:00
2018-08,07000,福島県,1798,2136,-338,2026-07-04T15:37:29.282165+00:00
2018-08,08000,茨城県,3627,4288,-661,2026-07-04T15:37:29.282165+00:00
2018-08,09000,栃木県,2799,2885,-86,2026-07-04T15:37:29.282165+00:00
2018-08,10000,群馬県,2314,2324,-10,2026-07-04T15:37:29.282165+00:00
2018-08,11000,埼玉県,13596,12255,1341,2026-07-04T15:37:29.282165+00:00
2018-08,12000,千葉県,11425,11466,-41,2026-07-04T15:37:29.282165+00:00
2018-08,13000,東京都,31183,27901,3282,2026-07-04T15:37:29.282165+00:00
2018-08,14000,神奈川県,15757,16125,-368,2026-07-04T15:37:29.282165+00:00
2018-08,15000,新潟県,1514,1656,-142,2026-07-04T15:37:29.282165+00:00
2018-08,16000,富山県,933,1026,-93,2026-07-04T15:37:29.282165+00:00
2018-08,17000,石川県,1389,1392,-3,2026-07-04T15:37:29.282165+00:00
2018-08,18000,福井県,685,771,-86,2026-07-04T15:37:29.282165+00:00
2018-08,19000,山梨県,921,1030,-109,2026-07-04T15:37:29.282165+00:00
2018-08,20000,長野県,2075,1947,128,2026-07-04T15:37:29.282165+00:00
2018-08,21000,岐阜県,2423,2717,-294,2026-07-04T15:37:29.282165+00:00
2018-08,22000,静岡県,4237,4406,-169,2026-07-04T15:37:29.282165+00:00
2018-08,23000,愛知県,8737,9087,-350,2026-07-04T15:37:29.282165+00:00
2018-08,24000,三重県,2360,2693,-333,2026-07-04T15:37:29.282165+00:00
2018-08,25000,滋賀県,2213,2059,154,2026-07-04T15:37:29.282165+00:00
2018-08,26000,京都府,4018,4256,-238,2026-07-04T15:37:29.282165+00:00
2018-08,27000,大阪府,11413,11981,-568,2026-07-04T15:37:29.282165+00:00
2018-08,28000,兵庫県,6639,6870,-231,2026-07-04T15:37:29.282165+00:00
2018-08,29000,奈良県,1725,1944,-219,2026-07-04T15:37:29.282165+00:00
2018-08,30000,和歌山県,822,941,-119,2026-07-04T15:37:29.282165+00:00
2018-08,31000,鳥取県,606,699,-93,2026-07-04T15:37:29.282165+00:00
2018-08,32000,島根県,767,764,3,2026-07-04T15:37:29.282165+00:00
2018-08,33000,岡山県,1923,2244,-321,2026-07-04T15:37:29.282165+00:00
2018-08,34000,広島県,3168,3777,-609,2026-07-04T15:37:29.282165+00:00
2018-08,35000,山口県,1820,1886,-66,2026-07-04T15:37:29.282165+00:00
2018-08,36000,徳島県,688,825,-137,2026-07-04T15:37:29.282165+00:00
2018-08,37000,香川県,1282,1238,44,2026-07-04T15:37:29.282165+00:00
2018-08,38000,愛媛県,1294,1450,-156,2026-07-04T15:37:29.282165+00:00
2018-08,39000,高知県,655,682,-27,2026-07-04T15:37:29.282165+00:00
2018-08,40000,福岡県,7380,6526,854,2026-07-04T15:37:29.282165+00:00
2018-08,41000,佐賀県,1278,1214,64,2026-07-04T15:37:29.282165+00:00
2018-08,42000,長崎県,1784,2121,-337,2026-07-04T15:37:29.282165+00:00
2018-08,43000,熊本県,2269,2207,62,2026-07-04T15:37:29.282165+00:00
2018-08,44000,大分県,1345,1467,-122,2026-07-04T15:37:29.282165+00:00
2018-08,45000,宮崎県,1484,1403,81,2026-07-04T15:37:29.282165+00:00
2018-08,46000,鹿児島県,2068,2039,29,2026-07-04T15:37:29.282165+00:00
2018-08,47000,沖縄県,2248,1911,337,2026-07-04T15:37:29.282165+00:00
2018-09,01000,北海道,2845,3015,-170,2026-07-04T15:37:29.282165+00:00
2018-09,02000,青森県,1013,1106,-93,2026-07-04T15:37:29.282165+00:00
2018-09,03000,岩手県,1018,1051,-33,2026-07-04T15:37:29.282165+00:00
2018-09,04000,宮城県,2538,2493,45,2026-07-04T15:37:29.282165+00:00
2018-09,05000,秋田県,609,674,-65,2026-07-04T15:37:29.282165+00:00
2018-09,06000,山形県,744,863,-119,2026-07-04T15:37:29.282165+00:00
2018-09,07000,福島県,1507,1767,-260,2026-07-04T15:37:29.282165+00:00
2018-09,08000,茨城県,3186,3481,-295,2026-07-04T15:37:29.282165+00:00
2018-09,09000,栃木県,2329,2282,47,2026-07-04T15:37:29.282165+00:00
2018-09,10000,群馬県,2246,2010,236,2026-07-04T15:37:29.282165+00:00
2018-09,11000,埼玉県,11588,10435,1153,2026-07-04T15:37:29.282165+00:00
2018-09,12000,千葉県,9840,9725,115,2026-07-04T15:37:29.282165+00:00
2018-09,13000,東京都,26936,23815,3121,2026-07-04T15:37:29.282165+00:00
2018-09,14000,神奈川県,13098,13062,36,2026-07-04T15:37:29.282165+00:00
2018-09,15000,新潟県,1374,1549,-175,2026-07-04T15:37:29.282165+00:00
2018-09,16000,富山県,920,892,28,2026-07-04T15:37:29.282165+00:00
2018-09,17000,石川県,1202,1131,71,2026-07-04T15:37:29.282165+00:00
2018-09,18000,福井県,632,668,-36,2026-07-04T15:37:29.282165+00:00
2018-09,19000,山梨県,822,991,-169,2026-07-04T15:37:29.282165+00:00
2018-09,20000,長野県,1639,1762,-123,2026-07-04T15:37:29.282165+00:00
2018-09,21000,岐阜県,2042,2223,-181,2026-07-04T15:37:29.282165+00:00
2018-09,22000,静岡県,3345,3574,-229,2026-07-04T15:37:29.282165+00:00
2018-09,23000,愛知県,7554,7815,-261,2026-07-04T15:37:29.282165+00:00
2018-09,24000,三重県,2236,2286,-50,2026-07-04T15:37:29.282165+00:00
2018-09,25000,滋賀県,1732,1714,18,2026-07-04T15:37:29.282165+00:00
2018-09,26000,京都府,3220,3531,-311,2026-07-04T15:37:29.282165+00:00
2018-09,27000,大阪府,9514,9690,-176,2026-07-04T15:37:29.282165+00:00
2018-09,28000,兵庫県,5321,5810,-489,2026-07-04T15:37:29.282165+00:00
2018-09,29000,奈良県,1374,1634,-260,2026-07-04T15:37:29.282165+00:00
2018-09,30000,和歌山県,663,825,-162,2026-07-04T15:37:29.282165+00:00
2018-09,31000,鳥取県,582,502,80,2026-07-04T15:37:29.282165+00:00
2018-09,32000,島根県,633,656,-23,2026-07-04T15:37:29.282165+00:00
2018-09,33000,岡山県,1711,1859,-148,2026-07-04T15:37:29.282165+00:00
2018-09,34000,広島県,2595,3158,-563,2026-07-04T15:37:29.282165+00:00
2018-09,35000,山口県,1359,1276,83,2026-07-04T15:37:29.282165+00:00
2018-09,36000,徳島県,556,666,-110,2026-07-04T15:37:29.282165+00:00
2018-09,37000,香川県,942,1076,-134,2026-07-04T15:37:29.282165+00:00
2018-09,38000,愛媛県,970,1076,-106,2026-07-04T15:37:29.282165+00:00
2018-09,39000,高知県,524,557,-33,2026-07-04T15:37:29.282165+00:00
2018-09,40000,福岡県,5520,5570,-50,2026-07-04T15:37:29.282165+00:00
2018-09,41000,佐賀県,1012,1064,-52,2026-07-04T15:37:29.282165+00:00
2018-09,42000,長崎県,1209,1552,-343,2026-07-04T15:37:29.282165+00:00
2018-09,43000,熊本県,1710,1905,-195,2026-07-04T15:37:29.282165+00:00
2018-09,44000,大分県,1126,1218,-92,2026-07-04T15:37:29.282165+00:00
2018-09,45000,宮崎県,1058,941,117,2026-07-04T15:37:29.282165+00:00
2018-09,46000,鹿児島県,1538,1412,126,2026-07-04T15:37:29.282165+00:00
2018-09,47000,沖縄県,1630,1400,230,2026-07-04T15:37:29.282165+00:00
2018-10,01000,北海道,3843,4055,-212,2026-07-04T15:37:29.282165+00:00
2018-10,02000,青森県,1299,1389,-90,2026-07-04T15:37:29.282165+00:00
2018-10,03000,岩手県,1351,1460,-109,2026-07-04T15:37:29.282165+00:00
2018-10,04000,宮城県,3317,3367,-50,2026-07-04T15:37:29.282165+00:00
2018-10,05000,秋田県,847,922,-75,2026-07-04T15:37:29.282165+00:00
2018-10,06000,山形県,968,988,-20,2026-07-04T15:37:29.282165+00:00
2018-10,07000,福島県,1962,2307,-345,2026-07-04T15:37:29.282165+00:00
2018-10,08000,茨城県,4123,4628,-505,2026-07-04T15:37:29.282165+00:00
2018-10,09000,栃木県,2771,3196,-425,2026-07-04T15:37:29.282165+00:00
2018-10,10000,群馬県,2706,2553,153,2026-07-04T15:37:29.282165+00:00
2018-10,11000,埼玉県,14647,13037,1610,2026-07-04T15:37:29.282165+00:00
2018-10,12000,千葉県,12228,11940,288,2026-07-04T15:37:29.282165+00:00
2018-10,13000,東京都,32874,30441,2433,2026-07-04T15:37:29.282165+00:00
2018-10,14000,神奈川県,17014,16012,1002,2026-07-04T15:37:29.282165+00:00
2018-10,15000,新潟県,1653,1870,-217,2026-07-04T15:37:29.282165+00:00
2018-10,16000,富山県,972,1082,-110,2026-07-04T15:37:29.282165+00:00
2018-10,17000,石川県,1475,1478,-3,2026-07-04T15:37:29.282165+00:00
2018-10,18000,福井県,763,879,-116,2026-07-04T15:37:29.282165+00:00
2018-10,19000,山梨県,1001,1287,-286,2026-07-04T15:37:29.282165+00:00
2018-10,20000,長野県,2140,2202,-62,2026-07-04T15:37:29.282165+00:00
2018-10,21000,岐阜県,2609,2643,-34,2026-07-04T15:37:29.282165+00:00
2018-10,22000,静岡県,4158,4565,-407,2026-07-04T15:37:29.282165+00:00
2018-10,23000,愛知県,9506,9871,-365,2026-07-04T15:37:29.282165+00:00
2018-10,24000,三重県,2583,2791,-208,2026-07-04T15:37:29.282165+00:00
2018-10,25000,滋賀県,2101,2123,-22,2026-07-04T15:37:29.282165+00:00
2018-10,26000,京都府,4127,4031,96,2026-07-04T15:37:29.282165+00:00
2018-10,27000,大阪府,12728,12743,-15,2026-07-04T15:37:29.282165+00:00
2018-10,28000,兵庫県,7046,7151,-105,2026-07-04T15:37:29.282165+00:00
2018-10,29000,奈良県,1864,1987,-123,2026-07-04T15:37:29.282165+00:00
2018-10,30000,和歌山県,858,982,-124,2026-07-04T15:37:29.282165+00:00
2018-10,31000,鳥取県,613,615,-2,2026-07-04T15:37:29.282165+00:00
2018-10,32000,島根県,743,782,-39,2026-07-04T15:37:29.282165+00:00
2018-10,33000,岡山県,2127,2364,-237,2026-07-04T15:37:29.282165+00:00
2018-10,34000,広島県,3321,3929,-608,2026-07-04T15:37:29.282165+00:00
2018-10,35000,山口県,1606,1630,-24,2026-07-04T15:37:29.282165+00:00
2018-10,36000,徳島県,690,773,-83,2026-07-04T15:37:29.282165+00:00
2018-10,37000,香川県,1298,1332,-34,2026-07-04T15:37:29.282165+00:00
2018-10,38000,愛媛県,1211,1425,-214,2026-07-04T15:37:29.282165+00:00
2018-10,39000,高知県,650,679,-29,2026-07-04T15:37:29.282165+00:00
2018-10,40000,福岡県,7315,7349,-34,2026-07-04T15:37:29.282165+00:00
2018-10,41000,佐賀県,1148,1210,-62,2026-07-04T15:37:29.282165+00:00
2018-10,42000,長崎県,1534,1734,-200,2026-07-04T15:37:29.282165+00:00
2018-10,43000,熊本県,2010,2043,-33,2026-07-04T15:37:29.282165+00:00
2018-10,44000,大分県,1387,1457,-70,2026-07-04T15:37:29.282165+00:00
2018-10,45000,宮崎県,1240,1301,-61,2026-07-04T15:37:29.282165+00:00
2018-10,46000,鹿児島県,1882,1912,-30,2026-07-04T15:37:29.282165+00:00
2018-10,47000,沖縄県,2028,1822,206,2026-07-04T15:37:29.282165+00:00
2018-11,01000,北海道,2728,2726,2,2026-07-04T15:37:29.282165+00:00
2018-11,02000,青森県,952,1072,-120,2026-07-04T15:37:29.282165+00:00
2018-11,03000,岩手県,975,933,42,2026-07-04T15:37:29.282165+00:00
2018-11,04000,宮城県,2312,2111,201,2026-07-04T15:37:29.282165+00:00
2018-11,05000,秋田県,584,709,-125,2026-07-04T15:37:29.282165+00:00
2018-11,06000,山形県,703,755,-52,2026-07-04T15:37:29.282165+00:00
2018-11,07000,福島県,1441,1607,-166,2026-07-04T15:37:29.282165+00:00
2018-11,08000,茨城県,3358,3663,-305,2026-07-04T15:37:29.282165+00:00
2018-11,09000,栃木県,2086,2423,-337,2026-07-04T15:37:29.282165+00:00
2018-11,10000,群馬県,2025,1874,151,2026-07-04T15:37:29.282165+00:00
2018-11,11000,埼玉県,12411,10734,1677,2026-07-04T15:37:29.282165+00:00
2018-11,12000,千葉県,9934,10178,-244,2026-07-04T15:37:29.282165+00:00
2018-11,13000,東京都,26231,24490,1741,2026-07-04T15:37:29.282165+00:00
2018-11,14000,神奈川県,13398,13218,180,2026-07-04T15:37:29.282165+00:00
2018-11,15000,新潟県,1109,1346,-237,2026-07-04T15:37:29.282165+00:00
2018-11,16000,富山県,691,763,-72,2026-07-04T15:37:29.282165+00:00
2018-11,17000,石川県,1025,1024,1,2026-07-04T15:37:29.282165+00:00
2018-11,18000,福井県,607,688,-81,2026-07-04T15:37:29.282165+00:00
2018-11,19000,山梨県,805,917,-112,2026-07-04T15:37:29.282165+00:00
2018-11,20000,長野県,1562,1644,-82,2026-07-04T15:37:29.282165+00:00
2018-11,21000,岐阜県,2102,2396,-294,2026-07-04T15:37:29.282165+00:00
2018-11,22000,静岡県,3305,3321,-16,2026-07-04T15:37:29.282165+00:00
2018-11,23000,愛知県,7270,7260,10,2026-07-04T15:37:29.282165+00:00
2018-11,24000,三重県,1970,2135,-165,2026-07-04T15:37:29.282165+00:00
2018-11,25000,滋賀県,1745,1693,52,2026-07-04T15:37:29.282165+00:00
2018-11,26000,京都府,3190,3304,-114,2026-07-04T15:37:29.282165+00:00
2018-11,27000,大阪府,9577,10218,-641,2026-07-04T15:37:29.282165+00:00
2018-11,28000,兵庫県,5482,5309,173,2026-07-04T15:37:29.282165+00:00
2018-11,29000,奈良県,1414,1608,-194,2026-07-04T15:37:29.282165+00:00
2018-11,30000,和歌山県,661,830,-169,2026-07-04T15:37:29.282165+00:00
2018-11,31000,鳥取県,415,526,-111,2026-07-04T15:37:29.282165+00:00
2018-11,32000,島根県,575,620,-45,2026-07-04T15:37:29.282165+00:00
2018-11,33000,岡山県,1568,1736,-168,2026-07-04T15:37:29.282165+00:00
2018-11,34000,広島県,2293,2825,-532,2026-07-04T15:37:29.282165+00:00
2018-11,35000,山口県,1182,1089,93,2026-07-04T15:37:29.282165+00:00
2018-11,36000,徳島県,487,610,-123,2026-07-04T15:37:29.282165+00:00
2018-11,37000,香川県,840,977,-137,2026-07-04T15:37:29.282165+00:00
2018-11,38000,愛媛県,886,1050,-164,2026-07-04T15:37:29.282165+00:00
2018-11,39000,高知県,485,481,4,2026-07-04T15:37:29.282165+00:00
2018-11,40000,福岡県,5166,5038,128,2026-07-04T15:37:29.282165+00:00
2018-11,41000,佐賀県,1007,865,142,2026-07-04T15:37:29.282165+00:00
2018-11,42000,長崎県,1003,1366,-363,2026-07-04T15:37:29.282165+00:00
2018-11,43000,熊本県,1523,1441,82,2026-07-04T15:37:29.282165+00:00
2018-11,44000,大分県,1102,1024,78,2026-07-04T15:37:29.282165+00:00
2018-11,45000,宮崎県,995,836,159,2026-07-04T15:37:29.282165+00:00
2018-11,46000,鹿児島県,1383,1297,86,2026-07-04T15:37:29.282165+00:00
2018-11,47000,沖縄県,1554,1387,167,2026-07-04T15:37:29.282165+00:00
2018-12,01000,北海道,2591,2491,100,2026-07-04T15:37:29.282165+00:00
2018-12,02000,青森県,889,958,-69,2026-07-04T15:37:29.282165+00:00
2018-12,03000,岩手県,885,912,-27,2026-07-04T15:37:29.282165+00:00
2018-12,04000,宮城県,2185,2141,44,2026-07-04T15:37:29.282165+00:00
2018-12,05000,秋田県,581,601,-20,2026-07-04T15:37:29.282165+00:00
2018-12,06000,山形県,725,740,-15,2026-07-04T15:37:29.282165+00:00
2018-12,07000,福島県,1447,1627,-180,2026-07-04T15:37:29.282165+00:00
2018-12,08000,茨城県,3237,3368,-131,2026-07-04T15:37:29.282165+00:00
2018-12,09000,栃木県,2015,2450,-435,2026-07-04T15:37:29.282165+00:00
2018-12,10000,群馬県,2080,1992,88,2026-07-04T15:37:29.282165+00:00
2018-12,11000,埼玉県,11826,10733,1093,2026-07-04T15:37:29.282165+00:00
2018-12,12000,千葉県,9840,9780,60,2026-07-04T15:37:29.282165+00:00
2018-12,13000,東京都,26849,25320,1529,2026-07-04T15:37:29.282165+00:00
2018-12,14000,神奈川県,14052,14127,-75,2026-07-04T15:37:29.282165+00:00
2018-12,15000,新潟県,1210,1344,-134,2026-07-04T15:37:29.282165+00:00
2018-12,16000,富山県,691,836,-145,2026-07-04T15:37:29.282165+00:00
2018-12,17000,石川県,964,1066,-102,2026-07-04T15:37:29.282165+00:00
2018-12,18000,福井県,570,637,-67,2026-07-04T15:37:29.282165+00:00
2018-12,19000,山梨県,711,910,-199,2026-07-04T15:37:29.282165+00:00
2018-12,20000,長野県,1677,1697,-20,2026-07-04T15:37:29.282165+00:00
2018-12,21000,岐阜県,2202,2228,-26,2026-07-04T15:37:29.282165+00:00
2018-12,22000,静岡県,3438,3444,-6,2026-07-04T15:37:29.282165+00:00
2018-12,23000,愛知県,7168,7907,-739,2026-07-04T15:37:29.282165+00:00
2018-12,24000,三重県,1986,2237,-251,2026-07-04T15:37:29.282165+00:00
2018-12,25000,滋賀県,1792,1786,6,2026-07-04T15:37:29.282165+00:00
2018-12,26000,京都府,3231,3531,-300,2026-07-04T15:37:29.282165+00:00
2018-12,27000,大阪府,9964,10132,-168,2026-07-04T15:37:29.282165+00:00
2018-12,28000,兵庫県,5678,5686,-8,2026-07-04T15:37:29.282165+00:00
2018-12,29000,奈良県,1534,1685,-151,2026-07-04T15:37:29.282165+00:00
2018-12,30000,和歌山県,784,752,32,2026-07-04T15:37:29.282165+00:00
2018-12,31000,鳥取県,515,470,45,2026-07-04T15:37:29.282165+00:00
2018-12,32000,島根県,541,583,-42,2026-07-04T15:37:29.282165+00:00
2018-12,33000,岡山県,1631,1777,-146,2026-07-04T15:37:29.282165+00:00
2018-12,34000,広島県,2331,2813,-482,2026-07-04T15:37:29.282165+00:00
2018-12,35000,山口県,1213,1388,-175,2026-07-04T15:37:29.282165+00:00
2018-12,36000,徳島県,479,584,-105,2026-07-04T15:37:29.282165+00:00
2018-12,37000,香川県,809,881,-72,2026-07-04T15:37:29.282165+00:00
2018-12,38000,愛媛県,1006,973,33,2026-07-04T15:37:29.282165+00:00
2018-12,39000,高知県,445,493,-48,2026-07-04T15:37:29.282165+00:00
2018-12,40000,福岡県,5479,4883,596,2026-07-04T15:37:29.282165+00:00
2018-12,41000,佐賀県,1012,937,75,2026-07-04T15:37:29.282165+00:00
2018-12,42000,長崎県,1171,1323,-152,2026-07-04T15:37:29.282165+00:00
2018-12,43000,熊本県,1516,1376,140,2026-07-04T15:37:29.282165+00:00
2018-12,44000,大分県,1052,1022,30,2026-07-04T15:37:29.282165+00:00
2018-12,45000,宮崎県,1038,892,146,2026-07-04T15:37:29.282165+00:00
2018-12,46000,鹿児島県,1365,1302,63,2026-07-04T15:37:29.282165+00:00
2018-12,47000,沖縄県,1740,1330,410,2026-07-04T15:37:29.282165+00:00
2019-01,01000,北海道,2490,2883,-393,2026-07-04T15:37:29.282165+00:00
2019-01,02000,青森県,916,1077,-161,2026-07-04T15:37:29.282165+00:00
2019-01,03000,岩手県,917,1119,-202,2026-07-04T15:37:29.282165+00:00
2019-01,04000,宮城県,2611,2285,326,2026-07-04T15:37:29.282165+00:00
2019-01,05000,秋田県,599,669,-70,2026-07-04T15:37:29.282165+00:00
2019-01,06000,山形県,656,801,-145,2026-07-04T15:37:29.282165+00:00
2019-01,07000,福島県,1390,1699,-309,2026-07-04T15:37:29.282165+00:00
2019-01,08000,茨城県,3312,3767,-455,2026-07-04T15:37:29.282165+00:00
2019-01,09000,栃木県,2334,2715,-381,2026-07-04T15:37:29.282165+00:00
2019-01,10000,群馬県,2190,2077,113,2026-07-04T15:37:29.282165+00:00
2019-01,11000,埼玉県,12160,10366,1794,2026-07-04T15:37:29.282165+00:00
2019-01,12000,千葉県,9753,9827,-74,2026-07-04T15:37:29.282165+00:00
2019-01,13000,東京都,28137,24374,3763,2026-07-04T15:37:29.282165+00:00
2019-01,14000,神奈川県,13871,12995,876,2026-07-04T15:37:29.282165+00:00
2019-01,15000,新潟県,1152,1516,-364,2026-07-04T15:37:29.282165+00:00
2019-01,16000,富山県,737,933,-196,2026-07-04T15:37:29.282165+00:00
2019-01,17000,石川県,1016,1292,-276,2026-07-04T15:37:29.282165+00:00
2019-01,18000,福井県,561,693,-132,2026-07-04T15:37:29.282165+00:00
2019-01,19000,山梨県,741,1026,-285,2026-07-04T15:37:29.282165+00:00
2019-01,20000,長野県,1558,1863,-305,2026-07-04T15:37:29.282165+00:00
2019-01,21000,岐阜県,2100,2278,-178,2026-07-04T15:37:29.282165+00:00
2019-01,22000,静岡県,3563,3888,-325,2026-07-04T15:37:29.282165+00:00
2019-01,23000,愛知県,8144,8110,34,2026-07-04T15:37:29.282165+00:00
2019-01,24000,三重県,2104,2335,-231,2026-07-04T15:37:29.282165+00:00
2019-01,25000,滋賀県,1782,1838,-56,2026-07-04T15:37:29.282165+00:00
2019-01,26000,京都府,3259,3478,-219,2026-07-04T15:37:29.282165+00:00
2019-01,27000,大阪府,10176,10366,-190,2026-07-04T15:37:29.282165+00:00
2019-01,28000,兵庫県,5923,5881,42,2026-07-04T15:37:29.282165+00:00
2019-01,29000,奈良県,1350,1581,-231,2026-07-04T15:37:29.282165+00:00
2019-01,30000,和歌山県,729,847,-118,2026-07-04T15:37:29.282165+00:00
2019-01,31000,鳥取県,434,514,-80,2026-07-04T15:37:29.282165+00:00
2019-01,32000,島根県,637,649,-12,2026-07-04T15:37:29.282165+00:00
2019-01,33000,岡山県,1753,1872,-119,2026-07-04T15:37:29.282165+00:00
2019-01,34000,広島県,2569,3122,-553,2026-07-04T15:37:29.282165+00:00
2019-01,35000,山口県,1343,1416,-73,2026-07-04T15:37:29.282165+00:00
2019-01,36000,徳島県,527,751,-224,2026-07-04T15:37:29.282165+00:00
2019-01,37000,香川県,955,959,-4,2026-07-04T15:37:29.282165+00:00
2019-01,38000,愛媛県,1021,1248,-227,2026-07-04T15:37:29.282165+00:00
2019-01,39000,高知県,514,668,-154,2026-07-04T15:37:29.282165+00:00
2019-01,40000,福岡県,5817,5887,-70,2026-07-04T15:37:29.282165+00:00
2019-01,41000,佐賀県,956,964,-8,2026-07-04T15:37:29.282165+00:00
2019-01,42000,長崎県,1212,1509,-297,2026-07-04T15:37:29.282165+00:00
2019-01,43000,熊本県,1709,1630,79,2026-07-04T15:37:29.282165+00:00
2019-01,44000,大分県,1051,1256,-205,2026-07-04T15:37:29.282165+00:00
2019-01,45000,宮崎県,1046,1075,-29,2026-07-04T15:37:29.282165+00:00
2019-01,46000,鹿児島県,1484,1491,-7,2026-07-04T15:37:29.282165+00:00
2019-01,47000,沖縄県,1756,1425,331,2026-07-04T15:37:29.282165+00:00
2019-02,01000,北海道,2430,3115,-685,2026-07-04T15:37:29.282165+00:00
2019-02,02000,青森県,821,1049,-228,2026-07-04T15:37:29.282165+00:00
2019-02,03000,岩手県,955,1109,-154,2026-07-04T15:37:29.282165+00:00
2019-02,04000,宮城県,2451,2552,-101,2026-07-04T15:37:29.282165+00:00
2019-02,05000,秋田県,568,721,-153,2026-07-04T15:37:29.282165+00:00
2019-02,06000,山形県,763,897,-134,2026-07-04T15:37:29.282165+00:00
2019-02,07000,福島県,1593,1950,-357,2026-07-04T15:37:29.282165+00:00
2019-02,08000,茨城県,3461,4021,-560,2026-07-04T15:37:29.282165+00:00
2019-02,09000,栃木県,2326,2616,-290,2026-07-04T15:37:29.282165+00:00
2019-02,10000,群馬県,2144,2371,-227,2026-07-04T15:37:29.282165+00:00
2019-02,11000,埼玉県,13367,10900,2467,2026-07-04T15:37:29.282165+00:00
2019-02,12000,千葉県,10438,10648,-210,2026-07-04T15:37:29.282165+00:00
2019-02,13000,東京都,30775,26504,4271,2026-07-04T15:37:29.282165+00:00
2019-02,14000,神奈川県,15110,14294,816,2026-07-04T15:37:29.282165+00:00
2019-02,15000,新潟県,1244,1674,-430,2026-07-04T15:37:29.282165+00:00
2019-02,16000,富山県,794,977,-183,2026-07-04T15:37:29.282165+00:00
2019-02,17000,石川県,1047,1504,-457,2026-07-04T15:37:29.282165+00:00
2019-02,18000,福井県,619,714,-95,2026-07-04T15:37:29.282165+00:00
2019-02,19000,山梨県,894,1269,-375,2026-07-04T15:37:29.282165+00:00
2019-02,20000,長野県,1714,1939,-225,2026-07-04T15:37:29.282165+00:00
2019-02,21000,岐阜県,2257,2544,-287,2026-07-04T15:37:29.282165+00:00
2019-02,22000,静岡県,3591,3954,-363,2026-07-04T15:37:29.282165+00:00
2019-02,23000,愛知県,8100,8333,-233,2026-07-04T15:37:29.282165+00:00
2019-02,24000,三重県,2153,2344,-191,2026-07-04T15:37:29.282165+00:00
2019-02,25000,滋賀県,2033,1837,196,2026-07-04T15:37:29.282165+00:00
2019-02,26000,京都府,3538,4000,-462,2026-07-04T15:37:29.282165+00:00
2019-02,27000,大阪府,10908,10589,319,2026-07-04T15:37:29.282165+00:00
2019-02,28000,兵庫県,6055,6136,-81,2026-07-04T15:37:29.282165+00:00
2019-02,29000,奈良県,1598,2071,-473,2026-07-04T15:37:29.282165+00:00
2019-02,30000,和歌山県,784,906,-122,2026-07-04T15:37:29.282165+00:00
2019-02,31000,鳥取県,464,547,-83,2026-07-04T15:37:29.282165+00:00
2019-02,32000,島根県,748,716,32,2026-07-04T15:37:29.282165+00:00
2019-02,33000,岡山県,1806,2103,-297,2026-07-04T15:37:29.282165+00:00
2019-02,34000,広島県,2831,3335,-504,2026-07-04T15:37:29.282165+00:00
2019-02,35000,山口県,1416,1480,-64,2026-07-04T15:37:29.282165+00:00
2019-02,36000,徳島県,631,789,-158,2026-07-04T15:37:29.282165+00:00
2019-02,37000,香川県,1093,1086,7,2026-07-04T15:37:29.282165+00:00
2019-02,38000,愛媛県,1150,1388,-238,2026-07-04T15:37:29.282165+00:00
2019-02,39000,高知県,581,676,-95,2026-07-04T15:37:29.282165+00:00
2019-02,40000,福岡県,5977,5681,296,2026-07-04T15:37:29.282165+00:00
2019-02,41000,佐賀県,1178,1002,176,2026-07-04T15:37:29.282165+00:00
2019-02,42000,長崎県,1216,1575,-359,2026-07-04T15:37:29.282165+00:00
2019-02,43000,熊本県,1630,1693,-63,2026-07-04T15:37:29.282165+00:00
2019-02,44000,大分県,1192,1243,-51,2026-07-04T15:37:29.282165+00:00
2019-02,45000,宮崎県,1187,1137,50,2026-07-04T15:37:29.282165+00:00
2019-02,46000,鹿児島県,1550,1502,48,2026-07-04T15:37:29.282165+00:00
2019-02,47000,沖縄県,1765,1455,310,2026-07-04T15:37:29.282165+00:00
2019-03,01000,北海道,9854,13732,-3878,2026-07-04T15:37:29.282165+00:00
2019-03,02000,青森県,3136,6712,-3576,2026-07-04T15:37:29.282165+00:00
2019-03,03000,岩手県,3055,5646,-2591,2026-07-04T15:37:29.282165+00:00
2019-03,04000,宮城県,9921,11675,-1754,2026-07-04T15:37:29.282165+00:00
2019-03,05000,秋田県,1987,4167,-2180,2026-07-04T15:37:29.282165+00:00
2019-03,06000,山形県,2452,4697,-2245,2026-07-04T15:37:29.282165+00:00
2019-03,07000,福島県,4347,7635,-3288,2026-07-04T15:37:29.282165+00:00
2019-03,08000,茨城県,8796,11732,-2936,2026-07-04T15:37:29.282165+00:00
2019-03,09000,栃木県,6074,8566,-2492,2026-07-04T15:37:29.282165+00:00
2019-03,10000,群馬県,5761,7396,-1635,2026-07-04T15:37:29.282165+00:00
2019-03,11000,埼玉県,34433,26661,7772,2026-07-04T15:37:29.282165+00:00
2019-03,12000,千葉県,31234,24601,6633,2026-07-04T15:37:29.282165+00:00
2019-03,13000,東京都,96638,57082,39556,2026-07-04T15:37:29.282165+00:00
2019-03,14000,神奈川県,48164,32687,15477,2026-07-04T15:37:29.282165+00:00
2019-03,15000,新潟県,4364,7976,-3612,2026-07-04T15:37:29.282165+00:00
2019-03,16000,富山県,2617,3501,-884,2026-07-04T15:37:29.282165+00:00
2019-03,17000,石川県,3655,5013,-1358,2026-07-04T15:37:29.282165+00:00
2019-03,18000,福井県,1638,2764,-1126,2026-07-04T15:37:29.282165+00:00
2019-03,19000,山梨県,2440,3811,-1371,2026-07-04T15:37:29.282165+00:00
2019-03,20000,長野県,5245,7744,-2499,2026-07-04T15:37:29.282165+00:00
2019-03,21000,岐阜県,5364,7272,-1908,2026-07-04T15:37:29.282165+00:00
2019-03,22000,静岡県,11180,14141,-2961,2026-07-04T15:37:29.282165+00:00
2019-03,23000,愛知県,25865,23736,2129,2026-07-04T15:37:29.282165+00:00
2019-03,24000,三重県,5036,7189,-2153,2026-07-04T15:37:29.282165+00:00
2019-03,25000,滋賀県,5582,5637,-55,2026-07-04T15:37:29.282165+00:00
2019-03,26000,京都府,12147,12957,-810,2026-07-04T15:37:29.282165+00:00
2019-03,27000,大阪府,33791,29452,4339,2026-07-04T15:37:29.282165+00:00
2019-03,28000,兵庫県,17928,19497,-1569,2026-07-04T15:37:29.282165+00:00
2019-03,29000,奈良県,4195,5416,-1221,2026-07-04T15:37:29.282165+00:00
2019-03,30000,和歌山県,2050,3166,-1116,2026-07-04T15:37:29.282165+00:00
2019-03,31000,鳥取県,1468,2471,-1003,2026-07-04T15:37:29.282165+00:00
2019-03,32000,島根県,1936,3024,-1088,2026-07-04T15:37:29.282165+00:00
2019-03,33000,岡山県,5998,7313,-1315,2026-07-04T15:37:29.282165+00:00
2019-03,34000,広島県,9477,11502,-2025,2026-07-04T15:37:29.282165+00:00
2019-03,35000,山口県,3865,5744,-1879,2026-07-04T15:37:29.282165+00:00
2019-03,36000,徳島県,1651,2986,-1335,2026-07-04T15:37:29.282165+00:00
2019-03,37000,香川県,3521,4363,-842,2026-07-04T15:37:29.282165+00:00
2019-03,38000,愛媛県,3365,5063,-1698,2026-07-04T15:37:29.282165+00:00
2019-03,39000,高知県,1689,3068,-1379,2026-07-04T15:37:29.282165+00:00
2019-03,40000,福岡県,21824,22305,-481,2026-07-04T15:37:29.282165+00:00
2019-03,41000,佐賀県,3216,4027,-811,2026-07-04T15:37:29.282165+00:00
2019-03,42000,長崎県,4139,7206,-3067,2026-07-04T15:37:29.282165+00:00
2019-03,43000,熊本県,5461,7812,-2351,2026-07-04T15:37:29.282165+00:00
2019-03,44000,大分県,3688,4878,-1190,2026-07-04T15:37:29.282165+00:00
2019-03,45000,宮崎県,3244,5221,-1977,2026-07-04T15:37:29.282165+00:00
2019-03,46000,鹿児島県,5142,7591,-2449,2026-07-04T15:37:29.282165+00:00
2019-03,47000,沖縄県,4971,6769,-1798,2026-07-04T15:37:29.282165+00:00
2019-04,01000,北海道,10249,11705,-1456,2026-07-04T15:37:29.282165+00:00
2019-04,02000,青森県,3215,4852,-1637,2026-07-04T15:37:29.282165+00:00
2019-04,03000,岩手県,3440,4624,-1184,2026-07-04T15:37:29.282165+00:00
2019-04,04000,宮城県,9792,10014,-222,2026-07-04T15:37:29.282165+00:00
2019-04,05000,秋田県,2304,3119,-815,2026-07-04T15:37:29.282165+00:00
2019-04,06000,山形県,2745,3526,-781,2026-07-04T15:37:29.282165+00:00
2019-04,07000,福島県,4785,5733,-948,2026-07-04T15:37:29.282165+00:00
2019-04,08000,茨城県,8431,9411,-980,2026-07-04T15:37:29.282165+00:00
2019-04,09000,栃木県,5607,6470,-863,2026-07-04T15:37:29.282165+00:00
2019-04,10000,群馬県,5173,5671,-498,2026-07-04T15:37:29.282165+00:00
2019-04,11000,埼玉県,26477,22836,3641,2026-07-04T15:37:29.282165+00:00
2019-04,12000,千葉県,24857,21655,3202,2026-07-04T15:37:29.282165+00:00
2019-04,13000,東京都,68677,55604,13073,2026-07-04T15:37:29.282165+00:00
2019-04,14000,神奈川県,35621,29392,6229,2026-07-04T15:37:29.282165+00:00
2019-04,15000,新潟県,4442,5686,-1244,2026-07-04T15:37:29.282165+00:00
2019-04,16000,富山県,2319,2902,-583,2026-07-04T15:37:29.282165+00:00
2019-04,17000,石川県,4025,3895,130,2026-07-04T15:37:29.282165+00:00
2019-04,18000,福井県,1669,2295,-626,2026-07-04T15:37:29.282165+00:00
2019-04,19000,山梨県,2728,2803,-75,2026-07-04T15:37:29.282165+00:00
2019-04,20000,長野県,5104,5915,-811,2026-07-04T15:37:29.282165+00:00
2019-04,21000,岐阜県,4318,5685,-1367,2026-07-04T15:37:29.282165+00:00
2019-04,22000,静岡県,9114,10382,-1268,2026-07-04T15:37:29.282165+00:00
2019-04,23000,愛知県,21944,20647,1297,2026-07-04T15:37:29.282165+00:00
2019-04,24000,三重県,4810,5929,-1119,2026-07-04T15:37:29.282165+00:00
2019-04,25000,滋賀県,4836,3976,860,2026-07-04T15:37:29.282165+00:00
2019-04,26000,京都府,10486,9254,1232,2026-07-04T15:37:29.282165+00:00
2019-04,27000,大阪府,26897,26381,516,2026-07-04T15:37:29.282165+00:00
2019-04,28000,兵庫県,15042,16450,-1408,2026-07-04T15:37:29.282165+00:00
2019-04,29000,奈良県,4114,4049,65,2026-07-04T15:37:29.282165+00:00
2019-04,30000,和歌山県,1843,2716,-873,2026-07-04T15:37:29.282165+00:00
2019-04,31000,鳥取県,1857,2066,-209,2026-07-04T15:37:29.282165+00:00
2019-04,32000,島根県,2439,2552,-113,2026-07-04T15:37:29.282165+00:00
2019-04,33000,岡山県,5465,6310,-845,2026-07-04T15:37:29.282165+00:00
2019-04,34000,広島県,9603,10299,-696,2026-07-04T15:37:29.282165+00:00
2019-04,35000,山口県,5226,4903,323,2026-07-04T15:37:29.282165+00:00
2019-04,36000,徳島県,1769,2406,-637,2026-07-04T15:37:29.282165+00:00
2019-04,37000,香川県,3382,3963,-581,2026-07-04T15:37:29.282165+00:00
2019-04,38000,愛媛県,3622,4349,-727,2026-07-04T15:37:29.282165+00:00
2019-04,39000,高知県,2022,2442,-420,2026-07-04T15:37:29.282165+00:00
2019-04,40000,福岡県,20182,19748,434,2026-07-04T15:37:29.282165+00:00
2019-04,41000,佐賀県,2611,3456,-845,2026-07-04T15:37:29.282165+00:00
2019-04,42000,長崎県,4532,5891,-1359,2026-07-04T15:37:29.282165+00:00
2019-04,43000,熊本県,5227,6639,-1412,2026-07-04T15:37:29.282165+00:00
2019-04,44000,大分県,3376,4194,-818,2026-07-04T15:37:29.282165+00:00
2019-04,45000,宮崎県,3347,4679,-1332,2026-07-04T15:37:29.282165+00:00
2019-04,46000,鹿児島県,5386,6859,-1473,2026-07-04T15:37:29.282165+00:00
2019-04,47000,沖縄県,5238,6015,-777,2026-07-04T15:37:29.282165+00:00
2019-05,01000,北海道,3735,3772,-37,2026-07-04T15:37:29.282165+00:00
2019-05,02000,青森県,1155,1393,-238,2026-07-04T15:37:29.282165+00:00
2019-05,03000,岩手県,1443,1384,59,2026-07-04T15:37:29.282165+00:00
2019-05,04000,宮城県,3172,3193,-21,2026-07-04T15:37:29.282165+00:00
2019-05,05000,秋田県,770,1003,-233,2026-07-04T15:37:29.282165+00:00
2019-05,06000,山形県,861,1047,-186,2026-07-04T15:37:29.282165+00:00
2019-05,07000,福島県,1940,2212,-272,2026-07-04T15:37:29.282165+00:00
2019-05,08000,茨城県,4061,4461,-400,2026-07-04T15:37:29.282165+00:00
2019-05,09000,栃木県,2764,3064,-300,2026-07-04T15:37:29.282165+00:00
2019-05,10000,群馬県,2664,2704,-40,2026-07-04T15:37:29.282165+00:00
2019-05,11000,埼玉県,14899,13270,1629,2026-07-04T15:37:29.282165+00:00
2019-05,12000,千葉県,12768,12506,262,2026-07-04T15:37:29.282165+00:00
2019-05,13000,東京都,35367,30886,4481,2026-07-04T15:37:29.282165+00:00
2019-05,14000,神奈川県,17931,16574,1357,2026-07-04T15:37:29.282165+00:00
2019-05,15000,新潟県,1533,1919,-386,2026-07-04T15:37:29.282165+00:00
2019-05,16000,富山県,1094,1032,62,2026-07-04T15:37:29.282165+00:00
2019-05,17000,石川県,1339,1446,-107,2026-07-04T15:37:29.282165+00:00
2019-05,18000,福井県,695,911,-216,2026-07-04T15:37:29.282165+00:00
2019-05,19000,山梨県,1008,1089,-81,2026-07-04T15:37:29.282165+00:00
2019-05,20000,長野県,2129,2209,-80,2026-07-04T15:37:29.282165+00:00
2019-05,21000,岐阜県,2474,3095,-621,2026-07-04T15:37:29.282165+00:00
2019-05,22000,静岡県,4179,4370,-191,2026-07-04T15:37:29.282165+00:00
2019-05,23000,愛知県,9718,10005,-287,2026-07-04T15:37:29.282165+00:00
2019-05,24000,三重県,2460,2933,-473,2026-07-04T15:37:29.282165+00:00
2019-05,25000,滋賀県,2206,2335,-129,2026-07-04T15:37:29.282165+00:00
2019-05,26000,京都府,4256,4483,-227,2026-07-04T15:37:29.282165+00:00
2019-05,27000,大阪府,14040,13532,508,2026-07-04T15:37:29.282165+00:00
2019-05,28000,兵庫県,7218,7767,-549,2026-07-04T15:37:29.282165+00:00
2019-05,29000,奈良県,1668,2254,-586,2026-07-04T15:37:29.282165+00:00
2019-05,30000,和歌山県,794,1142,-348,2026-07-04T15:37:29.282165+00:00
2019-05,31000,鳥取県,590,660,-70,2026-07-04T15:37:29.282165+00:00
2019-05,32000,島根県,781,835,-54,2026-07-04T15:37:29.282165+00:00
2019-05,33000,岡山県,2321,2386,-65,2026-07-04T15:37:29.282165+00:00
2019-05,34000,広島県,3520,4060,-540,2026-07-04T15:37:29.282165+00:00
2019-05,35000,山口県,1611,1710,-99,2026-07-04T15:37:29.282165+00:00
2019-05,36000,徳島県,654,823,-169,2026-07-04T15:37:29.282165+00:00
2019-05,37000,香川県,1245,1295,-50,2026-07-04T15:37:29.282165+00:00
2019-05,38000,愛媛県,1181,1467,-286,2026-07-04T15:37:29.282165+00:00
2019-05,39000,高知県,610,728,-118,2026-07-04T15:37:29.282165+00:00
2019-05,40000,福岡県,7541,7334,207,2026-07-04T15:37:29.282165+00:00
2019-05,41000,佐賀県,1146,1298,-152,2026-07-04T15:37:29.282165+00:00
2019-05,42000,長崎県,1352,1830,-478,2026-07-04T15:37:29.282165+00:00
2019-05,43000,熊本県,1824,2290,-466,2026-07-04T15:37:29.282165+00:00
2019-05,44000,大分県,1255,1447,-192,2026-07-04T15:37:29.282165+00:00
2019-05,45000,宮崎県,1253,1281,-28,2026-07-04T15:37:29.282165+00:00
2019-05,46000,鹿児島県,1691,1895,-204,2026-07-04T15:37:29.282165+00:00
2019-05,47000,沖縄県,2089,1675,414,2026-07-04T15:37:29.282165+00:00
2019-06,01000,北海道,3062,3107,-45,2026-07-04T15:37:29.282165+00:00
2019-06,02000,青森県,896,1120,-224,2026-07-04T15:37:29.282165+00:00
2019-06,03000,岩手県,1128,1132,-4,2026-07-04T15:37:29.282165+00:00
2019-06,04000,宮城県,2421,2441,-20,2026-07-04T15:37:29.282165+00:00
2019-06,05000,秋田県,587,764,-177,2026-07-04T15:37:29.282165+00:00
2019-06,06000,山形県,655,835,-180,2026-07-04T15:37:29.282165+00:00
2019-06,07000,福島県,1561,1690,-129,2026-07-04T15:37:29.282165+00:00
2019-06,08000,茨城県,3312,3917,-605,2026-07-04T15:37:29.282165+00:00
2019-06,09000,栃木県,2418,2576,-158,2026-07-04T15:37:29.282165+00:00
2019-06,10000,群馬県,2185,2286,-101,2026-07-04T15:37:29.282165+00:00
2019-06,11000,埼玉県,12952,11215,1737,2026-07-04T15:37:29.282165+00:00
2019-06,12000,千葉県,10422,10634,-212,2026-07-04T15:37:29.282165+00:00
2019-06,13000,東京都,29329,26154,3175,2026-07-04T15:37:29.282165+00:00
2019-06,14000,神奈川県,14731,14041,690,2026-07-04T15:37:29.282165+00:00
2019-06,15000,新潟県,1229,1419,-190,2026-07-04T15:37:29.282165+00:00
2019-06,16000,富山県,915,836,79,2026-07-04T15:37:29.282165+00:00
2019-06,17000,石川県,1144,1158,-14,2026-07-04T15:37:29.282165+00:00
2019-06,18000,福井県,604,874,-270,2026-07-04T15:37:29.282165+00:00
2019-06,19000,山梨県,917,989,-72,2026-07-04T15:37:29.282165+00:00
2019-06,20000,長野県,1650,1773,-123,2026-07-04T15:37:29.282165+00:00
2019-06,21000,岐阜県,2033,2395,-362,2026-07-04T15:37:29.282165+00:00
2019-06,22000,静岡県,3599,3800,-201,2026-07-04T15:37:29.282165+00:00
2019-06,23000,愛知県,7815,7972,-157,2026-07-04T15:37:29.282165+00:00
2019-06,24000,三重県,2002,2437,-435,2026-07-04T15:37:29.282165+00:00
2019-06,25000,滋賀県,1859,1817,42,2026-07-04T15:37:29.282165+00:00
2019-06,26000,京都府,3173,3663,-490,2026-07-04T15:37:29.282165+00:00
2019-06,27000,大阪府,11164,10652,512,2026-07-04T15:37:29.282165+00:00
2019-06,28000,兵庫県,5935,6328,-393,2026-07-04T15:37:29.282165+00:00
2019-06,29000,奈良県,1385,1663,-278,2026-07-04T15:37:29.282165+00:00
2019-06,30000,和歌山県,741,804,-63,2026-07-04T15:37:29.282165+00:00
2019-06,31000,鳥取県,486,552,-66,2026-07-04T15:37:29.282165+00:00
2019-06,32000,島根県,614,612,2,2026-07-04T15:37:29.282165+00:00
2019-06,33000,岡山県,1673,1950,-277,2026-07-04T15:37:29.282165+00:00
2019-06,34000,広島県,2757,3063,-306,2026-07-04T15:37:29.282165+00:00
2019-06,35000,山口県,1268,1507,-239,2026-07-04T15:37:29.282165+00:00
2019-06,36000,徳島県,517,632,-115,2026-07-04T15:37:29.282165+00:00
2019-06,37000,香川県,935,1003,-68,2026-07-04T15:37:29.282165+00:00
2019-06,38000,愛媛県,978,1131,-153,2026-07-04T15:37:29.282165+00:00
2019-06,39000,高知県,455,537,-82,2026-07-04T15:37:29.282165+00:00
2019-06,40000,福岡県,5833,5697,136,2026-07-04T15:37:29.282165+00:00
2019-06,41000,佐賀県,919,988,-69,2026-07-04T15:37:29.282165+00:00
2019-06,42000,長崎県,1099,1477,-378,2026-07-04T15:37:29.282165+00:00
2019-06,43000,熊本県,1630,1670,-40,2026-07-04T15:37:29.282165+00:00
2019-06,44000,大分県,1133,1197,-64,2026-07-04T15:37:29.282165+00:00
2019-06,45000,宮崎県,1036,1037,-1,2026-07-04T15:37:29.282165+00:00
2019-06,46000,鹿児島県,1476,1491,-15,2026-07-04T15:37:29.282165+00:00
2019-06,47000,沖縄県,1848,1445,403,2026-07-04T15:37:29.282165+00:00
2019-07,01000,北海道,4379,3397,982,2026-07-04T15:37:29.282165+00:00
2019-07,02000,青森県,1559,1447,112,2026-07-04T15:37:29.282165+00:00
2019-07,03000,岩手県,1421,1500,-79,2026-07-04T15:37:29.282165+00:00
2019-07,04000,宮城県,3729,3981,-252,2026-07-04T15:37:29.282165+00:00
2019-07,05000,秋田県,966,947,19,2026-07-04T15:37:29.282165+00:00
2019-07,06000,山形県,1086,1097,-11,2026-07-04T15:37:29.282165+00:00
2019-07,07000,福島県,2143,2282,-139,2026-07-04T15:37:29.282165+00:00
2019-07,08000,茨城県,3751,4273,-522,2026-07-04T15:37:29.282165+00:00
2019-07,09000,栃木県,2869,2800,69,2026-07-04T15:37:29.282165+00:00
2019-07,10000,群馬県,2612,2525,87,2026-07-04T15:37:29.282165+00:00
2019-07,11000,埼玉県,15166,14081,1085,2026-07-04T15:37:29.282165+00:00
2019-07,12000,千葉県,12386,12433,-47,2026-07-04T15:37:29.282165+00:00
2019-07,13000,東京都,32938,31739,1199,2026-07-04T15:37:29.282165+00:00
2019-07,14000,神奈川県,17568,17530,38,2026-07-04T15:37:29.282165+00:00
2019-07,15000,新潟県,1832,1984,-152,2026-07-04T15:37:29.282165+00:00
2019-07,16000,富山県,1114,1027,87,2026-07-04T15:37:29.282165+00:00
2019-07,17000,石川県,1461,1370,91,2026-07-04T15:37:29.282165+00:00
2019-07,18000,福井県,765,900,-135,2026-07-04T15:37:29.282165+00:00
2019-07,19000,山梨県,1087,1197,-110,2026-07-04T15:37:29.282165+00:00
2019-07,20000,長野県,2194,2203,-9,2026-07-04T15:37:29.282165+00:00
2019-07,21000,岐阜県,2468,2858,-390,2026-07-04T15:37:29.282165+00:00
2019-07,22000,静岡県,4778,4480,298,2026-07-04T15:37:29.282165+00:00
2019-07,23000,愛知県,9861,9937,-76,2026-07-04T15:37:29.282165+00:00
2019-07,24000,三重県,2483,2843,-360,2026-07-04T15:37:29.282165+00:00
2019-07,25000,滋賀県,2217,2585,-368,2026-07-04T15:37:29.282165+00:00
2019-07,26000,京都府,3948,4276,-328,2026-07-04T15:37:29.282165+00:00
2019-07,27000,大阪府,13253,12651,602,2026-07-04T15:37:29.282165+00:00
2019-07,28000,兵庫県,7081,7466,-385,2026-07-04T15:37:29.282165+00:00
2019-07,29000,奈良県,1653,1926,-273,2026-07-04T15:37:29.282165+00:00
2019-07,30000,和歌山県,913,1054,-141,2026-07-04T15:37:29.282165+00:00
2019-07,31000,鳥取県,738,694,44,2026-07-04T15:37:29.282165+00:00
2019-07,32000,島根県,746,852,-106,2026-07-04T15:37:29.282165+00:00
2019-07,33000,岡山県,2232,2277,-45,2026-07-04T15:37:29.282165+00:00
2019-07,34000,広島県,3525,4031,-506,2026-07-04T15:37:29.282165+00:00
2019-07,35000,山口県,1616,2667,-1051,2026-07-04T15:37:29.282165+00:00
2019-07,36000,徳島県,694,840,-146,2026-07-04T15:37:29.282165+00:00
2019-07,37000,香川県,1318,1372,-54,2026-07-04T15:37:29.282165+00:00
2019-07,38000,愛媛県,1321,1703,-382,2026-07-04T15:37:29.282165+00:00
2019-07,39000,高知県,621,674,-53,2026-07-04T15:37:29.282165+00:00
2019-07,40000,福岡県,7871,7179,692,2026-07-04T15:37:29.282165+00:00
2019-07,41000,佐賀県,1310,1191,119,2026-07-04T15:37:29.282165+00:00
2019-07,42000,長崎県,1764,1956,-192,2026-07-04T15:37:29.282165+00:00
2019-07,43000,熊本県,2500,2068,432,2026-07-04T15:37:29.282165+00:00
2019-07,44000,大分県,1512,1530,-18,2026-07-04T15:37:29.282165+00:00
2019-07,45000,宮崎県,1379,1397,-18,2026-07-04T15:37:29.282165+00:00
2019-07,46000,鹿児島県,2041,2234,-193,2026-07-04T15:37:29.282165+00:00
2019-07,47000,沖縄県,2254,1669,585,2026-07-04T15:37:29.282165+00:00
2019-08,01000,北海道,4091,4012,79,2026-07-04T15:37:29.282165+00:00
2019-08,02000,青森県,1446,1547,-101,2026-07-04T15:37:29.282165+00:00
2019-08,03000,岩手県,1040,1233,-193,2026-07-04T15:37:29.282165+00:00
2019-08,04000,宮城県,3054,2913,141,2026-07-04T15:37:29.282165+00:00
2019-08,05000,秋田県,771,832,-61,2026-07-04T15:37:29.282165+00:00
2019-08,06000,山形県,859,1025,-166,2026-07-04T15:37:29.282165+00:00
2019-08,07000,福島県,1809,2029,-220,2026-07-04T15:37:29.282165+00:00
2019-08,08000,茨城県,3697,4011,-314,2026-07-04T15:37:29.282165+00:00
2019-08,09000,栃木県,2706,2718,-12,2026-07-04T15:37:29.282165+00:00
2019-08,10000,群馬県,2206,2401,-195,2026-07-04T15:37:29.282165+00:00
2019-08,11000,埼玉県,13550,12152,1398,2026-07-04T15:37:29.282165+00:00
2019-08,12000,千葉県,11328,11171,157,2026-07-04T15:37:29.282165+00:00
2019-08,13000,東京都,31097,27449,3648,2026-07-04T15:37:29.282165+00:00
2019-08,14000,神奈川県,15710,15156,554,2026-07-04T15:37:29.282165+00:00
2019-08,15000,新潟県,1525,1774,-249,2026-07-04T15:37:29.282165+00:00
2019-08,16000,富山県,814,1016,-202,2026-07-04T15:37:29.282165+00:00
2019-08,17000,石川県,1205,1307,-102,2026-07-04T15:37:29.282165+00:00
2019-08,18000,福井県,611,859,-248,2026-07-04T15:37:29.282165+00:00
2019-08,19000,山梨県,885,1064,-179,2026-07-04T15:37:29.282165+00:00
2019-08,20000,長野県,1772,1769,3,2026-07-04T15:37:29.282165+00:00
2019-08,21000,岐阜県,2235,2608,-373,2026-07-04T15:37:29.282165+00:00
2019-08,22000,静岡県,4112,4568,-456,2026-07-04T15:37:29.282165+00:00
2019-08,23000,愛知県,8222,8864,-642,2026-07-04T15:37:29.282165+00:00
2019-08,24000,三重県,2060,2530,-470,2026-07-04T15:37:29.282165+00:00
2019-08,25000,滋賀県,2000,2004,-4,2026-07-04T15:37:29.282165+00:00
2019-08,26000,京都府,3786,4065,-279,2026-07-04T15:37:29.282165+00:00
2019-08,27000,大阪府,11770,11319,451,2026-07-04T15:37:29.282165+00:00
2019-08,28000,兵庫県,6376,6722,-346,2026-07-04T15:37:29.282165+00:00
2019-08,29000,奈良県,1654,1770,-116,2026-07-04T15:37:29.282165+00:00
2019-08,30000,和歌山県,767,885,-118,2026-07-04T15:37:29.282165+00:00
2019-08,31000,鳥取県,646,710,-64,2026-07-04T15:37:29.282165+00:00
2019-08,32000,島根県,661,824,-163,2026-07-04T15:37:29.282165+00:00
2019-08,33000,岡山県,1931,2004,-73,2026-07-04T15:37:29.282165+00:00
2019-08,34000,広島県,2921,3687,-766,2026-07-04T15:37:29.282165+00:00
2019-08,35000,山口県,1581,1818,-237,2026-07-04T15:37:29.282165+00:00
2019-08,36000,徳島県,726,906,-180,2026-07-04T15:37:29.282165+00:00
2019-08,37000,香川県,1181,1213,-32,2026-07-04T15:37:29.282165+00:00
2019-08,38000,愛媛県,1187,1418,-231,2026-07-04T15:37:29.282165+00:00
2019-08,39000,高知県,560,621,-61,2026-07-04T15:37:29.282165+00:00
2019-08,40000,福岡県,7128,6491,637,2026-07-04T15:37:29.282165+00:00
2019-08,41000,佐賀県,1151,1252,-101,2026-07-04T15:37:29.282165+00:00
2019-08,42000,長崎県,1616,2040,-424,2026-07-04T15:37:29.282165+00:00
2019-08,43000,熊本県,2190,2191,-1,2026-07-04T15:37:29.282165+00:00
2019-08,44000,大分県,1311,1453,-142,2026-07-04T15:37:29.282165+00:00
2019-08,45000,宮崎県,1430,1267,163,2026-07-04T15:37:29.282165+00:00
2019-08,46000,鹿児島県,1899,1984,-85,2026-07-04T15:37:29.282165+00:00
2019-08,47000,沖縄県,2225,1850,375,2026-07-04T15:37:29.282165+00:00
2019-09,01000,北海道,3315,3470,-155,2026-07-04T15:37:29.282165+00:00
2019-09,02000,青森県,1320,1197,123,2026-07-04T15:37:29.282165+00:00
2019-09,03000,岩手県,1210,1215,-5,2026-07-04T15:37:29.282165+00:00
2019-09,04000,宮城県,2810,2917,-107,2026-07-04T15:37:29.282165+00:00
2019-09,05000,秋田県,677,847,-170,2026-07-04T15:37:29.282165+00:00
2019-09,06000,山形県,853,927,-74,2026-07-04T15:37:29.282165+00:00
2019-09,07000,福島県,1695,1978,-283,2026-07-04T15:37:29.282165+00:00
2019-09,08000,茨城県,3751,3817,-66,2026-07-04T15:37:29.282165+00:00
2019-09,09000,栃木県,2436,2842,-406,2026-07-04T15:37:29.282165+00:00
2019-09,10000,群馬県,2502,2382,120,2026-07-04T15:37:29.282165+00:00
2019-09,11000,埼玉県,13134,11962,1172,2026-07-04T15:37:29.282165+00:00
2019-09,12000,千葉県,11299,10734,565,2026-07-04T15:37:29.282165+00:00
2019-09,13000,東京都,30590,27228,3362,2026-07-04T15:37:29.282165+00:00
2019-09,14000,神奈川県,15482,14407,1075,2026-07-04T15:37:29.282165+00:00
2019-09,15000,新潟県,1436,1722,-286,2026-07-04T15:37:29.282165+00:00
2019-09,16000,富山県,890,978,-88,2026-07-04T15:37:29.282165+00:00
2019-09,17000,石川県,1217,1425,-208,2026-07-04T15:37:29.282165+00:00
2019-09,18000,福井県,680,844,-164,2026-07-04T15:37:29.282165+00:00
2019-09,19000,山梨県,900,1016,-116,2026-07-04T15:37:29.282165+00:00
2019-09,20000,長野県,1856,2107,-251,2026-07-04T15:37:29.282165+00:00
2019-09,21000,岐阜県,2176,2505,-329,2026-07-04T15:37:29.282165+00:00
2019-09,22000,静岡県,3867,3933,-66,2026-07-04T15:37:29.282165+00:00
2019-09,23000,愛知県,8082,9023,-941,2026-07-04T15:37:29.282165+00:00
2019-09,24000,三重県,2258,2552,-294,2026-07-04T15:37:29.282165+00:00
2019-09,25000,滋賀県,2162,1877,285,2026-07-04T15:37:29.282165+00:00
2019-09,26000,京都府,3543,4165,-622,2026-07-04T15:37:29.282165+00:00
2019-09,27000,大阪府,11593,11486,107,2026-07-04T15:37:29.282165+00:00
2019-09,28000,兵庫県,6116,6559,-443,2026-07-04T15:37:29.282165+00:00
2019-09,29000,奈良県,1595,1771,-176,2026-07-04T15:37:29.282165+00:00
2019-09,30000,和歌山県,741,898,-157,2026-07-04T15:37:29.282165+00:00
2019-09,31000,鳥取県,557,585,-28,2026-07-04T15:37:29.282165+00:00
2019-09,32000,島根県,701,768,-67,2026-07-04T15:37:29.282165+00:00
2019-09,33000,岡山県,1852,2262,-410,2026-07-04T15:37:29.282165+00:00
2019-09,34000,広島県,3013,3505,-492,2026-07-04T15:37:29.282165+00:00
2019-09,35000,山口県,1532,1482,50,2026-07-04T15:37:29.282165+00:00
2019-09,36000,徳島県,553,700,-147,2026-07-04T15:37:29.282165+00:00
2019-09,37000,香川県,1184,1111,73,2026-07-04T15:37:29.282165+00:00
2019-09,38000,愛媛県,1141,1370,-229,2026-07-04T15:37:29.282165+00:00
2019-09,39000,高知県,553,644,-91,2026-07-04T15:37:29.282165+00:00
2019-09,40000,福岡県,6479,6390,89,2026-07-04T15:37:29.282165+00:00
2019-09,41000,佐賀県,1048,1066,-18,2026-07-04T15:37:29.282165+00:00
2019-09,42000,長崎県,1331,1609,-278,2026-07-04T15:37:29.282165+00:00
2019-09,43000,熊本県,1827,2013,-186,2026-07-04T15:37:29.282165+00:00
2019-09,44000,大分県,1282,1441,-159,2026-07-04T15:37:29.282165+00:00
2019-09,45000,宮崎県,1207,1083,124,2026-07-04T15:37:29.282165+00:00
2019-09,46000,鹿児島県,1806,1686,120,2026-07-04T15:37:29.282165+00:00
2019-09,47000,沖縄県,1742,1495,247,2026-07-04T15:37:29.282165+00:00
2019-10,01000,北海道,3563,3633,-70,2026-07-04T15:37:29.282165+00:00
2019-10,02000,青森県,1112,1282,-170,2026-07-04T15:37:29.282165+00:00
2019-10,03000,岩手県,1179,1330,-151,2026-07-04T15:37:29.282165+00:00
2019-10,04000,宮城県,3104,2942,162,2026-07-04T15:37:29.282165+00:00
2019-10,05000,秋田県,715,836,-121,2026-07-04T15:37:29.282165+00:00
2019-10,06000,山形県,883,963,-80,2026-07-04T15:37:29.282165+00:00
2019-10,07000,福島県,1652,1980,-328,2026-07-04T15:37:29.282165+00:00
2019-10,08000,茨城県,3906,3984,-78,2026-07-04T15:37:29.282165+00:00
2019-10,09000,栃木県,2577,2964,-387,2026-07-04T15:37:29.282165+00:00
2019-10,10000,群馬県,2444,2289,155,2026-07-04T15:37:29.282165+00:00
2019-10,11000,埼玉県,13796,12162,1634,2026-07-04T15:37:29.282165+00:00
2019-10,12000,千葉県,11171,11677,-506,2026-07-04T15:37:29.282165+00:00
2019-10,13000,東京都,30593,27936,2657,2026-07-04T15:37:29.282165+00:00
2019-10,14000,神奈川県,16085,14726,1359,2026-07-04T15:37:29.282165+00:00
2019-10,15000,新潟県,1444,1607,-163,2026-07-04T15:37:29.282165+00:00
2019-10,16000,富山県,928,1072,-144,2026-07-04T15:37:29.282165+00:00
2019-10,17000,石川県,1240,1415,-175,2026-07-04T15:37:29.282165+00:00
2019-10,18000,福井県,686,877,-191,2026-07-04T15:37:29.282165+00:00
2019-10,19000,山梨県,990,1070,-80,2026-07-04T15:37:29.282165+00:00
2019-10,20000,長野県,1940,1987,-47,2026-07-04T15:37:29.282165+00:00
2019-10,21000,岐阜県,2155,2612,-457,2026-07-04T15:37:29.282165+00:00
2019-10,22000,静岡県,3992,4137,-145,2026-07-04T15:37:29.282165+00:00
2019-10,23000,愛知県,8310,9264,-954,2026-07-04T15:37:29.282165+00:00
2019-10,24000,三重県,2381,2494,-113,2026-07-04T15:37:29.282165+00:00
2019-10,25000,滋賀県,2129,2031,98,2026-07-04T15:37:29.282165+00:00
2019-10,26000,京都府,4082,4128,-46,2026-07-04T15:37:29.282165+00:00
2019-10,27000,大阪府,12177,11838,339,2026-07-04T15:37:29.282165+00:00
2019-10,28000,兵庫県,6475,6680,-205,2026-07-04T15:37:29.282165+00:00
2019-10,29000,奈良県,1765,1875,-110,2026-07-04T15:37:29.282165+00:00
2019-10,30000,和歌山県,819,992,-173,2026-07-04T15:37:29.282165+00:00
2019-10,31000,鳥取県,526,559,-33,2026-07-04T15:37:29.282165+00:00
2019-10,32000,島根県,656,796,-140,2026-07-04T15:37:29.282165+00:00
2019-10,33000,岡山県,1972,2300,-328,2026-07-04T15:37:29.282165+00:00
2019-10,34000,広島県,3047,3673,-626,2026-07-04T15:37:29.282165+00:00
2019-10,35000,山口県,1469,1497,-28,2026-07-04T15:37:29.282165+00:00
2019-10,36000,徳島県,630,716,-86,2026-07-04T15:37:29.282165+00:00
2019-10,37000,香川県,1155,1296,-141,2026-07-04T15:37:29.282165+00:00
2019-10,38000,愛媛県,1229,1343,-114,2026-07-04T15:37:29.282165+00:00
2019-10,39000,高知県,569,575,-6,2026-07-04T15:37:29.282165+00:00
2019-10,40000,福岡県,6661,6530,131,2026-07-04T15:37:29.282165+00:00
2019-10,41000,佐賀県,1055,1130,-75,2026-07-04T15:37:29.282165+00:00
2019-10,42000,長崎県,1468,1698,-230,2026-07-04T15:37:29.282165+00:00
2019-10,43000,熊本県,1852,1874,-22,2026-07-04T15:37:29.282165+00:00
2019-10,44000,大分県,1216,1368,-152,2026-07-04T15:37:29.282165+00:00
2019-10,45000,宮崎県,1208,1152,56,2026-07-04T15:37:29.282165+00:00
2019-10,46000,鹿児島県,1709,1660,49,2026-07-04T15:37:29.282165+00:00
2019-10,47000,沖縄県,1890,1655,235,2026-07-04T15:37:29.282165+00:00
2019-11,01000,北海道,2634,2640,-6,2026-07-04T15:37:29.282165+00:00
2019-11,02000,青森県,941,858,83,2026-07-04T15:37:29.282165+00:00
2019-11,03000,岩手県,956,934,22,2026-07-04T15:37:29.282165+00:00
2019-11,04000,宮城県,2037,2227,-190,2026-07-04T15:37:29.282165+00:00
2019-11,05000,秋田県,649,634,15,2026-07-04T15:37:29.282165+00:00
2019-11,06000,山形県,664,772,-108,2026-07-04T15:37:29.282165+00:00
2019-11,07000,福島県,1475,1694,-219,2026-07-04T15:37:29.282165+00:00
2019-11,08000,茨城県,3096,3472,-376,2026-07-04T15:37:29.282165+00:00
2019-11,09000,栃木県,2136,2312,-176,2026-07-04T15:37:29.282165+00:00
2019-11,10000,群馬県,2004,1954,50,2026-07-04T15:37:29.282165+00:00
2019-11,11000,埼玉県,11553,10501,1052,2026-07-04T15:37:29.282165+00:00
2019-11,12000,千葉県,9410,9709,-299,2026-07-04T15:37:29.282165+00:00
2019-11,13000,東京都,25793,23539,2254,2026-07-04T15:37:29.282165+00:00
2019-11,14000,神奈川県,13301,12425,876,2026-07-04T15:37:29.282165+00:00
2019-11,15000,新潟県,1172,1276,-104,2026-07-04T15:37:29.282165+00:00
2019-11,16000,富山県,689,830,-141,2026-07-04T15:37:29.282165+00:00
2019-11,17000,石川県,973,948,25,2026-07-04T15:37:29.282165+00:00
2019-11,18000,福井県,603,724,-121,2026-07-04T15:37:29.282165+00:00
2019-11,19000,山梨県,774,791,-17,2026-07-04T15:37:29.282165+00:00
2019-11,20000,長野県,1612,1545,67,2026-07-04T15:37:29.282165+00:00
2019-11,21000,岐阜県,2070,2375,-305,2026-07-04T15:37:29.282165+00:00
2019-11,22000,静岡県,3180,3266,-86,2026-07-04T15:37:29.282165+00:00
2019-11,23000,愛知県,6321,7447,-1126,2026-07-04T15:37:29.282165+00:00
2019-11,24000,三重県,1893,2090,-197,2026-07-04T15:37:29.282165+00:00
2019-11,25000,滋賀県,1842,1658,184,2026-07-04T15:37:29.282165+00:00
2019-11,26000,京都府,3199,3187,12,2026-07-04T15:37:29.282165+00:00
2019-11,27000,大阪府,9585,9601,-16,2026-07-04T15:37:29.282165+00:00
2019-11,28000,兵庫県,5089,5450,-361,2026-07-04T15:37:29.282165+00:00
2019-11,29000,奈良県,1463,1575,-112,2026-07-04T15:37:29.282165+00:00
2019-11,30000,和歌山県,678,721,-43,2026-07-04T15:37:29.282165+00:00
2019-11,31000,鳥取県,480,415,65,2026-07-04T15:37:29.282165+00:00
2019-11,32000,島根県,515,667,-152,2026-07-04T15:37:29.282165+00:00
2019-11,33000,岡山県,1610,1781,-171,2026-07-04T15:37:29.282165+00:00
2019-11,34000,広島県,2224,2666,-442,2026-07-04T15:37:29.282165+00:00
2019-11,35000,山口県,1124,1336,-212,2026-07-04T15:37:29.282165+00:00
2019-11,36000,徳島県,454,633,-179,2026-07-04T15:37:29.282165+00:00
2019-11,37000,香川県,853,866,-13,2026-07-04T15:37:29.282165+00:00
2019-11,38000,愛媛県,892,941,-49,2026-07-04T15:37:29.282165+00:00
2019-11,39000,高知県,428,452,-24,2026-07-04T15:37:29.282165+00:00
2019-11,40000,福岡県,5080,4706,374,2026-07-04T15:37:29.282165+00:00
2019-11,41000,佐賀県,940,866,74,2026-07-04T15:37:29.282165+00:00
2019-11,42000,長崎県,1062,1195,-133,2026-07-04T15:37:29.282165+00:00
2019-11,43000,熊本県,1426,1382,44,2026-07-04T15:37:29.282165+00:00
2019-11,44000,大分県,995,1082,-87,2026-07-04T15:37:29.282165+00:00
2019-11,45000,宮崎県,969,889,80,2026-07-04T15:37:29.282165+00:00
2019-11,46000,鹿児島県,1295,1305,-10,2026-07-04T15:37:29.282165+00:00
2019-11,47000,沖縄県,1495,1297,198,2026-07-04T15:37:29.282165+00:00
2019-12,01000,北海道,2768,2672,96,2026-07-04T15:37:29.282165+00:00
2019-12,02000,青森県,879,906,-27,2026-07-04T15:37:29.282165+00:00
2019-12,03000,岩手県,938,982,-44,2026-07-04T15:37:29.282165+00:00
2019-12,04000,宮城県,2265,2210,55,2026-07-04T15:37:29.282165+00:00
2019-12,05000,秋田県,612,564,48,2026-07-04T15:37:29.282165+00:00
2019-12,06000,山形県,696,737,-41,2026-07-04T15:37:29.282165+00:00
2019-12,07000,福島県,1463,1756,-293,2026-07-04T15:37:29.282165+00:00
2019-12,08000,茨城県,3242,3445,-203,2026-07-04T15:37:29.282165+00:00
2019-12,09000,栃木県,2066,2445,-379,2026-07-04T15:37:29.282165+00:00
2019-12,10000,群馬県,2042,2079,-37,2026-07-04T15:37:29.282165+00:00
2019-12,11000,埼玉県,11994,10721,1273,2026-07-04T15:37:29.282165+00:00
2019-12,12000,千葉県,10074,10007,67,2026-07-04T15:37:29.282165+00:00
2019-12,13000,東京都,26915,25372,1543,2026-07-04T15:37:29.282165+00:00
2019-12,14000,神奈川県,14316,14054,262,2026-07-04T15:37:29.282165+00:00
2019-12,15000,新潟県,1183,1228,-45,2026-07-04T15:37:29.282165+00:00
2019-12,16000,富山県,684,817,-133,2026-07-04T15:37:29.282165+00:00
2019-12,17000,石川県,939,1090,-151,2026-07-04T15:37:29.282165+00:00
2019-12,18000,福井県,648,660,-12,2026-07-04T15:37:29.282165+00:00
2019-12,19000,山梨県,723,895,-172,2026-07-04T15:37:29.282165+00:00
2019-12,20000,長野県,1712,1738,-26,2026-07-04T15:37:29.282165+00:00
2019-12,21000,岐阜県,2083,2271,-188,2026-07-04T15:37:29.282165+00:00
2019-12,22000,静岡県,3461,3826,-365,2026-07-04T15:37:29.282165+00:00
2019-12,23000,愛知県,7002,7977,-975,2026-07-04T15:37:29.282165+00:00
2019-12,24000,三重県,1938,2223,-285,2026-07-04T15:37:29.282165+00:00
2019-12,25000,滋賀県,1809,1783,26,2026-07-04T15:37:29.282165+00:00
2019-12,26000,京都府,3240,3689,-449,2026-07-04T15:37:29.282165+00:00
2019-12,27000,大阪府,10348,9771,577,2026-07-04T15:37:29.282165+00:00
2019-12,28000,兵庫県,5410,5750,-340,2026-07-04T15:37:29.282165+00:00
2019-12,29000,奈良県,1662,1586,76,2026-07-04T15:37:29.282165+00:00
2019-12,30000,和歌山県,703,807,-104,2026-07-04T15:37:29.282165+00:00
2019-12,31000,鳥取県,479,468,11,2026-07-04T15:37:29.282165+00:00
2019-12,32000,島根県,512,622,-110,2026-07-04T15:37:29.282165+00:00
2019-12,33000,岡山県,1670,1739,-69,2026-07-04T15:37:29.282165+00:00
2019-12,34000,広島県,2530,3092,-562,2026-07-04T15:37:29.282165+00:00
2019-12,35000,山口県,1249,1399,-150,2026-07-04T15:37:29.282165+00:00
2019-12,36000,徳島県,581,562,19,2026-07-04T15:37:29.282165+00:00
2019-12,37000,香川県,970,942,28,2026-07-04T15:37:29.282165+00:00
2019-12,38000,愛媛県,1006,977,29,2026-07-04T15:37:29.282165+00:00
2019-12,39000,高知県,507,482,25,2026-07-04T15:37:29.282165+00:00
2019-12,40000,福岡県,5475,4995,480,2026-07-04T15:37:29.282165+00:00
2019-12,41000,佐賀県,949,993,-44,2026-07-04T15:37:29.282165+00:00
2019-12,42000,長崎県,1151,1265,-114,2026-07-04T15:37:29.282165+00:00
2019-12,43000,熊本県,1631,1545,86,2026-07-04T15:37:29.282165+00:00
2019-12,44000,大分県,1110,1056,54,2026-07-04T15:37:29.282165+00:00
2019-12,45000,宮崎県,1125,848,277,2026-07-04T15:37:29.282165+00:00
2019-12,46000,鹿児島県,1425,1311,114,2026-07-04T15:37:29.282165+00:00
2019-12,47000,沖縄県,1644,1472,172,2026-07-04T15:37:29.282165+00:00
2020-01,01000,北海道,2665,2722,-57,2026-07-04T15:37:29.282165+00:00
2020-01,02000,青森県,919,1050,-131,2026-07-04T15:37:29.282165+00:00
2020-01,03000,岩手県,925,1006,-81,2026-07-04T15:37:29.282165+00:00
2020-01,04000,宮城県,2366,2315,51,2026-07-04T15:37:29.282165+00:00
2020-01,05000,秋田県,541,653,-112,2026-07-04T15:37:29.282165+00:00
2020-01,06000,山形県,631,776,-145,2026-07-04T15:37:29.282165+00:00
2020-01,07000,福島県,1450,1798,-348,2026-07-04T15:37:29.282165+00:00
2020-01,08000,茨城県,3442,3602,-160,2026-07-04T15:37:29.282165+00:00
2020-01,09000,栃木県,2301,2627,-326,2026-07-04T15:37:29.282165+00:00
2020-01,10000,群馬県,2241,2098,143,2026-07-04T15:37:29.282165+00:00
2020-01,11000,埼玉県,11847,10111,1736,2026-07-04T15:37:29.282165+00:00
2020-01,12000,千葉県,9713,9951,-238,2026-07-04T15:37:29.282165+00:00
2020-01,13000,東京都,27385,24099,3286,2026-07-04T15:37:29.282165+00:00
2020-01,14000,神奈川県,13807,13018,789,2026-07-04T15:37:29.282165+00:00
2020-01,15000,新潟県,1158,1443,-285,2026-07-04T15:37:29.282165+00:00
2020-01,16000,富山県,696,843,-147,2026-07-04T15:37:29.282165+00:00
2020-01,17000,石川県,960,1159,-199,2026-07-04T15:37:29.282165+00:00
2020-01,18000,福井県,677,619,58,2026-07-04T15:37:29.282165+00:00
2020-01,19000,山梨県,772,1052,-280,2026-07-04T15:37:29.282165+00:00
2020-01,20000,長野県,1497,1826,-329,2026-07-04T15:37:29.282165+00:00
2020-01,21000,岐阜県,2033,2313,-280,2026-07-04T15:37:29.282165+00:00
2020-01,22000,静岡県,3684,3619,65,2026-07-04T15:37:29.282165+00:00
2020-01,23000,愛知県,7194,8462,-1268,2026-07-04T15:37:29.282165+00:00
2020-01,24000,三重県,2101,2284,-183,2026-07-04T15:37:29.282165+00:00
2020-01,25000,滋賀県,1759,1789,-30,2026-07-04T15:37:29.282165+00:00
2020-01,26000,京都府,3276,3464,-188,2026-07-04T15:37:29.282165+00:00
2020-01,27000,大阪府,10581,10191,390,2026-07-04T15:37:29.282165+00:00
2020-01,28000,兵庫県,5458,6108,-650,2026-07-04T15:37:29.282165+00:00
2020-01,29000,奈良県,1430,1572,-142,2026-07-04T15:37:29.282165+00:00
2020-01,30000,和歌山県,642,901,-259,2026-07-04T15:37:29.282165+00:00
2020-01,31000,鳥取県,487,447,40,2026-07-04T15:37:29.282165+00:00
2020-01,32000,島根県,571,731,-160,2026-07-04T15:37:29.282165+00:00
2020-01,33000,岡山県,1857,1976,-119,2026-07-04T15:37:29.282165+00:00
2020-01,34000,広島県,2664,3122,-458,2026-07-04T15:37:29.282165+00:00
2020-01,35000,山口県,1262,1420,-158,2026-07-04T15:37:29.282165+00:00
2020-01,36000,徳島県,542,621,-79,2026-07-04T15:37:29.282165+00:00
2020-01,37000,香川県,964,1016,-52,2026-07-04T15:37:29.282165+00:00
2020-01,38000,愛媛県,1034,1167,-133,2026-07-04T15:37:29.282165+00:00
2020-01,39000,高知県,509,550,-41,2026-07-04T15:37:29.282165+00:00
2020-01,40000,福岡県,5846,5746,100,2026-07-04T15:37:29.282165+00:00
2020-01,41000,佐賀県,953,993,-40,2026-07-04T15:37:29.282165+00:00
2020-01,42000,長崎県,1318,1529,-211,2026-07-04T15:37:29.282165+00:00
2020-01,43000,熊本県,1608,1615,-7,2026-07-04T15:37:29.282165+00:00
2020-01,44000,大分県,1137,1183,-46,2026-07-04T15:37:29.282165+00:00
2020-01,45000,宮崎県,1116,1045,71,2026-07-04T15:37:29.282165+00:00
2020-01,46000,鹿児島県,1527,1475,52,2026-07-04T15:37:29.282165+00:00
2020-01,47000,沖縄県,1950,1389,561,2026-07-04T15:37:29.282165+00:00
2020-02,01000,北海道,2544,3059,-515,2026-07-04T15:37:29.282165+00:00
2020-02,02000,青森県,889,1026,-137,2026-07-04T15:37:29.282165+00:00
2020-02,03000,岩手県,896,1179,-283,2026-07-04T15:37:29.282165+00:00
2020-02,04000,宮城県,2416,2489,-73,2026-07-04T15:37:29.282165+00:00
2020-02,05000,秋田県,571,721,-150,2026-07-04T15:37:29.282165+00:00
2020-02,06000,山形県,673,829,-156,2026-07-04T15:37:29.282165+00:00
2020-02,07000,福島県,1444,1956,-512,2026-07-04T15:37:29.282165+00:00
2020-02,08000,茨城県,3535,4091,-556,2026-07-04T15:37:29.282165+00:00
2020-02,09000,栃木県,2307,2697,-390,2026-07-04T15:37:29.282165+00:00
2020-02,10000,群馬県,2081,2302,-221,2026-07-04T15:37:29.282165+00:00
2020-02,11000,埼玉県,13133,11319,1814,2026-07-04T15:37:29.282165+00:00
2020-02,12000,千葉県,10733,10746,-13,2026-07-04T15:37:29.282165+00:00
2020-02,13000,東京都,30812,26234,4578,2026-07-04T15:37:29.282165+00:00
2020-02,14000,神奈川県,15464,14084,1380,2026-07-04T15:37:29.282165+00:00
2020-02,15000,新潟県,1247,1637,-390,2026-07-04T15:37:29.282165+00:00
2020-02,16000,富山県,768,861,-93,2026-07-04T15:37:29.282165+00:00
2020-02,17000,石川県,987,1447,-460,2026-07-04T15:37:29.282165+00:00
2020-02,18000,福井県,749,726,23,2026-07-04T15:37:29.282165+00:00
2020-02,19000,山梨県,824,1200,-376,2026-07-04T15:37:29.282165+00:00
2020-02,20000,長野県,1737,2060,-323,2026-07-04T15:37:29.282165+00:00
2020-02,21000,岐阜県,1941,2485,-544,2026-07-04T15:37:29.282165+00:00
2020-02,22000,静岡県,3702,3868,-166,2026-07-04T15:37:29.282165+00:00
2020-02,23000,愛知県,7276,8091,-815,2026-07-04T15:37:29.282165+00:00
2020-02,24000,三重県,1969,2394,-425,2026-07-04T15:37:29.282165+00:00
2020-02,25000,滋賀県,1798,1845,-47,2026-07-04T15:37:29.282165+00:00
2020-02,26000,京都府,3588,4002,-414,2026-07-04T15:37:29.282165+00:00
2020-02,27000,大阪府,11118,10271,847,2026-07-04T15:37:29.282165+00:00
2020-02,28000,兵庫県,5945,6047,-102,2026-07-04T15:37:29.282165+00:00
2020-02,29000,奈良県,1651,2026,-375,2026-07-04T15:37:29.282165+00:00
2020-02,30000,和歌山県,713,896,-183,2026-07-04T15:37:29.282165+00:00
2020-02,31000,鳥取県,420,577,-157,2026-07-04T15:37:29.282165+00:00
2020-02,32000,島根県,642,755,-113,2026-07-04T15:37:29.282165+00:00
2020-02,33000,岡山県,1928,2128,-200,2026-07-04T15:37:29.282165+00:00
2020-02,34000,広島県,2778,3237,-459,2026-07-04T15:37:29.282165+00:00
2020-02,35000,山口県,1247,1509,-262,2026-07-04T15:37:29.282165+00:00
2020-02,36000,徳島県,582,813,-231,2026-07-04T15:37:29.282165+00:00
2020-02,37000,香川県,1007,1052,-45,2026-07-04T15:37:29.282165+00:00
2020-02,38000,愛媛県,1202,1275,-73,2026-07-04T15:37:29.282165+00:00
2020-02,39000,高知県,489,584,-95,2026-07-04T15:37:29.282165+00:00
2020-02,40000,福岡県,6288,5541,747,2026-07-04T15:37:29.282165+00:00
2020-02,41000,佐賀県,923,1073,-150,2026-07-04T15:37:29.282165+00:00
2020-02,42000,長崎県,1302,1661,-359,2026-07-04T15:37:29.282165+00:00
2020-02,43000,熊本県,1567,1692,-125,2026-07-04T15:37:29.282165+00:00
2020-02,44000,大分県,1096,1237,-141,2026-07-04T15:37:29.282165+00:00
2020-02,45000,宮崎県,1096,1075,21,2026-07-04T15:37:29.282165+00:00
2020-02,46000,鹿児島県,1686,1496,190,2026-07-04T15:37:29.282165+00:00
2020-02,47000,沖縄県,1791,1262,529,2026-07-04T15:37:29.282165+00:00
2020-03,01000,北海道,10314,14595,-4281,2026-07-04T15:37:29.282165+00:00
2020-03,02000,青森県,3418,6703,-3285,2026-07-04T15:37:29.282165+00:00
2020-03,03000,岩手県,3442,6066,-2624,2026-07-04T15:37:29.282165+00:00
2020-03,04000,宮城県,10827,12578,-1751,2026-07-04T15:37:29.282165+00:00
2020-03,05000,秋田県,2391,4248,-1857,2026-07-04T15:37:29.282165+00:00
2020-03,06000,山形県,2750,4948,-2198,2026-07-04T15:37:29.282165+00:00
2020-03,07000,福島県,4930,8174,-3244,2026-07-04T15:37:29.282165+00:00
2020-03,08000,茨城県,10279,13347,-3068,2026-07-04T15:37:29.282165+00:00
2020-03,09000,栃木県,7054,8957,-1903,2026-07-04T15:37:29.282165+00:00
2020-03,10000,群馬県,6209,7916,-1707,2026-07-04T15:37:29.282165+00:00
2020-03,11000,埼玉県,36775,28772,8003,2026-07-04T15:37:29.282165+00:00
2020-03,12000,千葉県,33554,26834,6720,2026-07-04T15:37:29.282165+00:00
2020-03,13000,東京都,103039,62840,40199,2026-07-04T15:37:29.282165+00:00
2020-03,14000,神奈川県,51417,35534,15883,2026-07-04T15:37:29.282165+00:00
2020-03,15000,新潟県,4764,8503,-3739,2026-07-04T15:37:29.282165+00:00
2020-03,16000,富山県,2825,3811,-986,2026-07-04T15:37:29.282165+00:00
2020-03,17000,石川県,4199,5293,-1094,2026-07-04T15:37:29.282165+00:00
2020-03,18000,福井県,1995,3087,-1092,2026-07-04T15:37:29.282165+00:00
2020-03,19000,山梨県,2716,4212,-1496,2026-07-04T15:37:29.282165+00:00
2020-03,20000,長野県,5951,8182,-2231,2026-07-04T15:37:29.282165+00:00
2020-03,21000,岐阜県,5726,7873,-2147,2026-07-04T15:37:29.282165+00:00
2020-03,22000,静岡県,11875,15484,-3609,2026-07-04T15:37:29.282165+00:00
2020-03,23000,愛知県,26756,26445,311,2026-07-04T15:37:29.282165+00:00
2020-03,24000,三重県,5459,7585,-2126,2026-07-04T15:37:29.282165+00:00
2020-03,25000,滋賀県,5638,6308,-670,2026-07-04T15:37:29.282165+00:00
2020-03,26000,京都府,13368,14044,-676,2026-07-04T15:37:29.282165+00:00
2020-03,27000,大阪府,37318,31697,5621,2026-07-04T15:37:29.282165+00:00
2020-03,28000,兵庫県,19775,21412,-1637,2026-07-04T15:37:29.282165+00:00
2020-03,29000,奈良県,4841,5490,-649,2026-07-04T15:37:29.282165+00:00
2020-03,30000,和歌山県,2016,3544,-1528,2026-07-04T15:37:29.282165+00:00
2020-03,31000,鳥取県,1865,2671,-806,2026-07-04T15:37:29.282165+00:00
2020-03,32000,島根県,2236,3328,-1092,2026-07-04T15:37:29.282165+00:00
2020-03,33000,岡山県,6644,8040,-1396,2026-07-04T15:37:29.282165+00:00
2020-03,34000,広島県,10186,12486,-2300,2026-07-04T15:37:29.282165+00:00
2020-03,35000,山口県,4244,6231,-1987,2026-07-04T15:37:29.282165+00:00
2020-03,36000,徳島県,1930,3288,-1358,2026-07-04T15:37:29.282165+00:00
2020-03,37000,香川県,3489,4739,-1250,2026-07-04T15:37:29.282165+00:00
2020-03,38000,愛媛県,3731,5610,-1879,2026-07-04T15:37:29.282165+00:00
2020-03,39000,高知県,1772,3274,-1502,2026-07-04T15:37:29.282165+00:00
2020-03,40000,福岡県,23977,23058,919,2026-07-04T15:37:29.282165+00:00
2020-03,41000,佐賀県,3253,4241,-988,2026-07-04T15:37:29.282165+00:00
2020-03,42000,長崎県,4407,7861,-3454,2026-07-04T15:37:29.282165+00:00
2020-03,43000,熊本県,5768,8199,-2431,2026-07-04T15:37:29.282165+00:00
2020-03,44000,大分県,3766,4960,-1194,2026-07-04T15:37:29.282165+00:00
2020-03,45000,宮崎県,3434,5587,-2153,2026-07-04T15:37:29.282165+00:00
2020-03,46000,鹿児島県,5055,7927,-2872,2026-07-04T15:37:29.282165+00:00
2020-03,47000,沖縄県,5669,7065,-1396,2026-07-04T15:37:29.282165+00:00
2020-04,01000,北海道,9665,9588,77,2026-07-04T15:37:29.282165+00:00
2020-04,02000,青森県,2919,4290,-1371,2026-07-04T15:37:29.282165+00:00
2020-04,03000,岩手県,3025,3996,-971,2026-07-04T15:37:29.282165+00:00
2020-04,04000,宮城県,9349,8474,875,2026-07-04T15:37:29.282165+00:00
2020-04,05000,秋田県,1998,2618,-620,2026-07-04T15:37:29.282165+00:00
2020-04,06000,山形県,2496,2783,-287,2026-07-04T15:37:29.282165+00:00
2020-04,07000,福島県,4284,5266,-982,2026-07-04T15:37:29.282165+00:00
2020-04,08000,茨城県,7479,8800,-1321,2026-07-04T15:37:29.282165+00:00
2020-04,09000,栃木県,5515,5680,-165,2026-07-04T15:37:29.282165+00:00
2020-04,10000,群馬県,5154,5030,124,2026-07-04T15:37:29.282165+00:00
2020-04,11000,埼玉県,24934,22364,2570,2026-07-04T15:37:29.282165+00:00
2020-04,12000,千葉県,21464,20604,860,2026-07-04T15:37:29.282165+00:00
2020-04,13000,東京都,59565,55033,4532,2026-07-04T15:37:29.282165+00:00
2020-04,14000,神奈川県,33092,27999,5093,2026-07-04T15:37:29.282165+00:00
2020-04,15000,新潟県,4187,4869,-682,2026-07-04T15:37:29.282165+00:00
2020-04,16000,富山県,2145,2536,-391,2026-07-04T15:37:29.282165+00:00
2020-04,17000,石川県,3567,3501,66,2026-07-04T15:37:29.282165+00:00
2020-04,18000,福井県,1690,1942,-252,2026-07-04T15:37:29.282165+00:00
2020-04,19000,山梨県,2606,2270,336,2026-07-04T15:37:29.282165+00:00
2020-04,20000,長野県,5056,5015,41,2026-07-04T15:37:29.282165+00:00
2020-04,21000,岐阜県,3984,5379,-1395,2026-07-04T15:37:29.282165+00:00
2020-04,22000,静岡県,8783,9223,-440,2026-07-04T15:37:29.282165+00:00
2020-04,23000,愛知県,18996,19648,-652,2026-07-04T15:37:29.282165+00:00
2020-04,24000,三重県,4354,5126,-772,2026-07-04T15:37:29.282165+00:00
2020-04,25000,滋賀県,4603,3835,768,2026-07-04T15:37:29.282165+00:00
2020-04,26000,京都府,9756,9218,538,2026-07-04T15:37:29.282165+00:00
2020-04,27000,大阪府,26600,24592,2008,2026-07-04T15:37:29.282165+00:00
2020-04,28000,兵庫県,14073,15441,-1368,2026-07-04T15:37:29.282165+00:00
2020-04,29000,奈良県,3697,3981,-284,2026-07-04T15:37:29.282165+00:00
2020-04,30000,和歌山県,1896,2463,-567,2026-07-04T15:37:29.282165+00:00
2020-04,31000,鳥取県,1673,1911,-238,2026-07-04T15:37:29.282165+00:00
2020-04,32000,島根県,2191,2194,-3,2026-07-04T15:37:29.282165+00:00
2020-04,33000,岡山県,5203,5588,-385,2026-07-04T15:37:29.282165+00:00
2020-04,34000,広島県,9054,9088,-34,2026-07-04T15:37:29.282165+00:00
2020-04,35000,山口県,5032,4463,569,2026-07-04T15:37:29.282165+00:00
2020-04,36000,徳島県,1694,1987,-293,2026-07-04T15:37:29.282165+00:00
2020-04,37000,香川県,3173,3470,-297,2026-07-04T15:37:29.282165+00:00
2020-04,38000,愛媛県,3450,3787,-337,2026-07-04T15:37:29.282165+00:00
2020-04,39000,高知県,1727,2158,-431,2026-07-04T15:37:29.282165+00:00
2020-04,40000,福岡県,18943,17369,1574,2026-07-04T15:37:29.282165+00:00
2020-04,41000,佐賀県,2575,3181,-606,2026-07-04T15:37:29.282165+00:00
2020-04,42000,長崎県,4213,5461,-1248,2026-07-04T15:37:29.282165+00:00
2020-04,43000,熊本県,5162,6301,-1139,2026-07-04T15:37:29.282165+00:00
2020-04,44000,大分県,3335,4161,-826,2026-07-04T15:37:29.282165+00:00
2020-04,45000,宮崎県,3437,4185,-748,2026-07-04T15:37:29.282165+00:00
2020-04,46000,鹿児島県,5257,6139,-882,2026-07-04T15:37:29.282165+00:00
2020-04,47000,沖縄県,5033,5077,-44,2026-07-04T15:37:29.282165+00:00
2020-05,01000,北海道,2712,2572,140,2026-07-04T15:37:29.282165+00:00
2020-05,02000,青森県,837,892,-55,2026-07-04T15:37:29.282165+00:00
2020-05,03000,岩手県,841,934,-93,2026-07-04T15:37:29.282165+00:00
2020-05,04000,宮城県,2282,2311,-29,2026-07-04T15:37:29.282165+00:00
2020-05,05000,秋田県,590,643,-53,2026-07-04T15:37:29.282165+00:00
2020-05,06000,山形県,609,680,-71,2026-07-04T15:37:29.282165+00:00
2020-05,07000,福島県,1395,1499,-104,2026-07-04T15:37:29.282165+00:00
2020-05,08000,茨城県,2849,2661,188,2026-07-04T15:37:29.282165+00:00
2020-05,09000,栃木県,1841,1784,57,2026-07-04T15:37:29.282165+00:00
2020-05,10000,群馬県,1905,1639,266,2026-07-04T15:37:29.282165+00:00
2020-05,11000,埼玉県,10213,9201,1012,2026-07-04T15:37:29.282165+00:00
2020-05,12000,千葉県,8989,8028,961,2026-07-04T15:37:29.282165+00:00
2020-05,13000,東京都,22525,23594,-1069,2026-07-04T15:37:29.282165+00:00
2020-05,14000,神奈川県,12142,11779,363,2026-07-04T15:37:29.282165+00:00
2020-05,15000,新潟県,1126,1268,-142,2026-07-04T15:37:29.282165+00:00
2020-05,16000,富山県,666,679,-13,2026-07-04T15:37:29.282165+00:00
2020-05,17000,石川県,885,894,-9,2026-07-04T15:37:29.282165+00:00
2020-05,18000,福井県,692,592,100,2026-07-04T15:37:29.282165+00:00
2020-05,19000,山梨県,705,703,2,2026-07-04T15:37:29.282165+00:00
2020-05,20000,長野県,1600,1491,109,2026-07-04T15:37:29.282165+00:00
2020-05,21000,岐阜県,1605,2020,-415,2026-07-04T15:37:29.282165+00:00
2020-05,22000,静岡県,2963,2829,134,2026-07-04T15:37:29.282165+00:00
2020-05,23000,愛知県,6433,6944,-511,2026-07-04T15:37:29.282165+00:00
2020-05,24000,三重県,1706,1765,-59,2026-07-04T15:37:29.282165+00:00
2020-05,25000,滋賀県,1564,1540,24,2026-07-04T15:37:29.282165+00:00
2020-05,26000,京都府,2763,3291,-528,2026-07-04T15:37:29.282165+00:00
2020-05,27000,大阪府,9841,9155,686,2026-07-04T15:37:29.282165+00:00
2020-05,28000,兵庫県,4992,5539,-547,2026-07-04T15:37:29.282165+00:00
2020-05,29000,奈良県,1182,1386,-204,2026-07-04T15:37:29.282165+00:00
2020-05,30000,和歌山県,668,744,-76,2026-07-04T15:37:29.282165+00:00
2020-05,31000,鳥取県,450,404,46,2026-07-04T15:37:29.282165+00:00
2020-05,32000,島根県,512,535,-23,2026-07-04T15:37:29.282165+00:00
2020-05,33000,岡山県,1552,1518,34,2026-07-04T15:37:29.282165+00:00
2020-05,34000,広島県,2311,2531,-220,2026-07-04T15:37:29.282165+00:00
2020-05,35000,山口県,1095,1187,-92,2026-07-04T15:37:29.282165+00:00
2020-05,36000,徳島県,498,514,-16,2026-07-04T15:37:29.282165+00:00
2020-05,37000,香川県,771,807,-36,2026-07-04T15:37:29.282165+00:00
2020-05,38000,愛媛県,837,871,-34,2026-07-04T15:37:29.282165+00:00
2020-05,39000,高知県,430,497,-67,2026-07-04T15:37:29.282165+00:00
2020-05,40000,福岡県,5373,5215,158,2026-07-04T15:37:29.282165+00:00
2020-05,41000,佐賀県,763,805,-42,2026-07-04T15:37:29.282165+00:00
2020-05,42000,長崎県,1147,1178,-31,2026-07-04T15:37:29.282165+00:00
2020-05,43000,熊本県,1389,1480,-91,2026-07-04T15:37:29.282165+00:00
2020-05,44000,大分県,1028,1011,17,2026-07-04T15:37:29.282165+00:00
2020-05,45000,宮崎県,933,888,45,2026-07-04T15:37:29.282165+00:00
2020-05,46000,鹿児島県,1241,1202,39,2026-07-04T15:37:29.282165+00:00
2020-05,47000,沖縄県,1437,1188,249,2026-07-04T15:37:29.282165+00:00
2020-06,01000,北海道,3185,2967,218,2026-07-04T15:37:29.282165+00:00
2020-06,02000,青森県,962,1124,-162,2026-07-04T15:37:29.282165+00:00
2020-06,03000,岩手県,953,1125,-172,2026-07-04T15:37:29.282165+00:00
2020-06,04000,宮城県,2583,2707,-124,2026-07-04T15:37:29.282165+00:00
2020-06,05000,秋田県,681,720,-39,2026-07-04T15:37:29.282165+00:00
2020-06,06000,山形県,679,854,-175,2026-07-04T15:37:29.282165+00:00
2020-06,07000,福島県,1636,1886,-250,2026-07-04T15:37:29.282165+00:00
2020-06,08000,茨城県,3592,3293,299,2026-07-04T15:37:29.282165+00:00
2020-06,09000,栃木県,2738,2370,368,2026-07-04T15:37:29.282165+00:00
2020-06,10000,群馬県,2216,2222,-6,2026-07-04T15:37:29.282165+00:00
2020-06,11000,埼玉県,11920,10859,1061,2026-07-04T15:37:29.282165+00:00
2020-06,12000,千葉県,10281,9478,803,2026-07-04T15:37:29.282165+00:00
2020-06,13000,東京都,29040,27371,1669,2026-07-04T15:37:29.282165+00:00
2020-06,14000,神奈川県,14756,14031,725,2026-07-04T15:37:29.282165+00:00
2020-06,15000,新潟県,1320,1552,-232,2026-07-04T15:37:29.282165+00:00
2020-06,16000,富山県,862,938,-76,2026-07-04T15:37:29.282165+00:00
2020-06,17000,石川県,1358,1254,104,2026-07-04T15:37:29.282165+00:00
2020-06,18000,福井県,750,808,-58,2026-07-04T15:37:29.282165+00:00
2020-06,19000,山梨県,885,884,1,2026-07-04T15:37:29.282165+00:00
2020-06,20000,長野県,1831,1905,-74,2026-07-04T15:37:29.282165+00:00
2020-06,21000,岐阜県,1918,2354,-436,2026-07-04T15:37:29.282165+00:00
2020-06,22000,静岡県,3726,4056,-330,2026-07-04T15:37:29.282165+00:00
2020-06,23000,愛知県,7726,8103,-377,2026-07-04T15:37:29.282165+00:00
2020-06,24000,三重県,2053,2164,-111,2026-07-04T15:37:29.282165+00:00
2020-06,25000,滋賀県,1821,1920,-99,2026-07-04T15:37:29.282165+00:00
2020-06,26000,京都府,3256,3920,-664,2026-07-04T15:37:29.282165+00:00
2020-06,27000,大阪府,11715,10827,888,2026-07-04T15:37:29.282165+00:00
2020-06,28000,兵庫県,6133,6695,-562,2026-07-04T15:37:29.282165+00:00
2020-06,29000,奈良県,1570,1799,-229,2026-07-04T15:37:29.282165+00:00
2020-06,30000,和歌山県,839,986,-147,2026-07-04T15:37:29.282165+00:00
2020-06,31000,鳥取県,516,517,-1,2026-07-04T15:37:29.282165+00:00
2020-06,32000,島根県,586,676,-90,2026-07-04T15:37:29.282165+00:00
2020-06,33000,岡山県,1984,2011,-27,2026-07-04T15:37:29.282165+00:00
2020-06,34000,広島県,2858,3110,-252,2026-07-04T15:37:29.282165+00:00
2020-06,35000,山口県,1289,1520,-231,2026-07-04T15:37:29.282165+00:00
2020-06,36000,徳島県,547,693,-146,2026-07-04T15:37:29.282165+00:00
2020-06,37000,香川県,941,1089,-148,2026-07-04T15:37:29.282165+00:00
2020-06,38000,愛媛県,1035,1251,-216,2026-07-04T15:37:29.282165+00:00
2020-06,39000,高知県,508,601,-93,2026-07-04T15:37:29.282165+00:00
2020-06,40000,福岡県,6136,6014,122,2026-07-04T15:37:29.282165+00:00
2020-06,41000,佐賀県,946,1153,-207,2026-07-04T15:37:29.282165+00:00
2020-06,42000,長崎県,1190,1556,-366,2026-07-04T15:37:29.282165+00:00
2020-06,43000,熊本県,1597,1663,-66,2026-07-04T15:37:29.282165+00:00
2020-06,44000,大分県,1104,1221,-117,2026-07-04T15:37:29.282165+00:00
2020-06,45000,宮崎県,1021,1112,-91,2026-07-04T15:37:29.282165+00:00
2020-06,46000,鹿児島県,1585,1544,41,2026-07-04T15:37:29.282165+00:00
2020-06,47000,沖縄県,1672,1597,75,2026-07-04T15:37:29.282165+00:00
2020-07,01000,北海道,4603,3069,1534,2026-07-04T15:37:29.282165+00:00
2020-07,02000,青森県,1439,1092,347,2026-07-04T15:37:29.282165+00:00
2020-07,03000,岩手県,1145,1046,99,2026-07-04T15:37:29.282165+00:00
2020-07,04000,宮城県,2994,3270,-276,2026-07-04T15:37:29.282165+00:00
2020-07,05000,秋田県,808,815,-7,2026-07-04T15:37:29.282165+00:00
2020-07,06000,山形県,958,879,79,2026-07-04T15:37:29.282165+00:00
2020-07,07000,福島県,1837,2074,-237,2026-07-04T15:37:29.282165+00:00
2020-07,08000,茨城県,3764,3360,404,2026-07-04T15:37:29.282165+00:00
2020-07,09000,栃木県,2356,2320,36,2026-07-04T15:37:29.282165+00:00
2020-07,10000,群馬県,2390,2192,198,2026-07-04T15:37:29.282165+00:00
2020-07,11000,埼玉県,13442,12889,553,2026-07-04T15:37:29.282165+00:00
2020-07,12000,千葉県,11178,9989,1189,2026-07-04T15:37:29.282165+00:00
2020-07,13000,東京都,28735,31257,-2522,2026-07-04T15:37:29.282165+00:00
2020-07,14000,神奈川県,15284,15963,-679,2026-07-04T15:37:29.282165+00:00
2020-07,15000,新潟県,1562,1668,-106,2026-07-04T15:37:29.282165+00:00
2020-07,16000,富山県,802,874,-72,2026-07-04T15:37:29.282165+00:00
2020-07,17000,石川県,1291,1239,52,2026-07-04T15:37:29.282165+00:00
2020-07,18000,福井県,696,762,-66,2026-07-04T15:37:29.282165+00:00
2020-07,19000,山梨県,1080,916,164,2026-07-04T15:37:29.282165+00:00
2020-07,20000,長野県,2020,1820,200,2026-07-04T15:37:29.282165+00:00
2020-07,21000,岐阜県,2056,2122,-66,2026-07-04T15:37:29.282165+00:00
2020-07,22000,静岡県,4130,3906,224,2026-07-04T15:37:29.282165+00:00
2020-07,23000,愛知県,7772,8359,-587,2026-07-04T15:37:29.282165+00:00
2020-07,24000,三重県,2012,2205,-193,2026-07-04T15:37:29.282165+00:00
2020-07,25000,滋賀県,1778,2264,-486,2026-07-04T15:37:29.282165+00:00
2020-07,26000,京都府,3621,3834,-213,2026-07-04T15:37:29.282165+00:00
2020-07,27000,大阪府,11726,10690,1036,2026-07-04T15:37:29.282165+00:00
2020-07,28000,兵庫県,6221,6608,-387,2026-07-04T15:37:29.282165+00:00
2020-07,29000,奈良県,1461,1760,-299,2026-07-04T15:37:29.282165+00:00
2020-07,30000,和歌山県,759,910,-151,2026-07-04T15:37:29.282165+00:00
2020-07,31000,鳥取県,601,565,36,2026-07-04T15:37:29.282165+00:00
2020-07,32000,島根県,740,672,68,2026-07-04T15:37:29.282165+00:00
2020-07,33000,岡山県,1758,1887,-129,2026-07-04T15:37:29.282165+00:00
2020-07,34000,広島県,2882,2984,-102,2026-07-04T15:37:29.282165+00:00
2020-07,35000,山口県,1383,2641,-1258,2026-07-04T15:37:29.282165+00:00
2020-07,36000,徳島県,590,653,-63,2026-07-04T15:37:29.282165+00:00
2020-07,37000,香川県,1221,1097,124,2026-07-04T15:37:29.282165+00:00
2020-07,38000,愛媛県,1085,1503,-418,2026-07-04T15:37:29.282165+00:00
2020-07,39000,高知県,666,585,81,2026-07-04T15:37:29.282165+00:00
2020-07,40000,福岡県,6731,5984,747,2026-07-04T15:37:29.282165+00:00
2020-07,41000,佐賀県,1080,1035,45,2026-07-04T15:37:29.282165+00:00
2020-07,42000,長崎県,1609,1524,85,2026-07-04T15:37:29.282165+00:00
2020-07,43000,熊本県,2245,1695,550,2026-07-04T15:37:29.282165+00:00
2020-07,44000,大分県,1327,1224,103,2026-07-04T15:37:29.282165+00:00
2020-07,45000,宮崎県,1293,1219,74,2026-07-04T15:37:29.282165+00:00
2020-07,46000,鹿児島県,1741,1952,-211,2026-07-04T15:37:29.282165+00:00
2020-07,47000,沖縄県,2123,1623,500,2026-07-04T15:37:29.282165+00:00
2020-08,01000,北海道,3977,3497,480,2026-07-04T15:37:29.282165+00:00
2020-08,02000,青森県,1376,1340,36,2026-07-04T15:37:29.282165+00:00
2020-08,03000,岩手県,1057,1068,-11,2026-07-04T15:37:29.282165+00:00
2020-08,04000,宮城県,2996,2720,276,2026-07-04T15:37:29.282165+00:00
2020-08,05000,秋田県,805,760,45,2026-07-04T15:37:29.282165+00:00
2020-08,06000,山形県,836,936,-100,2026-07-04T15:37:29.282165+00:00
2020-08,07000,福島県,1722,1812,-90,2026-07-04T15:37:29.282165+00:00
2020-08,08000,茨城県,3661,3277,384,2026-07-04T15:37:29.282165+00:00
2020-08,09000,栃木県,2313,2198,115,2026-07-04T15:37:29.282165+00:00
2020-08,10000,群馬県,2262,2104,158,2026-07-04T15:37:29.282165+00:00
2020-08,11000,埼玉県,13287,11759,1528,2026-07-04T15:37:29.282165+00:00
2020-08,12000,千葉県,11456,9782,1674,2026-07-04T15:37:29.282165+00:00
2020-08,13000,東京都,27524,32038,-4514,2026-07-04T15:37:29.282165+00:00
2020-08,14000,神奈川県,15869,15016,853,2026-07-04T15:37:29.282165+00:00
2020-08,15000,新潟県,1477,1519,-42,2026-07-04T15:37:29.282165+00:00
2020-08,16000,富山県,835,874,-39,2026-07-04T15:37:29.282165+00:00
2020-08,17000,石川県,1156,1240,-84,2026-07-04T15:37:29.282165+00:00
2020-08,18000,福井県,670,717,-47,2026-07-04T15:37:29.282165+00:00
2020-08,19000,山梨県,894,904,-10,2026-07-04T15:37:29.282165+00:00
2020-08,20000,長野県,1892,1809,83,2026-07-04T15:37:29.282165+00:00
2020-08,21000,岐阜県,2001,2230,-229,2026-07-04T15:37:29.282165+00:00
2020-08,22000,静岡県,3769,3967,-198,2026-07-04T15:37:29.282165+00:00
2020-08,23000,愛知県,7781,8158,-377,2026-07-04T15:37:29.282165+00:00
2020-08,24000,三重県,2129,2113,16,2026-07-04T15:37:29.282165+00:00
2020-08,25000,滋賀県,1972,1720,252,2026-07-04T15:37:29.282165+00:00
2020-08,26000,京都府,3683,4091,-408,2026-07-04T15:37:29.282165+00:00
2020-08,27000,大阪府,11713,10679,1034,2026-07-04T15:37:29.282165+00:00
2020-08,28000,兵庫県,5944,6574,-630,2026-07-04T15:37:29.282165+00:00
2020-08,29000,奈良県,1509,1737,-228,2026-07-04T15:37:29.282165+00:00
2020-08,30000,和歌山県,817,832,-15,2026-07-04T15:37:29.282165+00:00
2020-08,31000,鳥取県,593,558,35,2026-07-04T15:37:29.282165+00:00
2020-08,32000,島根県,723,649,74,2026-07-04T15:37:29.282165+00:00
2020-08,33000,岡山県,1874,1855,19,2026-07-04T15:37:29.282165+00:00
2020-08,34000,広島県,2950,3167,-217,2026-07-04T15:37:29.282165+00:00
2020-08,35000,山口県,1665,1657,8,2026-07-04T15:37:29.282165+00:00
2020-08,36000,徳島県,615,718,-103,2026-07-04T15:37:29.282165+00:00
2020-08,37000,香川県,1052,1208,-156,2026-07-04T15:37:29.282165+00:00
2020-08,38000,愛媛県,1339,1266,73,2026-07-04T15:37:29.282165+00:00
2020-08,39000,高知県,624,630,-6,2026-07-04T15:37:29.282165+00:00
2020-08,40000,福岡県,6855,6356,499,2026-07-04T15:37:29.282165+00:00
2020-08,41000,佐賀県,1154,1076,78,2026-07-04T15:37:29.282165+00:00
2020-08,42000,長崎県,1687,1922,-235,2026-07-04T15:37:29.282165+00:00
2020-08,43000,熊本県,1922,2039,-117,2026-07-04T15:37:29.282165+00:00
2020-08,44000,大分県,1261,1418,-157,2026-07-04T15:37:29.282165+00:00
2020-08,45000,宮崎県,1309,1277,32,2026-07-04T15:37:29.282165+00:00
2020-08,46000,鹿児島県,1915,1836,79,2026-07-04T15:37:29.282165+00:00
2020-08,47000,沖縄県,2079,1897,182,2026-07-04T15:37:29.282165+00:00
2020-09,01000,北海道,3279,2983,296,2026-07-04T15:37:29.282165+00:00
2020-09,02000,青森県,1275,1128,147,2026-07-04T15:37:29.282165+00:00
2020-09,03000,岩手県,1126,1012,114,2026-07-04T15:37:29.282165+00:00
2020-09,04000,宮城県,2863,2633,230,2026-07-04T15:37:29.282165+00:00
2020-09,05000,秋田県,736,712,24,2026-07-04T15:37:29.282165+00:00
2020-09,06000,山形県,799,837,-38,2026-07-04T15:37:29.282165+00:00
2020-09,07000,福島県,1686,1953,-267,2026-07-04T15:37:29.282165+00:00
2020-09,08000,茨城県,3809,3239,570,2026-07-04T15:37:29.282165+00:00
2020-09,09000,栃木県,2395,2258,137,2026-07-04T15:37:29.282165+00:00
2020-09,10000,群馬県,2226,2046,180,2026-07-04T15:37:29.282165+00:00
2020-09,11000,埼玉県,12679,11418,1261,2026-07-04T15:37:29.282165+00:00
2020-09,12000,千葉県,10819,9715,1104,2026-07-04T15:37:29.282165+00:00
2020-09,13000,東京都,27006,30644,-3638,2026-07-04T15:37:29.282165+00:00
2020-09,14000,神奈川県,15508,14148,1360,2026-07-04T15:37:29.282165+00:00
2020-09,15000,新潟県,1537,1476,61,2026-07-04T15:37:29.282165+00:00
2020-09,16000,富山県,870,870,0,2026-07-04T15:37:29.282165+00:00
2020-09,17000,石川県,1137,1154,-17,2026-07-04T15:37:29.282165+00:00
2020-09,18000,福井県,640,722,-82,2026-07-04T15:37:29.282165+00:00
2020-09,19000,山梨県,963,756,207,2026-07-04T15:37:29.282165+00:00
2020-09,20000,長野県,1998,1793,205,2026-07-04T15:37:29.282165+00:00
2020-09,21000,岐阜県,1892,2040,-148,2026-07-04T15:37:29.282165+00:00
2020-09,22000,静岡県,3477,3583,-106,2026-07-04T15:37:29.282165+00:00
2020-09,23000,愛知県,7133,8154,-1021,2026-07-04T15:37:29.282165+00:00
2020-09,24000,三重県,2076,2107,-31,2026-07-04T15:37:29.282165+00:00
2020-09,25000,滋賀県,1821,1739,82,2026-07-04T15:37:29.282165+00:00
2020-09,26000,京都府,3551,4026,-475,2026-07-04T15:37:29.282165+00:00
2020-09,27000,大阪府,10939,10355,584,2026-07-04T15:37:29.282165+00:00
2020-09,28000,兵庫県,5666,6298,-632,2026-07-04T15:37:29.282165+00:00
2020-09,29000,奈良県,1527,1622,-95,2026-07-04T15:37:29.282165+00:00
2020-09,30000,和歌山県,771,815,-44,2026-07-04T15:37:29.282165+00:00
2020-09,31000,鳥取県,501,539,-38,2026-07-04T15:37:29.282165+00:00
2020-09,32000,島根県,651,647,4,2026-07-04T15:37:29.282165+00:00
2020-09,33000,岡山県,1707,1908,-201,2026-07-04T15:37:29.282165+00:00
2020-09,34000,広島県,2835,3028,-193,2026-07-04T15:37:29.282165+00:00
2020-09,35000,山口県,1476,1402,74,2026-07-04T15:37:29.282165+00:00
2020-09,36000,徳島県,613,639,-26,2026-07-04T15:37:29.282165+00:00
2020-09,37000,香川県,1045,962,83,2026-07-04T15:37:29.282165+00:00
2020-09,38000,愛媛県,1102,1188,-86,2026-07-04T15:37:29.282165+00:00
2020-09,39000,高知県,584,496,88,2026-07-04T15:37:29.282165+00:00
2020-09,40000,福岡県,5949,5480,469,2026-07-04T15:37:29.282165+00:00
2020-09,41000,佐賀県,955,982,-27,2026-07-04T15:37:29.282165+00:00
2020-09,42000,長崎県,1267,1522,-255,2026-07-04T15:37:29.282165+00:00
2020-09,43000,熊本県,1581,1785,-204,2026-07-04T15:37:29.282165+00:00
2020-09,44000,大分県,1205,1145,60,2026-07-04T15:37:29.282165+00:00
2020-09,45000,宮崎県,975,982,-7,2026-07-04T15:37:29.282165+00:00
2020-09,46000,鹿児島県,1439,1390,49,2026-07-04T15:37:29.282165+00:00
2020-09,47000,沖縄県,1755,1513,242,2026-07-04T15:37:29.282165+00:00
2020-10,01000,北海道,3462,3108,354,2026-07-04T15:37:29.282165+00:00
2020-10,02000,青森県,1191,1100,91,2026-07-04T15:37:29.282165+00:00
2020-10,03000,岩手県,1134,1140,-6,2026-07-04T15:37:29.282165+00:00
2020-10,04000,宮城県,2839,2754,85,2026-07-04T15:37:29.282165+00:00
2020-10,05000,秋田県,735,775,-40,2026-07-04T15:37:29.282165+00:00
2020-10,06000,山形県,775,840,-65,2026-07-04T15:37:29.282165+00:00
2020-10,07000,福島県,1677,1968,-291,2026-07-04T15:37:29.282165+00:00
2020-10,08000,茨城県,3747,3456,291,2026-07-04T15:37:29.282165+00:00
2020-10,09000,栃木県,2276,2309,-33,2026-07-04T15:37:29.282165+00:00
2020-10,10000,群馬県,2389,2186,203,2026-07-04T15:37:29.282165+00:00
2020-10,11000,埼玉県,13395,11676,1719,2026-07-04T15:37:29.282165+00:00
2020-10,12000,千葉県,11212,10339,873,2026-07-04T15:37:29.282165+00:00
2020-10,13000,東京都,28193,30908,-2715,2026-07-04T15:37:29.282165+00:00
2020-10,14000,神奈川県,15763,14522,1241,2026-07-04T15:37:29.282165+00:00
2020-10,15000,新潟県,1434,1595,-161,2026-07-04T15:37:29.282165+00:00
2020-10,16000,富山県,791,869,-78,2026-07-04T15:37:29.282165+00:00
2020-10,17000,石川県,1124,1174,-50,2026-07-04T15:37:29.282165+00:00
2020-10,18000,福井県,746,726,20,2026-07-04T15:37:29.282165+00:00
2020-10,19000,山梨県,908,953,-45,2026-07-04T15:37:29.282165+00:00
2020-10,20000,長野県,1977,1893,84,2026-07-04T15:37:29.282165+00:00
2020-10,21000,岐阜県,1973,2177,-204,2026-07-04T15:37:29.282165+00:00
2020-10,22000,静岡県,3554,3612,-58,2026-07-04T15:37:29.282165+00:00
2020-10,23000,愛知県,7236,8134,-898,2026-07-04T15:37:29.282165+00:00
2020-10,24000,三重県,1945,2166,-221,2026-07-04T15:37:29.282165+00:00
2020-10,25000,滋賀県,1873,1750,123,2026-07-04T15:37:29.282165+00:00
2020-10,26000,京都府,3332,3804,-472,2026-07-04T15:37:29.282165+00:00
2020-10,27000,大阪府,10947,10915,32,2026-07-04T15:37:29.282165+00:00
2020-10,28000,兵庫県,6063,6087,-24,2026-07-04T15:37:29.282165+00:00
2020-10,29000,奈良県,1591,1662,-71,2026-07-04T15:37:29.282165+00:00
2020-10,30000,和歌山県,776,785,-9,2026-07-04T15:37:29.282165+00:00
2020-10,31000,鳥取県,513,529,-16,2026-07-04T15:37:29.282165+00:00
2020-10,32000,島根県,750,675,75,2026-07-04T15:37:29.282165+00:00
2020-10,33000,岡山県,1986,1881,105,2026-07-04T15:37:29.282165+00:00
2020-10,34000,広島県,2640,3156,-516,2026-07-04T15:37:29.282165+00:00
2020-10,35000,山口県,1438,1380,58,2026-07-04T15:37:29.282165+00:00
2020-10,36000,徳島県,562,625,-63,2026-07-04T15:37:29.282165+00:00
2020-10,37000,香川県,1060,990,70,2026-07-04T15:37:29.282165+00:00
2020-10,38000,愛媛県,1107,1109,-2,2026-07-04T15:37:29.282165+00:00
2020-10,39000,高知県,520,509,11,2026-07-04T15:37:29.282165+00:00
2020-10,40000,福岡県,6050,5690,360,2026-07-04T15:37:29.282165+00:00
2020-10,41000,佐賀県,981,961,20,2026-07-04T15:37:29.282165+00:00
2020-10,42000,長崎県,1310,1461,-151,2026-07-04T15:37:29.282165+00:00
2020-10,43000,熊本県,1682,1773,-91,2026-07-04T15:37:29.282165+00:00
2020-10,44000,大分県,1204,1138,66,2026-07-04T15:37:29.282165+00:00
2020-10,45000,宮崎県,1090,991,99,2026-07-04T15:37:29.282165+00:00
2020-10,46000,鹿児島県,1597,1575,22,2026-07-04T15:37:29.282165+00:00
2020-10,47000,沖縄県,1832,1554,278,2026-07-04T15:37:29.282165+00:00
2020-11,01000,北海道,2697,2470,227,2026-07-04T15:37:29.282165+00:00
2020-11,02000,青森県,853,890,-37,2026-07-04T15:37:29.282165+00:00
2020-11,03000,岩手県,840,875,-35,2026-07-04T15:37:29.282165+00:00
2020-11,04000,宮城県,2207,2053,154,2026-07-04T15:37:29.282165+00:00
2020-11,05000,秋田県,552,568,-16,2026-07-04T15:37:29.282165+00:00
2020-11,06000,山形県,632,691,-59,2026-07-04T15:37:29.282165+00:00
2020-11,07000,福島県,1332,1557,-225,2026-07-04T15:37:29.282165+00:00
2020-11,08000,茨城県,3172,3216,-44,2026-07-04T15:37:29.282165+00:00
2020-11,09000,栃木県,2194,2047,147,2026-07-04T15:37:29.282165+00:00
2020-11,10000,群馬県,2054,1938,116,2026-07-04T15:37:29.282165+00:00
2020-11,11000,埼玉県,12006,10550,1456,2026-07-04T15:37:29.282165+00:00
2020-11,12000,千葉県,10082,9302,780,2026-07-04T15:37:29.282165+00:00
2020-11,13000,東京都,24044,28077,-4033,2026-07-04T15:37:29.282165+00:00
2020-11,14000,神奈川県,14520,13003,1517,2026-07-04T15:37:29.282165+00:00
2020-11,15000,新潟県,1207,1252,-45,2026-07-04T15:37:29.282165+00:00
2020-11,16000,富山県,702,726,-24,2026-07-04T15:37:29.282165+00:00
2020-11,17000,石川県,925,875,50,2026-07-04T15:37:29.282165+00:00
2020-11,18000,福井県,580,707,-127,2026-07-04T15:37:29.282165+00:00
2020-11,19000,山梨県,894,792,102,2026-07-04T15:37:29.282165+00:00
2020-11,20000,長野県,1718,1707,11,2026-07-04T15:37:29.282165+00:00
2020-11,21000,岐阜県,1878,1937,-59,2026-07-04T15:37:29.282165+00:00
2020-11,22000,静岡県,3107,3097,10,2026-07-04T15:37:29.282165+00:00
2020-11,23000,愛知県,6445,6735,-290,2026-07-04T15:37:29.282165+00:00
2020-11,24000,三重県,1716,1916,-200,2026-07-04T15:37:29.282165+00:00
2020-11,25000,滋賀県,1732,1627,105,2026-07-04T15:37:29.282165+00:00
2020-11,26000,京都府,3335,3373,-38,2026-07-04T15:37:29.282165+00:00
2020-11,27000,大阪府,9740,9534,206,2026-07-04T15:37:29.282165+00:00
2020-11,28000,兵庫県,5191,5302,-111,2026-07-04T15:37:29.282165+00:00
2020-11,29000,奈良県,1453,1524,-71,2026-07-04T15:37:29.282165+00:00
2020-11,30000,和歌山県,693,777,-84,2026-07-04T15:37:29.282165+00:00
2020-11,31000,鳥取県,435,429,6,2026-07-04T15:37:29.282165+00:00
2020-11,32000,島根県,617,537,80,2026-07-04T15:37:29.282165+00:00
2020-11,33000,岡山県,1573,1584,-11,2026-07-04T15:37:29.282165+00:00
2020-11,34000,広島県,2174,2482,-308,2026-07-04T15:37:29.282165+00:00
2020-11,35000,山口県,1193,1143,50,2026-07-04T15:37:29.282165+00:00
2020-11,36000,徳島県,478,508,-30,2026-07-04T15:37:29.282165+00:00
2020-11,37000,香川県,859,861,-2,2026-07-04T15:37:29.282165+00:00
2020-11,38000,愛媛県,926,973,-47,2026-07-04T15:37:29.282165+00:00
2020-11,39000,高知県,489,443,46,2026-07-04T15:37:29.282165+00:00
2020-11,40000,福岡県,4895,4607,288,2026-07-04T15:37:29.282165+00:00
2020-11,41000,佐賀県,925,823,102,2026-07-04T15:37:29.282165+00:00
2020-11,42000,長崎県,1001,1143,-142,2026-07-04T15:37:29.282165+00:00
2020-11,43000,熊本県,1370,1316,54,2026-07-04T15:37:29.282165+00:00
2020-11,44000,大分県,985,1016,-31,2026-07-04T15:37:29.282165+00:00
2020-11,45000,宮崎県,986,811,175,2026-07-04T15:37:29.282165+00:00
2020-11,46000,鹿児島県,1319,1140,179,2026-07-04T15:37:29.282165+00:00
2020-11,47000,沖縄県,1505,1297,208,2026-07-04T15:37:29.282165+00:00
2020-12,01000,北海道,2742,2531,211,2026-07-04T15:37:29.282165+00:00
2020-12,02000,青森県,889,938,-49,2026-07-04T15:37:29.282165+00:00
2020-12,03000,岩手県,929,817,112,2026-07-04T15:37:29.282165+00:00
2020-12,04000,宮城県,2308,1967,341,2026-07-04T15:37:29.282165+00:00
2020-12,05000,秋田県,564,547,17,2026-07-04T15:37:29.282165+00:00
2020-12,06000,山形県,707,581,126,2026-07-04T15:37:29.282165+00:00
2020-12,07000,福島県,1376,1507,-131,2026-07-04T15:37:29.282165+00:00
2020-12,08000,茨城県,3750,3481,269,2026-07-04T15:37:29.282165+00:00
2020-12,09000,栃木県,2222,2127,95,2026-07-04T15:37:29.282165+00:00
2020-12,10000,群馬県,2242,2019,223,2026-07-04T15:37:29.282165+00:00
2020-12,11000,埼玉県,12658,11100,1558,2026-07-04T15:37:29.282165+00:00
2020-12,12000,千葉県,10151,10591,-440,2026-07-04T15:37:29.282165+00:00
2020-12,13000,東京都,25062,29710,-4648,2026-07-04T15:37:29.282165+00:00
2020-12,14000,神奈川県,15150,14101,1049,2026-07-04T15:37:29.282165+00:00
2020-12,15000,新潟県,1167,1175,-8,2026-07-04T15:37:29.282165+00:00
2020-12,16000,富山県,724,700,24,2026-07-04T15:37:29.282165+00:00
2020-12,17000,石川県,1007,1002,5,2026-07-04T15:37:29.282165+00:00
2020-12,18000,福井県,701,648,53,2026-07-04T15:37:29.282165+00:00
2020-12,19000,山梨県,862,916,-54,2026-07-04T15:37:29.282165+00:00
2020-12,20000,長野県,1945,1544,401,2026-07-04T15:37:29.282165+00:00
2020-12,21000,岐阜県,2141,2021,120,2026-07-04T15:37:29.282165+00:00
2020-12,22000,静岡県,3543,3464,79,2026-07-04T15:37:29.282165+00:00
2020-12,23000,愛知県,6634,7445,-811,2026-07-04T15:37:29.282165+00:00
2020-12,24000,三重県,1966,1949,17,2026-07-04T15:37:29.282165+00:00
2020-12,25000,滋賀県,1768,1762,6,2026-07-04T15:37:29.282165+00:00
2020-12,26000,京都府,3124,3533,-409,2026-07-04T15:37:29.282165+00:00
2020-12,27000,大阪府,10325,10301,24,2026-07-04T15:37:29.282165+00:00
2020-12,28000,兵庫県,5711,5926,-215,2026-07-04T15:37:29.282165+00:00
2020-12,29000,奈良県,1733,1748,-15,2026-07-04T15:37:29.282165+00:00
2020-12,30000,和歌山県,780,687,93,2026-07-04T15:37:29.282165+00:00
2020-12,31000,鳥取県,528,435,93,2026-07-04T15:37:29.282165+00:00
2020-12,32000,島根県,573,625,-52,2026-07-04T15:37:29.282165+00:00
2020-12,33000,岡山県,1630,1750,-120,2026-07-04T15:37:29.282165+00:00
2020-12,34000,広島県,2415,2626,-211,2026-07-04T15:37:29.282165+00:00
2020-12,35000,山口県,1191,1381,-190,2026-07-04T15:37:29.282165+00:00
2020-12,36000,徳島県,533,517,16,2026-07-04T15:37:29.282165+00:00
2020-12,37000,香川県,966,802,164,2026-07-04T15:37:29.282165+00:00
2020-12,38000,愛媛県,950,952,-2,2026-07-04T15:37:29.282165+00:00
2020-12,39000,高知県,539,427,112,2026-07-04T15:37:29.282165+00:00
2020-12,40000,福岡県,5377,4578,799,2026-07-04T15:37:29.282165+00:00
2020-12,41000,佐賀県,1007,907,100,2026-07-04T15:37:29.282165+00:00
2020-12,42000,長崎県,1242,1254,-12,2026-07-04T15:37:29.282165+00:00
2020-12,43000,熊本県,1662,1388,274,2026-07-04T15:37:29.282165+00:00
2020-12,44000,大分県,1085,1052,33,2026-07-04T15:37:29.282165+00:00
2020-12,45000,宮崎県,1148,857,291,2026-07-04T15:37:29.282165+00:00
2020-12,46000,鹿児島県,1569,1208,361,2026-07-04T15:37:29.282165+00:00
2020-12,47000,沖縄県,1676,1375,301,2026-07-04T15:37:29.282165+00:00
2021-01,01000,北海道,2721,2478,243,2026-07-04T15:37:29.282165+00:00
2021-01,02000,青森県,850,924,-74,2026-07-04T15:37:29.282165+00:00
2021-01,03000,岩手県,944,814,130,2026-07-04T15:37:29.282165+00:00
2021-01,04000,宮城県,2220,2080,140,2026-07-04T15:37:29.282165+00:00
2021-01,05000,秋田県,492,579,-87,2026-07-04T15:37:29.282165+00:00
2021-01,06000,山形県,616,606,10,2026-07-04T15:37:29.282165+00:00
2021-01,07000,福島県,1344,1545,-201,2026-07-04T15:37:29.282165+00:00
2021-01,08000,茨城県,3532,3633,-101,2026-07-04T15:37:29.282165+00:00
2021-01,09000,栃木県,2258,2410,-152,2026-07-04T15:37:29.282165+00:00
2021-01,10000,群馬県,2375,2001,374,2026-07-04T15:37:29.282165+00:00
2021-01,11000,埼玉県,11665,9729,1936,2026-07-04T15:37:29.282165+00:00
2021-01,12000,千葉県,9485,10400,-915,2026-07-04T15:37:29.282165+00:00
2021-01,13000,東京都,23993,25483,-1490,2026-07-04T15:37:29.282165+00:00
2021-01,14000,神奈川県,13641,12462,1179,2026-07-04T15:37:29.282165+00:00
2021-01,15000,新潟県,1122,1285,-163,2026-07-04T15:37:29.282165+00:00
2021-01,16000,富山県,694,707,-13,2026-07-04T15:37:29.282165+00:00
2021-01,17000,石川県,986,981,5,2026-07-04T15:37:29.282165+00:00
2021-01,18000,福井県,613,674,-61,2026-07-04T15:37:29.282165+00:00
2021-01,19000,山梨県,866,822,44,2026-07-04T15:37:29.282165+00:00
2021-01,20000,長野県,1656,1772,-116,2026-07-04T15:37:29.282165+00:00
2021-01,21000,岐阜県,2048,2107,-59,2026-07-04T15:37:29.282165+00:00
2021-01,22000,静岡県,3593,3427,166,2026-07-04T15:37:29.282165+00:00
2021-01,23000,愛知県,7267,7852,-585,2026-07-04T15:37:29.282165+00:00
2021-01,24000,三重県,1945,2148,-203,2026-07-04T15:37:29.282165+00:00
2021-01,25000,滋賀県,1789,1888,-99,2026-07-04T15:37:29.282165+00:00
2021-01,26000,京都府,3073,3345,-272,2026-07-04T15:37:29.282165+00:00
2021-01,27000,大阪府,9930,9715,215,2026-07-04T15:37:29.282165+00:00
2021-01,28000,兵庫県,5492,5740,-248,2026-07-04T15:37:29.282165+00:00
2021-01,29000,奈良県,1473,1411,62,2026-07-04T15:37:29.282165+00:00
2021-01,30000,和歌山県,733,701,32,2026-07-04T15:37:29.282165+00:00
2021-01,31000,鳥取県,476,417,59,2026-07-04T15:37:29.282165+00:00
2021-01,32000,島根県,584,575,9,2026-07-04T15:37:29.282165+00:00
2021-01,33000,岡山県,1755,1777,-22,2026-07-04T15:37:29.282165+00:00
2021-01,34000,広島県,2597,2883,-286,2026-07-04T15:37:29.282165+00:00
2021-01,35000,山口県,1136,1168,-32,2026-07-04T15:37:29.282165+00:00
2021-01,36000,徳島県,588,618,-30,2026-07-04T15:37:29.282165+00:00
2021-01,37000,香川県,985,921,64,2026-07-04T15:37:29.282165+00:00
2021-01,38000,愛媛県,1060,1184,-124,2026-07-04T15:37:29.282165+00:00
2021-01,39000,高知県,439,567,-128,2026-07-04T15:37:29.282165+00:00
2021-01,40000,福岡県,5330,5312,18,2026-07-04T15:37:29.282165+00:00
2021-01,41000,佐賀県,962,842,120,2026-07-04T15:37:29.282165+00:00
2021-01,42000,長崎県,1155,1279,-124,2026-07-04T15:37:29.282165+00:00
2021-01,43000,熊本県,1613,1556,57,2026-07-04T15:37:29.282165+00:00
2021-01,44000,大分県,1086,1150,-64,2026-07-04T15:37:29.282165+00:00
2021-01,45000,宮崎県,1158,889,269,2026-07-04T15:37:29.282165+00:00
2021-01,46000,鹿児島県,1506,1280,226,2026-07-04T15:37:29.282165+00:00
2021-01,47000,沖縄県,1643,1352,291,2026-07-04T15:37:29.282165+00:00
2021-02,01000,北海道,2986,2749,237,2026-07-04T15:37:29.282165+00:00
2021-02,02000,青森県,881,989,-108,2026-07-04T15:37:29.282165+00:00
2021-02,03000,岩手県,962,980,-18,2026-07-04T15:37:29.282165+00:00
2021-02,04000,宮城県,2611,2398,213,2026-07-04T15:37:29.282165+00:00
2021-02,05000,秋田県,548,609,-61,2026-07-04T15:37:29.282165+00:00
2021-02,06000,山形県,770,842,-72,2026-07-04T15:37:29.282165+00:00
2021-02,07000,福島県,1469,1939,-470,2026-07-04T15:37:29.282165+00:00
2021-02,08000,茨城県,3963,4480,-517,2026-07-04T15:37:29.282165+00:00
2021-02,09000,栃木県,2449,2554,-105,2026-07-04T15:37:29.282165+00:00
2021-02,10000,群馬県,2500,2199,301,2026-07-04T15:37:29.282165+00:00
2021-02,11000,埼玉県,13767,10990,2777,2026-07-04T15:37:29.282165+00:00
2021-02,12000,千葉県,11002,11818,-816,2026-07-04T15:37:29.282165+00:00
2021-02,13000,東京都,28102,29940,-1838,2026-07-04T15:37:29.282165+00:00
2021-02,14000,神奈川県,16071,14630,1441,2026-07-04T15:37:29.282165+00:00
2021-02,15000,新潟県,1288,1615,-327,2026-07-04T15:37:29.282165+00:00
2021-02,16000,富山県,895,1023,-128,2026-07-04T15:37:29.282165+00:00
2021-02,17000,石川県,1155,1249,-94,2026-07-04T15:37:29.282165+00:00
2021-02,18000,福井県,887,904,-17,2026-07-04T15:37:29.282165+00:00
2021-02,19000,山梨県,1020,1155,-135,2026-07-04T15:37:29.282165+00:00
2021-02,20000,長野県,2014,2003,11,2026-07-04T15:37:29.282165+00:00
2021-02,21000,岐阜県,2407,2455,-48,2026-07-04T15:37:29.282165+00:00
2021-02,22000,静岡県,3858,3689,169,2026-07-04T15:37:29.282165+00:00
2021-02,23000,愛知県,7768,8506,-738,2026-07-04T15:37:29.282165+00:00
2021-02,24000,三重県,2204,2314,-110,2026-07-04T15:37:29.282165+00:00
2021-02,25000,滋賀県,1944,1929,15,2026-07-04T15:37:29.282165+00:00
2021-02,26000,京都府,3835,4050,-215,2026-07-04T15:37:29.282165+00:00
2021-02,27000,大阪府,11326,11482,-156,2026-07-04T15:37:29.282165+00:00
2021-02,28000,兵庫県,6367,6192,175,2026-07-04T15:37:29.282165+00:00
2021-02,29000,奈良県,1778,2093,-315,2026-07-04T15:37:29.282165+00:00
2021-02,30000,和歌山県,806,873,-67,2026-07-04T15:37:29.282165+00:00
2021-02,31000,鳥取県,562,529,33,2026-07-04T15:37:29.282165+00:00
2021-02,32000,島根県,708,709,-1,2026-07-04T15:37:29.282165+00:00
2021-02,33000,岡山県,2130,2174,-44,2026-07-04T15:37:29.282165+00:00
2021-02,34000,広島県,2768,3346,-578,2026-07-04T15:37:29.282165+00:00
2021-02,35000,山口県,1449,1516,-67,2026-07-04T15:37:29.282165+00:00
2021-02,36000,徳島県,610,722,-112,2026-07-04T15:37:29.282165+00:00
2021-02,37000,香川県,1049,1048,1,2026-07-04T15:37:29.282165+00:00
2021-02,38000,愛媛県,1288,1363,-75,2026-07-04T15:37:29.282165+00:00
2021-02,39000,高知県,649,686,-37,2026-07-04T15:37:29.282165+00:00
2021-02,40000,福岡県,6409,5737,672,2026-07-04T15:37:29.282165+00:00
2021-02,41000,佐賀県,1126,1008,118,2026-07-04T15:37:29.282165+00:00
2021-02,42000,長崎県,1179,1429,-250,2026-07-04T15:37:29.282165+00:00
2021-02,43000,熊本県,1913,1613,300,2026-07-04T15:37:29.282165+00:00
2021-02,44000,大分県,1227,1274,-47,2026-07-04T15:37:29.282165+00:00
2021-02,45000,宮崎県,1243,987,256,2026-07-04T15:37:29.282165+00:00
2021-02,46000,鹿児島県,1781,1366,415,2026-07-04T15:37:29.282165+00:00
2021-02,47000,沖縄県,1741,1309,432,2026-07-04T15:37:29.282165+00:00
2021-03,01000,北海道,10720,14692,-3972,2026-07-04T15:37:29.282165+00:00
2021-03,02000,青森県,3484,6271,-2787,2026-07-04T15:37:29.282165+00:00
2021-03,03000,岩手県,3584,5731,-2147,2026-07-04T15:37:29.282165+00:00
2021-03,04000,宮城県,11170,12470,-1300,2026-07-04T15:37:29.282165+00:00
2021-03,05000,秋田県,2439,4081,-1642,2026-07-04T15:37:29.282165+00:00
2021-03,06000,山形県,2735,4897,-2162,2026-07-04T15:37:29.282165+00:00
2021-03,07000,福島県,5179,7990,-2811,2026-07-04T15:37:29.282165+00:00
2021-03,08000,茨城県,10984,12233,-1249,2026-07-04T15:37:29.282165+00:00
2021-03,09000,栃木県,7339,8566,-1227,2026-07-04T15:37:29.282165+00:00
2021-03,10000,群馬県,6642,7860,-1218,2026-07-04T15:37:29.282165+00:00
2021-03,11000,埼玉県,36895,29242,7653,2026-07-04T15:37:29.282165+00:00
2021-03,12000,千葉県,33636,26363,7273,2026-07-04T15:37:29.282165+00:00
2021-03,13000,東京都,97325,69522,27803,2026-07-04T15:37:29.282165+00:00
2021-03,14000,神奈川県,51713,36472,15241,2026-07-04T15:37:29.282165+00:00
2021-03,15000,新潟県,5111,8315,-3204,2026-07-04T15:37:29.282165+00:00
2021-03,16000,富山県,2883,3647,-764,2026-07-04T15:37:29.282165+00:00
2021-03,17000,石川県,4168,5363,-1195,2026-07-04T15:37:29.282165+00:00
2021-03,18000,福井県,2332,2988,-656,2026-07-04T15:37:29.282165+00:00
2021-03,19000,山梨県,3069,3876,-807,2026-07-04T15:37:29.282165+00:00
2021-03,20000,長野県,6494,8162,-1668,2026-07-04T15:37:29.282165+00:00
2021-03,21000,岐阜県,5773,7922,-2149,2026-07-04T15:37:29.282165+00:00
2021-03,22000,静岡県,11864,15317,-3453,2026-07-04T15:37:29.282165+00:00
2021-03,23000,愛知県,26324,26128,196,2026-07-04T15:37:29.282165+00:00
2021-03,24000,三重県,5787,7339,-1552,2026-07-04T15:37:29.282165+00:00
2021-03,25000,滋賀県,5937,6317,-380,2026-07-04T15:37:29.282165+00:00
2021-03,26000,京都府,13733,14346,-613,2026-07-04T15:37:29.282165+00:00
2021-03,27000,大阪府,37114,32728,4386,2026-07-04T15:37:29.282165+00:00
2021-03,28000,兵庫県,19958,21444,-1486,2026-07-04T15:37:29.282165+00:00
2021-03,29000,奈良県,4948,5607,-659,2026-07-04T15:37:29.282165+00:00
2021-03,30000,和歌山県,2475,3380,-905,2026-07-04T15:37:29.282165+00:00
2021-03,31000,鳥取県,1957,2822,-865,2026-07-04T15:37:29.282165+00:00
2021-03,32000,島根県,2412,3280,-868,2026-07-04T15:37:29.282165+00:00
2021-03,33000,岡山県,6954,7973,-1019,2026-07-04T15:37:29.282165+00:00
2021-03,34000,広島県,10477,12585,-2108,2026-07-04T15:37:29.282165+00:00
2021-03,35000,山口県,4217,6086,-1869,2026-07-04T15:37:29.282165+00:00
2021-03,36000,徳島県,2068,2961,-893,2026-07-04T15:37:29.282165+00:00
2021-03,37000,香川県,3903,4900,-997,2026-07-04T15:37:29.282165+00:00
2021-03,38000,愛媛県,4069,5367,-1298,2026-07-04T15:37:29.282165+00:00
2021-03,39000,高知県,2047,3221,-1174,2026-07-04T15:37:29.282165+00:00
2021-03,40000,福岡県,23949,22822,1127,2026-07-04T15:37:29.282165+00:00
2021-03,41000,佐賀県,3367,4118,-751,2026-07-04T15:37:29.282165+00:00
2021-03,42000,長崎県,4441,7568,-3127,2026-07-04T15:37:29.282165+00:00
2021-03,43000,熊本県,6371,7704,-1333,2026-07-04T15:37:29.282165+00:00
2021-03,44000,大分県,4022,5294,-1272,2026-07-04T15:37:29.282165+00:00
2021-03,45000,宮崎県,3615,5471,-1856,2026-07-04T15:37:29.282165+00:00
2021-03,46000,鹿児島県,5026,7592,-2566,2026-07-04T15:37:29.282165+00:00
2021-03,47000,沖縄県,5157,6834,-1677,2026-07-04T15:37:29.282165+00:00
2021-04,01000,北海道,9880,9711,169,2026-07-04T15:37:29.282165+00:00
2021-04,02000,青森県,2808,4189,-1381,2026-07-04T15:37:29.282165+00:00
2021-04,03000,岩手県,2985,3978,-993,2026-07-04T15:37:29.282165+00:00
2021-04,04000,宮城県,8841,8535,306,2026-07-04T15:37:29.282165+00:00
2021-04,05000,秋田県,1983,2911,-928,2026-07-04T15:37:29.282165+00:00
2021-04,06000,山形県,2533,3012,-479,2026-07-04T15:37:29.282165+00:00
2021-04,07000,福島県,3993,5333,-1340,2026-07-04T15:37:29.282165+00:00
2021-04,08000,茨城県,8091,7819,272,2026-07-04T15:37:29.282165+00:00
2021-04,09000,栃木県,5031,5228,-197,2026-07-04T15:37:29.282165+00:00
2021-04,10000,群馬県,4732,4715,17,2026-07-04T15:37:29.282165+00:00
2021-04,11000,埼玉県,24491,20717,3774,2026-07-04T15:37:29.282165+00:00
2021-04,12000,千葉県,21141,18660,2481,2026-07-04T15:37:29.282165+00:00
2021-04,13000,東京都,57710,55362,2348,2026-07-04T15:37:29.282165+00:00
2021-04,14000,神奈川県,32379,26416,5963,2026-07-04T15:37:29.282165+00:00
2021-04,15000,新潟県,4156,4967,-811,2026-07-04T15:37:29.282165+00:00
2021-04,16000,富山県,2158,2375,-217,2026-07-04T15:37:29.282165+00:00
2021-04,17000,石川県,3614,3355,259,2026-07-04T15:37:29.282165+00:00
2021-04,18000,福井県,1647,2098,-451,2026-07-04T15:37:29.282165+00:00
2021-04,19000,山梨県,2823,2242,581,2026-07-04T15:37:29.282165+00:00
2021-04,20000,長野県,4892,5065,-173,2026-07-04T15:37:29.282165+00:00
2021-04,21000,岐阜県,3776,4940,-1164,2026-07-04T15:37:29.282165+00:00
2021-04,22000,静岡県,8107,8998,-891,2026-07-04T15:37:29.282165+00:00
2021-04,23000,愛知県,17532,18555,-1023,2026-07-04T15:37:29.282165+00:00
2021-04,24000,三重県,4066,4821,-755,2026-07-04T15:37:29.282165+00:00
2021-04,25000,滋賀県,4313,3651,662,2026-07-04T15:37:29.282165+00:00
2021-04,26000,京都府,9707,8416,1291,2026-07-04T15:37:29.282165+00:00
2021-04,27000,大阪府,24415,23939,476,2026-07-04T15:37:29.282165+00:00
2021-04,28000,兵庫県,13620,14228,-608,2026-07-04T15:37:29.282165+00:00
2021-04,29000,奈良県,3598,3692,-94,2026-07-04T15:37:29.282165+00:00
2021-04,30000,和歌山県,1798,2313,-515,2026-07-04T15:37:29.282165+00:00
2021-04,31000,鳥取県,1643,1835,-192,2026-07-04T15:37:29.282165+00:00
2021-04,32000,島根県,2081,2176,-95,2026-07-04T15:37:29.282165+00:00
2021-04,33000,岡山県,4560,5585,-1025,2026-07-04T15:37:29.282165+00:00
2021-04,34000,広島県,8710,9087,-377,2026-07-04T15:37:29.282165+00:00
2021-04,35000,山口県,4916,4242,674,2026-07-04T15:37:29.282165+00:00
2021-04,36000,徳島県,1618,1905,-287,2026-07-04T15:37:29.282165+00:00
2021-04,37000,香川県,2828,3420,-592,2026-07-04T15:37:29.282165+00:00
2021-04,38000,愛媛県,3565,3800,-235,2026-07-04T15:37:29.282165+00:00
2021-04,39000,高知県,1851,1975,-124,2026-07-04T15:37:29.282165+00:00
2021-04,40000,福岡県,18106,17268,838,2026-07-04T15:37:29.282165+00:00
2021-04,41000,佐賀県,2381,3090,-709,2026-07-04T15:37:29.282165+00:00
2021-04,42000,長崎県,4084,5172,-1088,2026-07-04T15:37:29.282165+00:00
2021-04,43000,熊本県,4911,5643,-732,2026-07-04T15:37:29.282165+00:00
2021-04,44000,大分県,3171,3641,-470,2026-07-04T15:37:29.282165+00:00
2021-04,45000,宮崎県,3060,3894,-834,2026-07-04T15:37:29.282165+00:00
2021-04,46000,鹿児島県,5203,5823,-620,2026-07-04T15:37:29.282165+00:00
2021-04,47000,沖縄県,4591,5302,-711,2026-07-04T15:37:29.282165+00:00
2021-05,01000,北海道,3508,3246,262,2026-07-04T15:37:29.282165+00:00
2021-05,02000,青森県,838,1139,-301,2026-07-04T15:37:29.282165+00:00
2021-05,03000,岩手県,1182,1118,64,2026-07-04T15:37:29.282165+00:00
2021-05,04000,宮城県,2870,2887,-17,2026-07-04T15:37:29.282165+00:00
2021-05,05000,秋田県,730,740,-10,2026-07-04T15:37:29.282165+00:00
2021-05,06000,山形県,772,845,-73,2026-07-04T15:37:29.282165+00:00
2021-05,07000,福島県,1572,1913,-341,2026-07-04T15:37:29.282165+00:00
2021-05,08000,茨城県,3744,3460,284,2026-07-04T15:37:29.282165+00:00
2021-05,09000,栃木県,2614,2369,245,2026-07-04T15:37:29.282165+00:00
2021-05,10000,群馬県,2265,2264,1,2026-07-04T15:37:29.282165+00:00
2021-05,11000,埼玉県,13138,11136,2002,2026-07-04T15:37:29.282165+00:00
2021-05,12000,千葉県,10724,9907,817,2026-07-04T15:37:29.282165+00:00
2021-05,13000,東京都,28535,29196,-661,2026-07-04T15:37:29.282165+00:00
2021-05,14000,神奈川県,15764,14038,1726,2026-07-04T15:37:29.282165+00:00
2021-05,15000,新潟県,1388,1673,-285,2026-07-04T15:37:29.282165+00:00
2021-05,16000,富山県,806,941,-135,2026-07-04T15:37:29.282165+00:00
2021-05,17000,石川県,1224,1273,-49,2026-07-04T15:37:29.282165+00:00
2021-05,18000,福井県,700,837,-137,2026-07-04T15:37:29.282165+00:00
2021-05,19000,山梨県,1068,937,131,2026-07-04T15:37:29.282165+00:00
2021-05,20000,長野県,2163,1925,238,2026-07-04T15:37:29.282165+00:00
2021-05,21000,岐阜県,1963,2269,-306,2026-07-04T15:37:29.282165+00:00
2021-05,22000,静岡県,3647,3672,-25,2026-07-04T15:37:29.282165+00:00
2021-05,23000,愛知県,7920,8040,-120,2026-07-04T15:37:29.282165+00:00
2021-05,24000,三重県,2032,2181,-149,2026-07-04T15:37:29.282165+00:00
2021-05,25000,滋賀県,1943,1952,-9,2026-07-04T15:37:29.282165+00:00
2021-05,26000,京都府,3364,4107,-743,2026-07-04T15:37:29.282165+00:00
2021-05,27000,大阪府,11457,11296,161,2026-07-04T15:37:29.282165+00:00
2021-05,28000,兵庫県,5843,6890,-1047,2026-07-04T15:37:29.282165+00:00
2021-05,29000,奈良県,1530,1779,-249,2026-07-04T15:37:29.282165+00:00
2021-05,30000,和歌山県,751,876,-125,2026-07-04T15:37:29.282165+00:00
2021-05,31000,鳥取県,528,516,12,2026-07-04T15:37:29.282165+00:00
2021-05,32000,島根県,636,628,8,2026-07-04T15:37:29.282165+00:00
2021-05,33000,岡山県,1766,2017,-251,2026-07-04T15:37:29.282165+00:00
2021-05,34000,広島県,2767,3266,-499,2026-07-04T15:37:29.282165+00:00
2021-05,35000,山口県,1372,1603,-231,2026-07-04T15:37:29.282165+00:00
2021-05,36000,徳島県,609,677,-68,2026-07-04T15:37:29.282165+00:00
2021-05,37000,香川県,969,1038,-69,2026-07-04T15:37:29.282165+00:00
2021-05,38000,愛媛県,1112,1262,-150,2026-07-04T15:37:29.282165+00:00
2021-05,39000,高知県,533,575,-42,2026-07-04T15:37:29.282165+00:00
2021-05,40000,福岡県,6635,6294,341,2026-07-04T15:37:29.282165+00:00
2021-05,41000,佐賀県,1144,1109,35,2026-07-04T15:37:29.282165+00:00
2021-05,42000,長崎県,1309,1567,-258,2026-07-04T15:37:29.282165+00:00
2021-05,43000,熊本県,1654,1793,-139,2026-07-04T15:37:29.282165+00:00
2021-05,44000,大分県,1110,1244,-134,2026-07-04T15:37:29.282165+00:00
2021-05,45000,宮崎県,1142,1047,95,2026-07-04T15:37:29.282165+00:00
2021-05,46000,鹿児島県,1515,1563,-48,2026-07-04T15:37:29.282165+00:00
2021-05,47000,沖縄県,1701,1452,249,2026-07-04T15:37:29.282165+00:00
2021-06,01000,北海道,3118,3082,36,2026-07-04T15:37:29.282165+00:00
2021-06,02000,青森県,946,998,-52,2026-07-04T15:37:29.282165+00:00
2021-06,03000,岩手県,1112,1133,-21,2026-07-04T15:37:29.282165+00:00
2021-06,04000,宮城県,2592,2620,-28,2026-07-04T15:37:29.282165+00:00
2021-06,05000,秋田県,650,740,-90,2026-07-04T15:37:29.282165+00:00
2021-06,06000,山形県,747,780,-33,2026-07-04T15:37:29.282165+00:00
2021-06,07000,福島県,1659,1843,-184,2026-07-04T15:37:29.282165+00:00
2021-06,08000,茨城県,3562,3400,162,2026-07-04T15:37:29.282165+00:00
2021-06,09000,栃木県,2376,2305,71,2026-07-04T15:37:29.282165+00:00
2021-06,10000,群馬県,2260,2211,49,2026-07-04T15:37:29.282165+00:00
2021-06,11000,埼玉県,12942,11580,1362,2026-07-04T15:37:29.282165+00:00
2021-06,12000,千葉県,10664,9602,1062,2026-07-04T15:37:29.282165+00:00
2021-06,13000,東京都,29224,29807,-583,2026-07-04T15:37:29.282165+00:00
2021-06,14000,神奈川県,16110,14845,1265,2026-07-04T15:37:29.282165+00:00
2021-06,15000,新潟県,1248,1519,-271,2026-07-04T15:37:29.282165+00:00
2021-06,16000,富山県,784,950,-166,2026-07-04T15:37:29.282165+00:00
2021-06,17000,石川県,1205,1140,65,2026-07-04T15:37:29.282165+00:00
2021-06,18000,福井県,655,723,-68,2026-07-04T15:37:29.282165+00:00
2021-06,19000,山梨県,1091,930,161,2026-07-04T15:37:29.282165+00:00
2021-06,20000,長野県,2217,1910,307,2026-07-04T15:37:29.282165+00:00
2021-06,21000,岐阜県,1958,2272,-314,2026-07-04T15:37:29.282165+00:00
2021-06,22000,静岡県,3559,3580,-21,2026-07-04T15:37:29.282165+00:00
2021-06,23000,愛知県,7818,7825,-7,2026-07-04T15:37:29.282165+00:00
2021-06,24000,三重県,2023,2167,-144,2026-07-04T15:37:29.282165+00:00
2021-06,25000,滋賀県,2039,1762,277,2026-07-04T15:37:29.282165+00:00
2021-06,26000,京都府,3325,3935,-610,2026-07-04T15:37:29.282165+00:00
2021-06,27000,大阪府,11202,10971,231,2026-07-04T15:37:29.282165+00:00
2021-06,28000,兵庫県,5676,6576,-900,2026-07-04T15:37:29.282165+00:00
2021-06,29000,奈良県,1521,1714,-193,2026-07-04T15:37:29.282165+00:00
2021-06,30000,和歌山県,750,838,-88,2026-07-04T15:37:29.282165+00:00
2021-06,31000,鳥取県,492,514,-22,2026-07-04T15:37:29.282165+00:00
2021-06,32000,島根県,663,664,-1,2026-07-04T15:37:29.282165+00:00
2021-06,33000,岡山県,1730,1944,-214,2026-07-04T15:37:29.282165+00:00
2021-06,34000,広島県,2558,3113,-555,2026-07-04T15:37:29.282165+00:00
2021-06,35000,山口県,1240,1344,-104,2026-07-04T15:37:29.282165+00:00
2021-06,36000,徳島県,569,698,-129,2026-07-04T15:37:29.282165+00:00
2021-06,37000,香川県,947,966,-19,2026-07-04T15:37:29.282165+00:00
2021-06,38000,愛媛県,1024,1141,-117,2026-07-04T15:37:29.282165+00:00
2021-06,39000,高知県,511,587,-76,2026-07-04T15:37:29.282165+00:00
2021-06,40000,福岡県,5808,5536,272,2026-07-04T15:37:29.282165+00:00
2021-06,41000,佐賀県,927,1064,-137,2026-07-04T15:37:29.282165+00:00
2021-06,42000,長崎県,1124,1470,-346,2026-07-04T15:37:29.282165+00:00
2021-06,43000,熊本県,1581,1596,-15,2026-07-04T15:37:29.282165+00:00
2021-06,44000,大分県,1074,1088,-14,2026-07-04T15:37:29.282165+00:00
2021-06,45000,宮崎県,961,962,-1,2026-07-04T15:37:29.282165+00:00
2021-06,46000,鹿児島県,1386,1423,-37,2026-07-04T15:37:29.282165+00:00
2021-06,47000,沖縄県,1660,1420,240,2026-07-04T15:37:29.282165+00:00
2021-07,01000,北海道,4100,2951,1149,2026-07-04T15:37:29.282165+00:00
2021-07,02000,青森県,1410,1120,290,2026-07-04T15:37:29.282165+00:00
2021-07,03000,岩手県,1201,1131,70,2026-07-04T15:37:29.282165+00:00
2021-07,04000,宮城県,2975,3311,-336,2026-07-04T15:37:29.282165+00:00
2021-07,05000,秋田県,873,790,83,2026-07-04T15:37:29.282165+00:00
2021-07,06000,山形県,988,873,115,2026-07-04T15:37:29.282165+00:00
2021-07,07000,福島県,1728,1749,-21,2026-07-04T15:37:29.282165+00:00
2021-07,08000,茨城県,3783,3341,442,2026-07-04T15:37:29.282165+00:00
2021-07,09000,栃木県,2531,2203,328,2026-07-04T15:37:29.282165+00:00
2021-07,10000,群馬県,2367,2095,272,2026-07-04T15:37:29.282165+00:00
2021-07,11000,埼玉県,13087,12873,214,2026-07-04T15:37:29.282165+00:00
2021-07,12000,千葉県,10653,9634,1019,2026-07-04T15:37:29.282165+00:00
2021-07,13000,東京都,26958,29922,-2964,2026-07-04T15:37:29.282165+00:00
2021-07,14000,神奈川県,15178,15276,-98,2026-07-04T15:37:29.282165+00:00
2021-07,15000,新潟県,1471,1597,-126,2026-07-04T15:37:29.282165+00:00
2021-07,16000,富山県,842,877,-35,2026-07-04T15:37:29.282165+00:00
2021-07,17000,石川県,1331,1189,142,2026-07-04T15:37:29.282165+00:00
2021-07,18000,福井県,651,796,-145,2026-07-04T15:37:29.282165+00:00
2021-07,19000,山梨県,1070,1018,52,2026-07-04T15:37:29.282165+00:00
2021-07,20000,長野県,2143,1751,392,2026-07-04T15:37:29.282165+00:00
2021-07,21000,岐阜県,1983,2119,-136,2026-07-04T15:37:29.282165+00:00
2021-07,22000,静岡県,4225,3855,370,2026-07-04T15:37:29.282165+00:00
2021-07,23000,愛知県,8022,8070,-48,2026-07-04T15:37:29.282165+00:00
2021-07,24000,三重県,2183,2053,130,2026-07-04T15:37:29.282165+00:00
2021-07,25000,滋賀県,1924,2242,-318,2026-07-04T15:37:29.282165+00:00
2021-07,26000,京都府,3454,3879,-425,2026-07-04T15:37:29.282165+00:00
2021-07,27000,大阪府,10932,10561,371,2026-07-04T15:37:29.282165+00:00
2021-07,28000,兵庫県,5782,6062,-280,2026-07-04T15:37:29.282165+00:00
2021-07,29000,奈良県,1516,1550,-34,2026-07-04T15:37:29.282165+00:00
2021-07,30000,和歌山県,775,864,-89,2026-07-04T15:37:29.282165+00:00
2021-07,31000,鳥取県,665,580,85,2026-07-04T15:37:29.282165+00:00
2021-07,32000,島根県,664,711,-47,2026-07-04T15:37:29.282165+00:00
2021-07,33000,岡山県,1823,1910,-87,2026-07-04T15:37:29.282165+00:00
2021-07,34000,広島県,2909,3294,-385,2026-07-04T15:37:29.282165+00:00
2021-07,35000,山口県,1313,2591,-1278,2026-07-04T15:37:29.282165+00:00
2021-07,36000,徳島県,626,610,16,2026-07-04T15:37:29.282165+00:00
2021-07,37000,香川県,1140,1138,2,2026-07-04T15:37:29.282165+00:00
2021-07,38000,愛媛県,1117,1643,-526,2026-07-04T15:37:29.282165+00:00
2021-07,39000,高知県,657,570,87,2026-07-04T15:37:29.282165+00:00
2021-07,40000,福岡県,6771,6006,765,2026-07-04T15:37:29.282165+00:00
2021-07,41000,佐賀県,1107,1069,38,2026-07-04T15:37:29.282165+00:00
2021-07,42000,長崎県,1540,1571,-31,2026-07-04T15:37:29.282165+00:00
2021-07,43000,熊本県,2253,1749,504,2026-07-04T15:37:29.282165+00:00
2021-07,44000,大分県,1395,1323,72,2026-07-04T15:37:29.282165+00:00
2021-07,45000,宮崎県,1316,1245,71,2026-07-04T15:37:29.282165+00:00
2021-07,46000,鹿児島県,1754,1884,-130,2026-07-04T15:37:29.282165+00:00
2021-07,47000,沖縄県,1890,1430,460,2026-07-04T15:37:29.282165+00:00
2021-08,01000,北海道,3611,3716,-105,2026-07-04T15:37:29.282165+00:00
2021-08,02000,青森県,1260,1369,-109,2026-07-04T15:37:29.282165+00:00
2021-08,03000,岩手県,1098,1073,25,2026-07-04T15:37:29.282165+00:00
2021-08,04000,宮城県,3021,2734,287,2026-07-04T15:37:29.282165+00:00
2021-08,05000,秋田県,691,691,0,2026-07-04T15:37:29.282165+00:00
2021-08,06000,山形県,751,867,-116,2026-07-04T15:37:29.282165+00:00
2021-08,07000,福島県,1719,1840,-121,2026-07-04T15:37:29.282165+00:00
2021-08,08000,茨城県,3922,3471,451,2026-07-04T15:37:29.282165+00:00
2021-08,09000,栃木県,2484,2442,42,2026-07-04T15:37:29.282165+00:00
2021-08,10000,群馬県,2475,2286,189,2026-07-04T15:37:29.282165+00:00
2021-08,11000,埼玉県,13345,11686,1659,2026-07-04T15:37:29.282165+00:00
2021-08,12000,千葉県,11011,9842,1169,2026-07-04T15:37:29.282165+00:00
2021-08,13000,東京都,26727,30090,-3363,2026-07-04T15:37:29.282165+00:00
2021-08,14000,神奈川県,15997,14662,1335,2026-07-04T15:37:29.282165+00:00
2021-08,15000,新潟県,1428,1604,-176,2026-07-04T15:37:29.282165+00:00
2021-08,16000,富山県,878,940,-62,2026-07-04T15:37:29.282165+00:00
2021-08,17000,石川県,1210,1267,-57,2026-07-04T15:37:29.282165+00:00
2021-08,18000,福井県,753,785,-32,2026-07-04T15:37:29.282165+00:00
2021-08,19000,山梨県,1040,872,168,2026-07-04T15:37:29.282165+00:00
2021-08,20000,長野県,1969,1819,150,2026-07-04T15:37:29.282165+00:00
2021-08,21000,岐阜県,2131,2475,-344,2026-07-04T15:37:29.282165+00:00
2021-08,22000,静岡県,3979,4188,-209,2026-07-04T15:37:29.282165+00:00
2021-08,23000,愛知県,8456,8227,229,2026-07-04T15:37:29.282165+00:00
2021-08,24000,三重県,2260,2391,-131,2026-07-04T15:37:29.282165+00:00
2021-08,25000,滋賀県,2024,1949,75,2026-07-04T15:37:29.282165+00:00
2021-08,26000,京都府,3537,4115,-578,2026-07-04T15:37:29.282165+00:00
2021-08,27000,大阪府,11021,11058,-37,2026-07-04T15:37:29.282165+00:00
2021-08,28000,兵庫県,6272,6500,-228,2026-07-04T15:37:29.282165+00:00
2021-08,29000,奈良県,1649,1573,76,2026-07-04T15:37:29.282165+00:00
2021-08,30000,和歌山県,842,835,7,2026-07-04T15:37:29.282165+00:00
2021-08,31000,鳥取県,584,596,-12,2026-07-04T15:37:29.282165+00:00
2021-08,32000,島根県,606,742,-136,2026-07-04T15:37:29.282165+00:00
2021-08,33000,岡山県,1910,2027,-117,2026-07-04T15:37:29.282165+00:00
2021-08,34000,広島県,2955,3165,-210,2026-07-04T15:37:29.282165+00:00
2021-08,35000,山口県,1559,1644,-85,2026-07-04T15:37:29.282165+00:00
2021-08,36000,徳島県,620,742,-122,2026-07-04T15:37:29.282165+00:00
2021-08,37000,香川県,1148,1252,-104,2026-07-04T15:37:29.282165+00:00
2021-08,38000,愛媛県,1262,1345,-83,2026-07-04T15:37:29.282165+00:00
2021-08,39000,高知県,621,654,-33,2026-07-04T15:37:29.282165+00:00
2021-08,40000,福岡県,6940,6402,538,2026-07-04T15:37:29.282165+00:00
2021-08,41000,佐賀県,1080,1187,-107,2026-07-04T15:37:29.282165+00:00
2021-08,42000,長崎県,1716,1993,-277,2026-07-04T15:37:29.282165+00:00
2021-08,43000,熊本県,2268,1972,296,2026-07-04T15:37:29.282165+00:00
2021-08,44000,大分県,1331,1409,-78,2026-07-04T15:37:29.282165+00:00
2021-08,45000,宮崎県,1379,1304,75,2026-07-04T15:37:29.282165+00:00
2021-08,46000,鹿児島県,1993,1795,198,2026-07-04T15:37:29.282165+00:00
2021-08,47000,沖縄県,2069,2006,63,2026-07-04T15:37:29.282165+00:00
2021-09,01000,北海道,3277,3022,255,2026-07-04T15:37:29.282165+00:00
2021-09,02000,青森県,1357,1043,314,2026-07-04T15:37:29.282165+00:00
2021-09,03000,岩手県,1083,1060,23,2026-07-04T15:37:29.282165+00:00
2021-09,04000,宮城県,2665,2514,151,2026-07-04T15:37:29.282165+00:00
2021-09,05000,秋田県,707,634,73,2026-07-04T15:37:29.282165+00:00
2021-09,06000,山形県,785,803,-18,2026-07-04T15:37:29.282165+00:00
2021-09,07000,福島県,1578,1804,-226,2026-07-04T15:37:29.282165+00:00
2021-09,08000,茨城県,3774,3339,435,2026-07-04T15:37:29.282165+00:00
2021-09,09000,栃木県,2447,2249,198,2026-07-04T15:37:29.282165+00:00
2021-09,10000,群馬県,2222,2123,99,2026-07-04T15:37:29.282165+00:00
2021-09,11000,埼玉県,12461,10809,1652,2026-07-04T15:37:29.282165+00:00
2021-09,12000,千葉県,10231,9155,1076,2026-07-04T15:37:29.282165+00:00
2021-09,13000,東京都,25151,28684,-3533,2026-07-04T15:37:29.282165+00:00
2021-09,14000,神奈川県,14894,13856,1038,2026-07-04T15:37:29.282165+00:00
2021-09,15000,新潟県,1389,1404,-15,2026-07-04T15:37:29.282165+00:00
2021-09,16000,富山県,821,807,14,2026-07-04T15:37:29.282165+00:00
2021-09,17000,石川県,1175,1168,7,2026-07-04T15:37:29.282165+00:00
2021-09,18000,福井県,713,756,-43,2026-07-04T15:37:29.282165+00:00
2021-09,19000,山梨県,973,840,133,2026-07-04T15:37:29.282165+00:00
2021-09,20000,長野県,1957,1705,252,2026-07-04T15:37:29.282165+00:00
2021-09,21000,岐阜県,1908,2104,-196,2026-07-04T15:37:29.282165+00:00
2021-09,22000,静岡県,3570,3680,-110,2026-07-04T15:37:29.282165+00:00
2021-09,23000,愛知県,7554,7679,-125,2026-07-04T15:37:29.282165+00:00
2021-09,24000,三重県,1917,2079,-162,2026-07-04T15:37:29.282165+00:00
2021-09,25000,滋賀県,1895,1705,190,2026-07-04T15:37:29.282165+00:00
2021-09,26000,京都府,3307,3998,-691,2026-07-04T15:37:29.282165+00:00
2021-09,27000,大阪府,10236,10213,23,2026-07-04T15:37:29.282165+00:00
2021-09,28000,兵庫県,5462,5982,-520,2026-07-04T15:37:29.282165+00:00
2021-09,29000,奈良県,1459,1496,-37,2026-07-04T15:37:29.282165+00:00
2021-09,30000,和歌山県,670,807,-137,2026-07-04T15:37:29.282165+00:00
2021-09,31000,鳥取県,471,568,-97,2026-07-04T15:37:29.282165+00:00
2021-09,32000,島根県,638,628,10,2026-07-04T15:37:29.282165+00:00
2021-09,33000,岡山県,1764,1863,-99,2026-07-04T15:37:29.282165+00:00
2021-09,34000,広島県,2633,3101,-468,2026-07-04T15:37:29.282165+00:00
2021-09,35000,山口県,1369,1309,60,2026-07-04T15:37:29.282165+00:00
2021-09,36000,徳島県,700,628,72,2026-07-04T15:37:29.282165+00:00
2021-09,37000,香川県,1008,1052,-44,2026-07-04T15:37:29.282165+00:00
2021-09,38000,愛媛県,1034,1118,-84,2026-07-04T15:37:29.282165+00:00
2021-09,39000,高知県,581,516,65,2026-07-04T15:37:29.282165+00:00
2021-09,40000,福岡県,5735,5634,101,2026-07-04T15:37:29.282165+00:00
2021-09,41000,佐賀県,976,991,-15,2026-07-04T15:37:29.282165+00:00
2021-09,42000,長崎県,1341,1574,-233,2026-07-04T15:37:29.282165+00:00
2021-09,43000,熊本県,1775,1619,156,2026-07-04T15:37:29.282165+00:00
2021-09,44000,大分県,1152,1136,16,2026-07-04T15:37:29.282165+00:00
2021-09,45000,宮崎県,1047,971,76,2026-07-04T15:37:29.282165+00:00
2021-09,46000,鹿児島県,1543,1286,257,2026-07-04T15:37:29.282165+00:00
2021-09,47000,沖縄県,1568,1461,107,2026-07-04T15:37:29.282165+00:00
2021-10,01000,北海道,3124,3343,-219,2026-07-04T15:37:29.282165+00:00
2021-10,02000,青森県,1104,1146,-42,2026-07-04T15:37:29.282165+00:00
2021-10,03000,岩手県,1064,1104,-40,2026-07-04T15:37:29.282165+00:00
2021-10,04000,宮城県,2729,2852,-123,2026-07-04T15:37:29.282165+00:00
2021-10,05000,秋田県,684,749,-65,2026-07-04T15:37:29.282165+00:00
2021-10,06000,山形県,796,813,-17,2026-07-04T15:37:29.282165+00:00
2021-10,07000,福島県,1620,1657,-37,2026-07-04T15:37:29.282165+00:00
2021-10,08000,茨城県,3957,3289,668,2026-07-04T15:37:29.282165+00:00
2021-10,09000,栃木県,2322,2279,43,2026-07-04T15:37:29.282165+00:00
2021-10,10000,群馬県,2242,2303,-61,2026-07-04T15:37:29.282165+00:00
2021-10,11000,埼玉県,12982,10928,2054,2026-07-04T15:37:29.282165+00:00
2021-10,12000,千葉県,11037,9619,1418,2026-07-04T15:37:29.282165+00:00
2021-10,13000,東京都,26220,29482,-3262,2026-07-04T15:37:29.282165+00:00
2021-10,14000,神奈川県,14975,14163,812,2026-07-04T15:37:29.282165+00:00
2021-10,15000,新潟県,1350,1495,-145,2026-07-04T15:37:29.282165+00:00
2021-10,16000,富山県,803,916,-113,2026-07-04T15:37:29.282165+00:00
2021-10,17000,石川県,1124,1165,-41,2026-07-04T15:37:29.282165+00:00
2021-10,18000,福井県,759,847,-88,2026-07-04T15:37:29.282165+00:00
2021-10,19000,山梨県,1083,841,242,2026-07-04T15:37:29.282165+00:00
2021-10,20000,長野県,2031,1726,305,2026-07-04T15:37:29.282165+00:00
2021-10,21000,岐阜県,2034,2177,-143,2026-07-04T15:37:29.282165+00:00
2021-10,22000,静岡県,3490,3584,-94,2026-07-04T15:37:29.282165+00:00
2021-10,23000,愛知県,7727,7962,-235,2026-07-04T15:37:29.282165+00:00
2021-10,24000,三重県,2101,2058,43,2026-07-04T15:37:29.282165+00:00
2021-10,25000,滋賀県,1923,1772,151,2026-07-04T15:37:29.282165+00:00
2021-10,26000,京都府,3282,3801,-519,2026-07-04T15:37:29.282165+00:00
2021-10,27000,大阪府,10614,10695,-81,2026-07-04T15:37:29.282165+00:00
2021-10,28000,兵庫県,5844,5930,-86,2026-07-04T15:37:29.282165+00:00
2021-10,29000,奈良県,1650,1552,98,2026-07-04T15:37:29.282165+00:00
2021-10,30000,和歌山県,788,789,-1,2026-07-04T15:37:29.282165+00:00
2021-10,31000,鳥取県,552,556,-4,2026-07-04T15:37:29.282165+00:00
2021-10,32000,島根県,632,617,15,2026-07-04T15:37:29.282165+00:00
2021-10,33000,岡山県,1770,1886,-116,2026-07-04T15:37:29.282165+00:00
2021-10,34000,広島県,2532,3278,-746,2026-07-04T15:37:29.282165+00:00
2021-10,35000,山口県,1316,1305,11,2026-07-04T15:37:29.282165+00:00
2021-10,36000,徳島県,578,635,-57,2026-07-04T15:37:29.282165+00:00
2021-10,37000,香川県,1024,1013,11,2026-07-04T15:37:29.282165+00:00
2021-10,38000,愛媛県,1030,1157,-127,2026-07-04T15:37:29.282165+00:00
2021-10,39000,高知県,481,512,-31,2026-07-04T15:37:29.282165+00:00
2021-10,40000,福岡県,5970,5756,214,2026-07-04T15:37:29.282165+00:00
2021-10,41000,佐賀県,1084,990,94,2026-07-04T15:37:29.282165+00:00
2021-10,42000,長崎県,1362,1403,-41,2026-07-04T15:37:29.282165+00:00
2021-10,43000,熊本県,1649,1784,-135,2026-07-04T15:37:29.282165+00:00
2021-10,44000,大分県,1180,1112,68,2026-07-04T15:37:29.282165+00:00
2021-10,45000,宮崎県,1155,1118,37,2026-07-04T15:37:29.282165+00:00
2021-10,46000,鹿児島県,1731,1478,253,2026-07-04T15:37:29.282165+00:00
2021-10,47000,沖縄県,1719,1587,132,2026-07-04T15:37:29.282165+00:00
2021-11,01000,北海道,2718,2908,-190,2026-07-04T15:37:29.282165+00:00
2021-11,02000,青森県,946,1019,-73,2026-07-04T15:37:29.282165+00:00
2021-11,03000,岩手県,940,995,-55,2026-07-04T15:37:29.282165+00:00
2021-11,04000,宮城県,2244,2194,50,2026-07-04T15:37:29.282165+00:00
2021-11,05000,秋田県,612,725,-113,2026-07-04T15:37:29.282165+00:00
2021-11,06000,山形県,672,748,-76,2026-07-04T15:37:29.282165+00:00
2021-11,07000,福島県,1448,1622,-174,2026-07-04T15:37:29.282165+00:00
2021-11,08000,茨城県,3709,3202,507,2026-07-04T15:37:29.282165+00:00
2021-11,09000,栃木県,2281,2198,83,2026-07-04T15:37:29.282165+00:00
2021-11,10000,群馬県,2286,2177,109,2026-07-04T15:37:29.282165+00:00
2021-11,11000,埼玉県,12801,11268,1533,2026-07-04T15:37:29.282165+00:00
2021-11,12000,千葉県,10642,9483,1159,2026-07-04T15:37:29.282165+00:00
2021-11,13000,東京都,25462,28716,-3254,2026-07-04T15:37:29.282165+00:00
2021-11,14000,神奈川県,14791,13842,949,2026-07-04T15:37:29.282165+00:00
2021-11,15000,新潟県,1233,1385,-152,2026-07-04T15:37:29.282165+00:00
2021-11,16000,富山県,743,886,-143,2026-07-04T15:37:29.282165+00:00
2021-11,17000,石川県,1018,1020,-2,2026-07-04T15:37:29.282165+00:00
2021-11,18000,福井県,770,745,25,2026-07-04T15:37:29.282165+00:00
2021-11,19000,山梨県,1008,904,104,2026-07-04T15:37:29.282165+00:00
2021-11,20000,長野県,1869,1855,14,2026-07-04T15:37:29.282165+00:00
2021-11,21000,岐阜県,2015,2257,-242,2026-07-04T15:37:29.282165+00:00
2021-11,22000,静岡県,3408,3330,78,2026-07-04T15:37:29.282165+00:00
2021-11,23000,愛知県,7300,7005,295,2026-07-04T15:37:29.282165+00:00
2021-11,24000,三重県,2017,2065,-48,2026-07-04T15:37:29.282165+00:00
2021-11,25000,滋賀県,1913,1649,264,2026-07-04T15:37:29.282165+00:00
2021-11,26000,京都府,3297,3358,-61,2026-07-04T15:37:29.282165+00:00
2021-11,27000,大阪府,10050,10022,28,2026-07-04T15:37:29.282165+00:00
2021-11,28000,兵庫県,5564,5732,-168,2026-07-04T15:37:29.282165+00:00
2021-11,29000,奈良県,1675,1736,-61,2026-07-04T15:37:29.282165+00:00
2021-11,30000,和歌山県,729,825,-96,2026-07-04T15:37:29.282165+00:00
2021-11,31000,鳥取県,486,557,-71,2026-07-04T15:37:29.282165+00:00
2021-11,32000,島根県,571,596,-25,2026-07-04T15:37:29.282165+00:00
2021-11,33000,岡山県,1560,1609,-49,2026-07-04T15:37:29.282165+00:00
2021-11,34000,広島県,2223,2705,-482,2026-07-04T15:37:29.282165+00:00
2021-11,35000,山口県,1148,1214,-66,2026-07-04T15:37:29.282165+00:00
2021-11,36000,徳島県,521,575,-54,2026-07-04T15:37:29.282165+00:00
2021-11,37000,香川県,934,908,26,2026-07-04T15:37:29.282165+00:00
2021-11,38000,愛媛県,997,1104,-107,2026-07-04T15:37:29.282165+00:00
2021-11,39000,高知県,503,520,-17,2026-07-04T15:37:29.282165+00:00
2021-11,40000,福岡県,5278,4905,373,2026-07-04T15:37:29.282165+00:00
2021-11,41000,佐賀県,946,955,-9,2026-07-04T15:37:29.282165+00:00
2021-11,42000,長崎県,1109,1270,-161,2026-07-04T15:37:29.282165+00:00
2021-11,43000,熊本県,1674,1468,206,2026-07-04T15:37:29.282165+00:00
2021-11,44000,大分県,973,1046,-73,2026-07-04T15:37:29.282165+00:00
2021-11,45000,宮崎県,983,905,78,2026-07-04T15:37:29.282165+00:00
2021-11,46000,鹿児島県,1451,1269,182,2026-07-04T15:37:29.282165+00:00
2021-11,47000,沖縄県,1485,1526,-41,2026-07-04T15:37:29.282165+00:00
2021-12,01000,北海道,2705,2595,110,2026-07-04T15:37:29.282165+00:00
2021-12,02000,青森県,948,934,14,2026-07-04T15:37:29.282165+00:00
2021-12,03000,岩手県,816,866,-50,2026-07-04T15:37:29.282165+00:00
2021-12,04000,宮城県,2114,2185,-71,2026-07-04T15:37:29.282165+00:00
2021-12,05000,秋田県,508,563,-55,2026-07-04T15:37:29.282165+00:00
2021-12,06000,山形県,658,679,-21,2026-07-04T15:37:29.282165+00:00
2021-12,07000,福島県,1344,1534,-190,2026-07-04T15:37:29.282165+00:00
2021-12,08000,茨城県,3559,2884,675,2026-07-04T15:37:29.282165+00:00
2021-12,09000,栃木県,2166,2044,122,2026-07-04T15:37:29.282165+00:00
2021-12,10000,群馬県,2077,1906,171,2026-07-04T15:37:29.282165+00:00
2021-12,11000,埼玉県,12109,10918,1191,2026-07-04T15:37:29.282165+00:00
2021-12,12000,千葉県,9902,9030,872,2026-07-04T15:37:29.282165+00:00
2021-12,13000,東京都,24760,28530,-3770,2026-07-04T15:37:29.282165+00:00
2021-12,14000,神奈川県,14644,13651,993,2026-07-04T15:37:29.282165+00:00
2021-12,15000,新潟県,1185,1284,-99,2026-07-04T15:37:29.282165+00:00
2021-12,16000,富山県,680,773,-93,2026-07-04T15:37:29.282165+00:00
2021-12,17000,石川県,983,1056,-73,2026-07-04T15:37:29.282165+00:00
2021-12,18000,福井県,654,731,-77,2026-07-04T15:37:29.282165+00:00
2021-12,19000,山梨県,856,844,12,2026-07-04T15:37:29.282165+00:00
2021-12,20000,長野県,1784,1638,146,2026-07-04T15:37:29.282165+00:00
2021-12,21000,岐阜県,1900,1926,-26,2026-07-04T15:37:29.282165+00:00
2021-12,22000,静岡県,3229,3187,42,2026-07-04T15:37:29.282165+00:00
2021-12,23000,愛知県,6735,7321,-586,2026-07-04T15:37:29.282165+00:00
2021-12,24000,三重県,1882,1841,41,2026-07-04T15:37:29.282165+00:00
2021-12,25000,滋賀県,1829,1623,206,2026-07-04T15:37:29.282165+00:00
2021-12,26000,京都府,3096,3534,-438,2026-07-04T15:37:29.282165+00:00
2021-12,27000,大阪府,9712,9707,5,2026-07-04T15:37:29.282165+00:00
2021-12,28000,兵庫県,5709,5657,52,2026-07-04T15:37:29.282165+00:00
2021-12,29000,奈良県,1774,1684,90,2026-07-04T15:37:29.282165+00:00
2021-12,30000,和歌山県,727,695,32,2026-07-04T15:37:29.282165+00:00
2021-12,31000,鳥取県,479,441,38,2026-07-04T15:37:29.282165+00:00
2021-12,32000,島根県,575,582,-7,2026-07-04T15:37:29.282165+00:00
2021-12,33000,岡山県,1502,1654,-152,2026-07-04T15:37:29.282165+00:00
2021-12,34000,広島県,2263,2728,-465,2026-07-04T15:37:29.282165+00:00
2021-12,35000,山口県,1152,1232,-80,2026-07-04T15:37:29.282165+00:00
2021-12,36000,徳島県,478,551,-73,2026-07-04T15:37:29.282165+00:00
2021-12,37000,香川県,798,936,-138,2026-07-04T15:37:29.282165+00:00
2021-12,38000,愛媛県,1004,928,76,2026-07-04T15:37:29.282165+00:00
2021-12,39000,高知県,429,447,-18,2026-07-04T15:37:29.282165+00:00
2021-12,40000,福岡県,5338,4805,533,2026-07-04T15:37:29.282165+00:00
2021-12,41000,佐賀県,909,869,40,2026-07-04T15:37:29.282165+00:00
2021-12,42000,長崎県,1230,1193,37,2026-07-04T15:37:29.282165+00:00
2021-12,43000,熊本県,1542,1357,185,2026-07-04T15:37:29.282165+00:00
2021-12,44000,大分県,1075,1014,61,2026-07-04T15:37:29.282165+00:00
2021-12,45000,宮崎県,995,827,168,2026-07-04T15:37:29.282165+00:00
2021-12,46000,鹿児島県,1563,1241,322,2026-07-04T15:37:29.282165+00:00
2021-12,47000,沖縄県,1620,1372,248,2026-07-04T15:37:29.282165+00:00
2022-01,01000,北海道,2600,2902,-302,2026-07-04T15:37:29.282165+00:00
2022-01,02000,青森県,863,1062,-199,2026-07-04T15:37:29.282165+00:00
2022-01,03000,岩手県,885,1004,-119,2026-07-04T15:37:29.282165+00:00
2022-01,04000,宮城県,2335,2405,-70,2026-07-04T15:37:29.282165+00:00
2022-01,05000,秋田県,550,623,-73,2026-07-04T15:37:29.282165+00:00
2022-01,06000,山形県,693,792,-99,2026-07-04T15:37:29.282165+00:00
2022-01,07000,福島県,1546,1708,-162,2026-07-04T15:37:29.282165+00:00
2022-01,08000,茨城県,3720,3292,428,2026-07-04T15:37:29.282165+00:00
2022-01,09000,栃木県,2415,2273,142,2026-07-04T15:37:29.282165+00:00
2022-01,10000,群馬県,2145,2143,2,2026-07-04T15:37:29.282165+00:00
2022-01,11000,埼玉県,11666,10373,1293,2026-07-04T15:37:29.282165+00:00
2022-01,12000,千葉県,9883,8997,886,2026-07-04T15:37:29.282165+00:00
2022-01,13000,東京都,26130,25639,491,2026-07-04T15:37:29.282165+00:00
2022-01,14000,神奈川県,13866,13189,677,2026-07-04T15:37:29.282165+00:00
2022-01,15000,新潟県,1158,1485,-327,2026-07-04T15:37:29.282165+00:00
2022-01,16000,富山県,836,841,-5,2026-07-04T15:37:29.282165+00:00
2022-01,17000,石川県,1033,1070,-37,2026-07-04T15:37:29.282165+00:00
2022-01,18000,福井県,582,690,-108,2026-07-04T15:37:29.282165+00:00
2022-01,19000,山梨県,921,864,57,2026-07-04T15:37:29.282165+00:00
2022-01,20000,長野県,1698,1713,-15,2026-07-04T15:37:29.282165+00:00
2022-01,21000,岐阜県,1939,2321,-382,2026-07-04T15:37:29.282165+00:00
2022-01,22000,静岡県,3520,3561,-41,2026-07-04T15:37:29.282165+00:00
2022-01,23000,愛知県,7893,7656,237,2026-07-04T15:37:29.282165+00:00
2022-01,24000,三重県,2017,2199,-182,2026-07-04T15:37:29.282165+00:00
2022-01,25000,滋賀県,1786,1763,23,2026-07-04T15:37:29.282165+00:00
2022-01,26000,京都府,3022,3536,-514,2026-07-04T15:37:29.282165+00:00
2022-01,27000,大阪府,10403,9865,538,2026-07-04T15:37:29.282165+00:00
2022-01,28000,兵庫県,5524,5877,-353,2026-07-04T15:37:29.282165+00:00
2022-01,29000,奈良県,1411,1491,-80,2026-07-04T15:37:29.282165+00:00
2022-01,30000,和歌山県,802,897,-95,2026-07-04T15:37:29.282165+00:00
2022-01,31000,鳥取県,458,446,12,2026-07-04T15:37:29.282165+00:00
2022-01,32000,島根県,555,618,-63,2026-07-04T15:37:29.282165+00:00
2022-01,33000,岡山県,1601,1878,-277,2026-07-04T15:37:29.282165+00:00
2022-01,34000,広島県,2509,3084,-575,2026-07-04T15:37:29.282165+00:00
2022-01,35000,山口県,1150,1382,-232,2026-07-04T15:37:29.282165+00:00
2022-01,36000,徳島県,566,670,-104,2026-07-04T15:37:29.282165+00:00
2022-01,37000,香川県,836,1018,-182,2026-07-04T15:37:29.282165+00:00
2022-01,38000,愛媛県,1068,1209,-141,2026-07-04T15:37:29.282165+00:00
2022-01,39000,高知県,488,586,-98,2026-07-04T15:37:29.282165+00:00
2022-01,40000,福岡県,5829,5753,76,2026-07-04T15:37:29.282165+00:00
2022-01,41000,佐賀県,870,956,-86,2026-07-04T15:37:29.282165+00:00
2022-01,42000,長崎県,1256,1374,-118,2026-07-04T15:37:29.282165+00:00
2022-01,43000,熊本県,1693,1669,24,2026-07-04T15:37:29.282165+00:00
2022-01,44000,大分県,1163,1239,-76,2026-07-04T15:37:29.282165+00:00
2022-01,45000,宮崎県,1032,995,37,2026-07-04T15:37:29.282165+00:00
2022-01,46000,鹿児島県,1473,1462,11,2026-07-04T15:37:29.282165+00:00
2022-01,47000,沖縄県,1656,1475,181,2026-07-04T15:37:29.282165+00:00
2022-02,01000,北海道,2450,2883,-433,2026-07-04T15:37:29.282165+00:00
2022-02,02000,青森県,798,933,-135,2026-07-04T15:37:29.282165+00:00
2022-02,03000,岩手県,899,1019,-120,2026-07-04T15:37:29.282165+00:00
2022-02,04000,宮城県,2336,2256,80,2026-07-04T15:37:29.282165+00:00
2022-02,05000,秋田県,565,613,-48,2026-07-04T15:37:29.282165+00:00
2022-02,06000,山形県,673,770,-97,2026-07-04T15:37:29.282165+00:00
2022-02,07000,福島県,1283,1692,-409,2026-07-04T15:37:29.282165+00:00
2022-02,08000,茨城県,3695,3412,283,2026-07-04T15:37:29.282165+00:00
2022-02,09000,栃木県,2292,2386,-94,2026-07-04T15:37:29.282165+00:00
2022-02,10000,群馬県,2110,2170,-60,2026-07-04T15:37:29.282165+00:00
2022-02,11000,埼玉県,12441,11082,1359,2026-07-04T15:37:29.282165+00:00
2022-02,12000,千葉県,10421,9228,1193,2026-07-04T15:37:29.282165+00:00
2022-02,13000,東京都,27767,27143,624,2026-07-04T15:37:29.282165+00:00
2022-02,14000,神奈川県,14778,14336,442,2026-07-04T15:37:29.282165+00:00
2022-02,15000,新潟県,1190,1462,-272,2026-07-04T15:37:29.282165+00:00
2022-02,16000,富山県,794,876,-82,2026-07-04T15:37:29.282165+00:00
2022-02,17000,石川県,966,1301,-335,2026-07-04T15:37:29.282165+00:00
2022-02,18000,福井県,634,690,-56,2026-07-04T15:37:29.282165+00:00
2022-02,19000,山梨県,912,1114,-202,2026-07-04T15:37:29.282165+00:00
2022-02,20000,長野県,1781,1788,-7,2026-07-04T15:37:29.282165+00:00
2022-02,21000,岐阜県,1971,2153,-182,2026-07-04T15:37:29.282165+00:00
2022-02,22000,静岡県,3465,3628,-163,2026-07-04T15:37:29.282165+00:00
2022-02,23000,愛知県,7575,7484,91,2026-07-04T15:37:29.282165+00:00
2022-02,24000,三重県,1963,2136,-173,2026-07-04T15:37:29.282165+00:00
2022-02,25000,滋賀県,1926,1894,32,2026-07-04T15:37:29.282165+00:00
2022-02,26000,京都府,3312,3776,-464,2026-07-04T15:37:29.282165+00:00
2022-02,27000,大阪府,10521,9892,629,2026-07-04T15:37:29.282165+00:00
2022-02,28000,兵庫県,5633,5952,-319,2026-07-04T15:37:29.282165+00:00
2022-02,29000,奈良県,1559,1915,-356,2026-07-04T15:37:29.282165+00:00
2022-02,30000,和歌山県,780,807,-27,2026-07-04T15:37:29.282165+00:00
2022-02,31000,鳥取県,442,491,-49,2026-07-04T15:37:29.282165+00:00
2022-02,32000,島根県,607,699,-92,2026-07-04T15:37:29.282165+00:00
2022-02,33000,岡山県,1685,1943,-258,2026-07-04T15:37:29.282165+00:00
2022-02,34000,広島県,2541,2937,-396,2026-07-04T15:37:29.282165+00:00
2022-02,35000,山口県,1264,1329,-65,2026-07-04T15:37:29.282165+00:00
2022-02,36000,徳島県,609,645,-36,2026-07-04T15:37:29.282165+00:00
2022-02,37000,香川県,990,1078,-88,2026-07-04T15:37:29.282165+00:00
2022-02,38000,愛媛県,1072,1264,-192,2026-07-04T15:37:29.282165+00:00
2022-02,39000,高知県,535,535,0,2026-07-04T15:37:29.282165+00:00
2022-02,40000,福岡県,5831,5464,367,2026-07-04T15:37:29.282165+00:00
2022-02,41000,佐賀県,1082,958,124,2026-07-04T15:37:29.282165+00:00
2022-02,42000,長崎県,1078,1382,-304,2026-07-04T15:37:29.282165+00:00
2022-02,43000,熊本県,1637,1569,68,2026-07-04T15:37:29.282165+00:00
2022-02,44000,大分県,1138,1208,-70,2026-07-04T15:37:29.282165+00:00
2022-02,45000,宮崎県,1068,1002,66,2026-07-04T15:37:29.282165+00:00
2022-02,46000,鹿児島県,1484,1370,114,2026-07-04T15:37:29.282165+00:00
2022-02,47000,沖縄県,1543,1431,112,2026-07-04T15:37:29.282165+00:00
2022-03,01000,北海道,10673,14882,-4209,2026-07-04T15:37:29.282165+00:00
2022-03,02000,青森県,3202,6107,-2905,2026-07-04T15:37:29.282165+00:00
2022-03,03000,岩手県,3416,5741,-2325,2026-07-04T15:37:29.282165+00:00
2022-03,04000,宮城県,10872,11768,-896,2026-07-04T15:37:29.282165+00:00
2022-03,05000,秋田県,2263,3938,-1675,2026-07-04T15:37:29.282165+00:00
2022-03,06000,山形県,2650,4779,-2129,2026-07-04T15:37:29.282165+00:00
2022-03,07000,福島県,4687,7759,-3072,2026-07-04T15:37:29.282165+00:00
2022-03,08000,茨城県,10911,11548,-637,2026-07-04T15:37:29.282165+00:00
2022-03,09000,栃木県,6723,8803,-2080,2026-07-04T15:37:29.282165+00:00
2022-03,10000,群馬県,6336,7832,-1496,2026-07-04T15:37:29.282165+00:00
2022-03,11000,埼玉県,35787,28510,7277,2026-07-04T15:37:29.282165+00:00
2022-03,12000,千葉県,32329,25776,6553,2026-07-04T15:37:29.282165+00:00
2022-03,13000,東京都,98812,65641,33171,2026-07-04T15:37:29.282165+00:00
2022-03,14000,神奈川県,49709,36304,13405,2026-07-04T15:37:29.282165+00:00
2022-03,15000,新潟県,4650,8026,-3376,2026-07-04T15:37:29.282165+00:00
2022-03,16000,富山県,3043,3545,-502,2026-07-04T15:37:29.282165+00:00
2022-03,17000,石川県,3979,5309,-1330,2026-07-04T15:37:29.282165+00:00
2022-03,18000,福井県,2024,3090,-1066,2026-07-04T15:37:29.282165+00:00
2022-03,19000,山梨県,3023,3658,-635,2026-07-04T15:37:29.282165+00:00
2022-03,20000,長野県,6933,7757,-824,2026-07-04T15:37:29.282165+00:00
2022-03,21000,岐阜県,5681,7711,-2030,2026-07-04T15:37:29.282165+00:00
2022-03,22000,静岡県,11997,14954,-2957,2026-07-04T15:37:29.282165+00:00
2022-03,23000,愛知県,26624,25688,936,2026-07-04T15:37:29.282165+00:00
2022-03,24000,三重県,5715,7453,-1738,2026-07-04T15:37:29.282165+00:00
2022-03,25000,滋賀県,6069,6132,-63,2026-07-04T15:37:29.282165+00:00
2022-03,26000,京都府,13503,14021,-518,2026-07-04T15:37:29.282165+00:00
2022-03,27000,大阪府,35276,32400,2876,2026-07-04T15:37:29.282165+00:00
2022-03,28000,兵庫県,19838,21494,-1656,2026-07-04T15:37:29.282165+00:00
2022-03,29000,奈良県,4768,5486,-718,2026-07-04T15:37:29.282165+00:00
2022-03,30000,和歌山県,2320,3360,-1040,2026-07-04T15:37:29.282165+00:00
2022-03,31000,鳥取県,1793,2609,-816,2026-07-04T15:37:29.282165+00:00
2022-03,32000,島根県,2159,3307,-1148,2026-07-04T15:37:29.282165+00:00
2022-03,33000,岡山県,6445,8122,-1677,2026-07-04T15:37:29.282165+00:00
2022-03,34000,広島県,10131,12469,-2338,2026-07-04T15:37:29.282165+00:00
2022-03,35000,山口県,4110,6029,-1919,2026-07-04T15:37:29.282165+00:00
2022-03,36000,徳島県,2098,3011,-913,2026-07-04T15:37:29.282165+00:00
2022-03,37000,香川県,3583,4839,-1256,2026-07-04T15:37:29.282165+00:00
2022-03,38000,愛媛県,3866,5448,-1582,2026-07-04T15:37:29.282165+00:00
2022-03,39000,高知県,1898,3185,-1287,2026-07-04T15:37:29.282165+00:00
2022-03,40000,福岡県,23599,22589,1010,2026-07-04T15:37:29.282165+00:00
2022-03,41000,佐賀県,3349,4242,-893,2026-07-04T15:37:29.282165+00:00
2022-03,42000,長崎県,4539,7281,-2742,2026-07-04T15:37:29.282165+00:00
2022-03,43000,熊本県,6076,7688,-1612,2026-07-04T15:37:29.282165+00:00
2022-03,44000,大分県,3750,4922,-1172,2026-07-04T15:37:29.282165+00:00
2022-03,45000,宮崎県,3495,5187,-1692,2026-07-04T15:37:29.282165+00:00
2022-03,46000,鹿児島県,4935,7363,-2428,2026-07-04T15:37:29.282165+00:00
2022-03,47000,沖縄県,5121,6997,-1876,2026-07-04T15:37:29.282165+00:00
2022-04,01000,北海道,9784,9687,97,2026-07-04T15:37:29.282165+00:00
2022-04,02000,青森県,2868,4043,-1175,2026-07-04T15:37:29.282165+00:00
2022-04,03000,岩手県,2715,4020,-1305,2026-07-04T15:37:29.282165+00:00
2022-04,04000,宮城県,8963,8206,757,2026-07-04T15:37:29.282165+00:00
2022-04,05000,秋田県,1954,2580,-626,2026-07-04T15:37:29.282165+00:00
2022-04,06000,山形県,2505,2865,-360,2026-07-04T15:37:29.282165+00:00
2022-04,07000,福島県,3960,5094,-1134,2026-07-04T15:37:29.282165+00:00
2022-04,08000,茨城県,7869,8298,-429,2026-07-04T15:37:29.282165+00:00
2022-04,09000,栃木県,4820,5394,-574,2026-07-04T15:37:29.282165+00:00
2022-04,10000,群馬県,4519,5116,-597,2026-07-04T15:37:29.282165+00:00
2022-04,11000,埼玉県,23329,20142,3187,2026-07-04T15:37:29.282165+00:00
2022-04,12000,千葉県,20720,18507,2213,2026-07-04T15:37:29.282165+00:00
2022-04,13000,東京都,56462,52088,4374,2026-07-04T15:37:29.282165+00:00
2022-04,14000,神奈川県,31418,25452,5966,2026-07-04T15:37:29.282165+00:00
2022-04,15000,新潟県,4087,4853,-766,2026-07-04T15:37:29.282165+00:00
2022-04,16000,富山県,2126,2453,-327,2026-07-04T15:37:29.282165+00:00
2022-04,17000,石川県,3289,3425,-136,2026-07-04T15:37:29.282165+00:00
2022-04,18000,福井県,1465,2013,-548,2026-07-04T15:37:29.282165+00:00
2022-04,19000,山梨県,2803,2223,580,2026-07-04T15:37:29.282165+00:00
2022-04,20000,長野県,4990,5009,-19,2026-07-04T15:37:29.282165+00:00
2022-04,21000,岐阜県,3936,5017,-1081,2026-07-04T15:37:29.282165+00:00
2022-04,22000,静岡県,7932,8966,-1034,2026-07-04T15:37:29.282165+00:00
2022-04,23000,愛知県,16785,18464,-1679,2026-07-04T15:37:29.282165+00:00
2022-04,24000,三重県,4137,4671,-534,2026-07-04T15:37:29.282165+00:00
2022-04,25000,滋賀県,4577,3585,992,2026-07-04T15:37:29.282165+00:00
2022-04,26000,京都府,9601,8172,1429,2026-07-04T15:37:29.282165+00:00
2022-04,27000,大阪府,23364,23016,348,2026-07-04T15:37:29.282165+00:00
2022-04,28000,兵庫県,13037,13933,-896,2026-07-04T15:37:29.282165+00:00
2022-04,29000,奈良県,3497,3329,168,2026-07-04T15:37:29.282165+00:00
2022-04,30000,和歌山県,1828,2232,-404,2026-07-04T15:37:29.282165+00:00
2022-04,31000,鳥取県,1552,1811,-259,2026-07-04T15:37:29.282165+00:00
2022-04,32000,島根県,2028,2171,-143,2026-07-04T15:37:29.282165+00:00
2022-04,33000,岡山県,4629,5293,-664,2026-07-04T15:37:29.282165+00:00
2022-04,34000,広島県,8032,8900,-868,2026-07-04T15:37:29.282165+00:00
2022-04,35000,山口県,4862,4169,693,2026-07-04T15:37:29.282165+00:00
2022-04,36000,徳島県,1693,1968,-275,2026-07-04T15:37:29.282165+00:00
2022-04,37000,香川県,2887,3226,-339,2026-07-04T15:37:29.282165+00:00
2022-04,38000,愛媛県,3363,3863,-500,2026-07-04T15:37:29.282165+00:00
2022-04,39000,高知県,1867,1923,-56,2026-07-04T15:37:29.282165+00:00
2022-04,40000,福岡県,18013,16977,1036,2026-07-04T15:37:29.282165+00:00
2022-04,41000,佐賀県,2298,2820,-522,2026-07-04T15:37:29.282165+00:00
2022-04,42000,長崎県,4078,4812,-734,2026-07-04T15:37:29.282165+00:00
2022-04,43000,熊本県,4925,5636,-711,2026-07-04T15:37:29.282165+00:00
2022-04,44000,大分県,3061,3602,-541,2026-07-04T15:37:29.282165+00:00
2022-04,45000,宮崎県,3061,3783,-722,2026-07-04T15:37:29.282165+00:00
2022-04,46000,鹿児島県,5116,5896,-780,2026-07-04T15:37:29.282165+00:00
2022-04,47000,沖縄県,4417,5519,-1102,2026-07-04T15:37:29.282165+00:00
2022-05,01000,北海道,4197,3753,444,2026-07-04T15:37:29.282165+00:00
2022-05,02000,青森県,1274,1285,-11,2026-07-04T15:37:29.282165+00:00
2022-05,03000,岩手県,1363,1427,-64,2026-07-04T15:37:29.282165+00:00
2022-05,04000,宮城県,3513,3153,360,2026-07-04T15:37:29.282165+00:00
2022-05,05000,秋田県,848,907,-59,2026-07-04T15:37:29.282165+00:00
2022-05,06000,山形県,939,1054,-115,2026-07-04T15:37:29.282165+00:00
2022-05,07000,福島県,1921,2213,-292,2026-07-04T15:37:29.282165+00:00
2022-05,08000,茨城県,4795,5354,-559,2026-07-04T15:37:29.282165+00:00
2022-05,09000,栃木県,3149,2892,257,2026-07-04T15:37:29.282165+00:00
2022-05,10000,群馬県,3119,2877,242,2026-07-04T15:37:29.282165+00:00
2022-05,11000,埼玉県,15778,13472,2306,2026-07-04T15:37:29.282165+00:00
2022-05,12000,千葉県,12825,14461,-1636,2026-07-04T15:37:29.282165+00:00
2022-05,13000,東京都,32851,32131,720,2026-07-04T15:37:29.282165+00:00
2022-05,14000,神奈川県,18765,16620,2145,2026-07-04T15:37:29.282165+00:00
2022-05,15000,新潟県,1576,1960,-384,2026-07-04T15:37:29.282165+00:00
2022-05,16000,富山県,1177,1160,17,2026-07-04T15:37:29.282165+00:00
2022-05,17000,石川県,1632,1625,7,2026-07-04T15:37:29.282165+00:00
2022-05,18000,福井県,750,1142,-392,2026-07-04T15:37:29.282165+00:00
2022-05,19000,山梨県,1225,1043,182,2026-07-04T15:37:29.282165+00:00
2022-05,20000,長野県,2617,2377,240,2026-07-04T15:37:29.282165+00:00
2022-05,21000,岐阜県,2882,3075,-193,2026-07-04T15:37:29.282165+00:00
2022-05,22000,静岡県,4682,4639,43,2026-07-04T15:37:29.282165+00:00
2022-05,23000,愛知県,10374,10795,-421,2026-07-04T15:37:29.282165+00:00
2022-05,24000,三重県,2771,2958,-187,2026-07-04T15:37:29.282165+00:00
2022-05,25000,滋賀県,2488,2401,87,2026-07-04T15:37:29.282165+00:00
2022-05,26000,京都府,4297,4545,-248,2026-07-04T15:37:29.282165+00:00
2022-05,27000,大阪府,14210,14116,94,2026-07-04T15:37:29.282165+00:00
2022-05,28000,兵庫県,7422,8057,-635,2026-07-04T15:37:29.282165+00:00
2022-05,29000,奈良県,1793,1988,-195,2026-07-04T15:37:29.282165+00:00
2022-05,30000,和歌山県,920,1050,-130,2026-07-04T15:37:29.282165+00:00
2022-05,31000,鳥取県,670,678,-8,2026-07-04T15:37:29.282165+00:00
2022-05,32000,島根県,800,756,44,2026-07-04T15:37:29.282165+00:00
2022-05,33000,岡山県,2267,2659,-392,2026-07-04T15:37:29.282165+00:00
2022-05,34000,広島県,3433,4223,-790,2026-07-04T15:37:29.282165+00:00
2022-05,35000,山口県,1677,1711,-34,2026-07-04T15:37:29.282165+00:00
2022-05,36000,徳島県,736,903,-167,2026-07-04T15:37:29.282165+00:00
2022-05,37000,香川県,1212,1470,-258,2026-07-04T15:37:29.282165+00:00
2022-05,38000,愛媛県,1273,1586,-313,2026-07-04T15:37:29.282165+00:00
2022-05,39000,高知県,670,699,-29,2026-07-04T15:37:29.282165+00:00
2022-05,40000,福岡県,7788,8047,-259,2026-07-04T15:37:29.282165+00:00
2022-05,41000,佐賀県,1376,1290,86,2026-07-04T15:37:29.282165+00:00
2022-05,42000,長崎県,1576,1747,-171,2026-07-04T15:37:29.282165+00:00
2022-05,43000,熊本県,2379,2361,18,2026-07-04T15:37:29.282165+00:00
2022-05,44000,大分県,1700,1434,266,2026-07-04T15:37:29.282165+00:00
2022-05,45000,宮崎県,1553,1256,297,2026-07-04T15:37:29.282165+00:00
2022-05,46000,鹿児島県,1803,1867,-64,2026-07-04T15:37:29.282165+00:00
2022-05,47000,沖縄県,2012,1861,151,2026-07-04T15:37:29.282165+00:00
2022-06,01000,北海道,3693,3130,563,2026-07-04T15:37:29.282165+00:00
2022-06,02000,青森県,1017,1067,-50,2026-07-04T15:37:29.282165+00:00
2022-06,03000,岩手県,1205,1228,-23,2026-07-04T15:37:29.282165+00:00
2022-06,04000,宮城県,2986,2663,323,2026-07-04T15:37:29.282165+00:00
2022-06,05000,秋田県,704,671,33,2026-07-04T15:37:29.282165+00:00
2022-06,06000,山形県,830,866,-36,2026-07-04T15:37:29.282165+00:00
2022-06,07000,福島県,1698,1959,-261,2026-07-04T15:37:29.282165+00:00
2022-06,08000,茨城県,4356,4702,-346,2026-07-04T15:37:29.282165+00:00
2022-06,09000,栃木県,3082,2448,634,2026-07-04T15:37:29.282165+00:00
2022-06,10000,群馬県,2844,2502,342,2026-07-04T15:37:29.282165+00:00
2022-06,11000,埼玉県,13929,12044,1885,2026-07-04T15:37:29.282165+00:00
2022-06,12000,千葉県,11531,13639,-2108,2026-07-04T15:37:29.282165+00:00
2022-06,13000,東京都,29170,28881,289,2026-07-04T15:37:29.282165+00:00
2022-06,14000,神奈川県,15884,15490,394,2026-07-04T15:37:29.282165+00:00
2022-06,15000,新潟県,1441,1629,-188,2026-07-04T15:37:29.282165+00:00
2022-06,16000,富山県,995,978,17,2026-07-04T15:37:29.282165+00:00
2022-06,17000,石川県,1338,1341,-3,2026-07-04T15:37:29.282165+00:00
2022-06,18000,福井県,741,864,-123,2026-07-04T15:37:29.282165+00:00
2022-06,19000,山梨県,1191,963,228,2026-07-04T15:37:29.282165+00:00
2022-06,20000,長野県,2356,1986,370,2026-07-04T15:37:29.282165+00:00
2022-06,21000,岐阜県,2757,2602,155,2026-07-04T15:37:29.282165+00:00
2022-06,22000,静岡県,4415,4183,232,2026-07-04T15:37:29.282165+00:00
2022-06,23000,愛知県,8147,9672,-1525,2026-07-04T15:37:29.282165+00:00
2022-06,24000,三重県,2396,2672,-276,2026-07-04T15:37:29.282165+00:00
2022-06,25000,滋賀県,2309,2262,47,2026-07-04T15:37:29.282165+00:00
2022-06,26000,京都府,3838,3905,-67,2026-07-04T15:37:29.282165+00:00
2022-06,27000,大阪府,12076,12109,-33,2026-07-04T15:37:29.282165+00:00
2022-06,28000,兵庫県,6436,6747,-311,2026-07-04T15:37:29.282165+00:00
2022-06,29000,奈良県,1702,1750,-48,2026-07-04T15:37:29.282165+00:00
2022-06,30000,和歌山県,870,872,-2,2026-07-04T15:37:29.282165+00:00
2022-06,31000,鳥取県,552,545,7,2026-07-04T15:37:29.282165+00:00
2022-06,32000,島根県,629,588,41,2026-07-04T15:37:29.282165+00:00
2022-06,33000,岡山県,1942,2195,-253,2026-07-04T15:37:29.282165+00:00
2022-06,34000,広島県,2743,3354,-611,2026-07-04T15:37:29.282165+00:00
2022-06,35000,山口県,1495,1510,-15,2026-07-04T15:37:29.282165+00:00
2022-06,36000,徳島県,655,754,-99,2026-07-04T15:37:29.282165+00:00
2022-06,37000,香川県,1057,1111,-54,2026-07-04T15:37:29.282165+00:00
2022-06,38000,愛媛県,1122,1210,-88,2026-07-04T15:37:29.282165+00:00
2022-06,39000,高知県,580,620,-40,2026-07-04T15:37:29.282165+00:00
2022-06,40000,福岡県,6632,6438,194,2026-07-04T15:37:29.282165+00:00
2022-06,41000,佐賀県,1165,1060,105,2026-07-04T15:37:29.282165+00:00
2022-06,42000,長崎県,1289,1611,-322,2026-07-04T15:37:29.282165+00:00
2022-06,43000,熊本県,2113,1931,182,2026-07-04T15:37:29.282165+00:00
2022-06,44000,大分県,1477,1331,146,2026-07-04T15:37:29.282165+00:00
2022-06,45000,宮崎県,1340,1075,265,2026-07-04T15:37:29.282165+00:00
2022-06,46000,鹿児島県,1736,1671,65,2026-07-04T15:37:29.282165+00:00
2022-06,47000,沖縄県,1880,1515,365,2026-07-04T15:37:29.282165+00:00
2022-07,01000,北海道,4543,3363,1180,2026-07-04T15:37:29.282165+00:00
2022-07,02000,青森県,1517,1292,225,2026-07-04T15:37:29.282165+00:00
2022-07,03000,岩手県,1383,1228,155,2026-07-04T15:37:29.282165+00:00
2022-07,04000,宮城県,3379,3409,-30,2026-07-04T15:37:29.282165+00:00
2022-07,05000,秋田県,816,789,27,2026-07-04T15:37:29.282165+00:00
2022-07,06000,山形県,1001,1056,-55,2026-07-04T15:37:29.282165+00:00
2022-07,07000,福島県,1901,2004,-103,2026-07-04T15:37:29.282165+00:00
2022-07,08000,茨城県,4176,4310,-134,2026-07-04T15:37:29.282165+00:00
2022-07,09000,栃木県,2894,2534,360,2026-07-04T15:37:29.282165+00:00
2022-07,10000,群馬県,2557,2488,69,2026-07-04T15:37:29.282165+00:00
2022-07,11000,埼玉県,13895,12997,898,2026-07-04T15:37:29.282165+00:00
2022-07,12000,千葉県,11509,11967,-458,2026-07-04T15:37:29.282165+00:00
2022-07,13000,東京都,28945,29451,-506,2026-07-04T15:37:29.282165+00:00
2022-07,14000,神奈川県,15575,15779,-204,2026-07-04T15:37:29.282165+00:00
2022-07,15000,新潟県,1695,1690,5,2026-07-04T15:37:29.282165+00:00
2022-07,16000,富山県,988,999,-11,2026-07-04T15:37:29.282165+00:00
2022-07,17000,石川県,1446,1269,177,2026-07-04T15:37:29.282165+00:00
2022-07,18000,福井県,724,896,-172,2026-07-04T15:37:29.282165+00:00
2022-07,19000,山梨県,1126,1045,81,2026-07-04T15:37:29.282165+00:00
2022-07,20000,長野県,2257,2003,254,2026-07-04T15:37:29.282165+00:00
2022-07,21000,岐阜県,2483,2427,56,2026-07-04T15:37:29.282165+00:00
2022-07,22000,静岡県,4426,4195,231,2026-07-04T15:37:29.282165+00:00
2022-07,23000,愛知県,8232,9403,-1171,2026-07-04T15:37:29.282165+00:00
2022-07,24000,三重県,2281,2560,-279,2026-07-04T15:37:29.282165+00:00
2022-07,25000,滋賀県,2137,2375,-238,2026-07-04T15:37:29.282165+00:00
2022-07,26000,京都府,3819,3710,109,2026-07-04T15:37:29.282165+00:00
2022-07,27000,大阪府,11849,11553,296,2026-07-04T15:37:29.282165+00:00
2022-07,28000,兵庫県,6479,6591,-112,2026-07-04T15:37:29.282165+00:00
2022-07,29000,奈良県,1667,1624,43,2026-07-04T15:37:29.282165+00:00
2022-07,30000,和歌山県,889,890,-1,2026-07-04T15:37:29.282165+00:00
2022-07,31000,鳥取県,610,625,-15,2026-07-04T15:37:29.282165+00:00
2022-07,32000,島根県,721,729,-8,2026-07-04T15:37:29.282165+00:00
2022-07,33000,岡山県,1928,2273,-345,2026-07-04T15:37:29.282165+00:00
2022-07,34000,広島県,2870,3619,-749,2026-07-04T15:37:29.282165+00:00
2022-07,35000,山口県,1580,2554,-974,2026-07-04T15:37:29.282165+00:00
2022-07,36000,徳島県,695,785,-90,2026-07-04T15:37:29.282165+00:00
2022-07,37000,香川県,1318,1296,22,2026-07-04T15:37:29.282165+00:00
2022-07,38000,愛媛県,1192,1646,-454,2026-07-04T15:37:29.282165+00:00
2022-07,39000,高知県,674,568,106,2026-07-04T15:37:29.282165+00:00
2022-07,40000,福岡県,7279,6657,622,2026-07-04T15:37:29.282165+00:00
2022-07,41000,佐賀県,1223,1108,115,2026-07-04T15:37:29.282165+00:00
2022-07,42000,長崎県,1662,1600,62,2026-07-04T15:37:29.282165+00:00
2022-07,43000,熊本県,2567,1995,572,2026-07-04T15:37:29.282165+00:00
2022-07,44000,大分県,1513,1499,14,2026-07-04T15:37:29.282165+00:00
2022-07,45000,宮崎県,1506,1301,205,2026-07-04T15:37:29.282165+00:00
2022-07,46000,鹿児島県,1861,2033,-172,2026-07-04T15:37:29.282165+00:00
2022-07,47000,沖縄県,2002,1605,397,2026-07-04T15:37:29.282165+00:00
2022-08,01000,北海道,4258,4306,-48,2026-07-04T15:37:29.282165+00:00
2022-08,02000,青森県,1571,1627,-56,2026-07-04T15:37:29.282165+00:00
2022-08,03000,岩手県,1157,1282,-125,2026-07-04T15:37:29.282165+00:00
2022-08,04000,宮城県,3161,3046,115,2026-07-04T15:37:29.282165+00:00
2022-08,05000,秋田県,742,848,-106,2026-07-04T15:37:29.282165+00:00
2022-08,06000,山形県,822,1017,-195,2026-07-04T15:37:29.282165+00:00
2022-08,07000,福島県,1723,2018,-295,2026-07-04T15:37:29.282165+00:00
2022-08,08000,茨城県,4471,4037,434,2026-07-04T15:37:29.282165+00:00
2022-08,09000,栃木県,2839,2796,43,2026-07-04T15:37:29.282165+00:00
2022-08,10000,群馬県,2823,2459,364,2026-07-04T15:37:29.282165+00:00
2022-08,11000,埼玉県,14481,13107,1374,2026-07-04T15:37:29.282165+00:00
2022-08,12000,千葉県,11793,11838,-45,2026-07-04T15:37:29.282165+00:00
2022-08,13000,東京都,31429,31059,370,2026-07-04T15:37:29.282165+00:00
2022-08,14000,神奈川県,17506,16871,635,2026-07-04T15:37:29.282165+00:00
2022-08,15000,新潟県,1741,1760,-19,2026-07-04T15:37:29.282165+00:00
2022-08,16000,富山県,1008,1023,-15,2026-07-04T15:37:29.282165+00:00
2022-08,17000,石川県,1307,1522,-215,2026-07-04T15:37:29.282165+00:00
2022-08,18000,福井県,691,946,-255,2026-07-04T15:37:29.282165+00:00
2022-08,19000,山梨県,1097,969,128,2026-07-04T15:37:29.282165+00:00
2022-08,20000,長野県,2362,2122,240,2026-07-04T15:37:29.282165+00:00
2022-08,21000,岐阜県,2561,2765,-204,2026-07-04T15:37:29.282165+00:00
2022-08,22000,静岡県,4330,4543,-213,2026-07-04T15:37:29.282165+00:00
2022-08,23000,愛知県,9021,9521,-500,2026-07-04T15:37:29.282165+00:00
2022-08,24000,三重県,2290,2694,-404,2026-07-04T15:37:29.282165+00:00
2022-08,25000,滋賀県,2300,2188,112,2026-07-04T15:37:29.282165+00:00
2022-08,26000,京都府,4067,4376,-309,2026-07-04T15:37:29.282165+00:00
2022-08,27000,大阪府,12543,12261,282,2026-07-04T15:37:29.282165+00:00
2022-08,28000,兵庫県,6933,7254,-321,2026-07-04T15:37:29.282165+00:00
2022-08,29000,奈良県,1733,1841,-108,2026-07-04T15:37:29.282165+00:00
2022-08,30000,和歌山県,831,959,-128,2026-07-04T15:37:29.282165+00:00
2022-08,31000,鳥取県,633,703,-70,2026-07-04T15:37:29.282165+00:00
2022-08,32000,島根県,716,744,-28,2026-07-04T15:37:29.282165+00:00
2022-08,33000,岡山県,2046,2319,-273,2026-07-04T15:37:29.282165+00:00
2022-08,34000,広島県,3163,3778,-615,2026-07-04T15:37:29.282165+00:00
2022-08,35000,山口県,1741,1829,-88,2026-07-04T15:37:29.282165+00:00
2022-08,36000,徳島県,689,843,-154,2026-07-04T15:37:29.282165+00:00
2022-08,37000,香川県,1193,1294,-101,2026-07-04T15:37:29.282165+00:00
2022-08,38000,愛媛県,1280,1558,-278,2026-07-04T15:37:29.282165+00:00
2022-08,39000,高知県,665,642,23,2026-07-04T15:37:29.282165+00:00
2022-08,40000,福岡県,7748,6853,895,2026-07-04T15:37:29.282165+00:00
2022-08,41000,佐賀県,1232,1231,1,2026-07-04T15:37:29.282165+00:00
2022-08,42000,長崎県,1832,2096,-264,2026-07-04T15:37:29.282165+00:00
2022-08,43000,熊本県,2435,2200,235,2026-07-04T15:37:29.282165+00:00
2022-08,44000,大分県,1588,1645,-57,2026-07-04T15:37:29.282165+00:00
2022-08,45000,宮崎県,1372,1313,59,2026-07-04T15:37:29.282165+00:00
2022-08,46000,鹿児島県,2073,2035,38,2026-07-04T15:37:29.282165+00:00
2022-08,47000,沖縄県,2335,2194,141,2026-07-04T15:37:29.282165+00:00
2022-09,01000,北海道,3250,3371,-121,2026-07-04T15:37:29.282165+00:00
2022-09,02000,青森県,1193,1189,4,2026-07-04T15:37:29.282165+00:00
2022-09,03000,岩手県,996,1140,-144,2026-07-04T15:37:29.282165+00:00
2022-09,04000,宮城県,2726,2584,142,2026-07-04T15:37:29.282165+00:00
2022-09,05000,秋田県,676,752,-76,2026-07-04T15:37:29.282165+00:00
2022-09,06000,山形県,720,921,-201,2026-07-04T15:37:29.282165+00:00
2022-09,07000,福島県,1569,1826,-257,2026-07-04T15:37:29.282165+00:00
2022-09,08000,茨城県,4001,3647,354,2026-07-04T15:37:29.282165+00:00
2022-09,09000,栃木県,2712,2444,268,2026-07-04T15:37:29.282165+00:00
2022-09,10000,群馬県,2519,2441,78,2026-07-04T15:37:29.282165+00:00
2022-09,11000,埼玉県,12821,11200,1621,2026-07-04T15:37:29.282165+00:00
2022-09,12000,千葉県,10649,10339,310,2026-07-04T15:37:29.282165+00:00
2022-09,13000,東京都,28296,27538,758,2026-07-04T15:37:29.282165+00:00
2022-09,14000,神奈川県,15273,14103,1170,2026-07-04T15:37:29.282165+00:00
2022-09,15000,新潟県,1411,1584,-173,2026-07-04T15:37:29.282165+00:00
2022-09,16000,富山県,780,1003,-223,2026-07-04T15:37:29.282165+00:00
2022-09,17000,石川県,1099,1206,-107,2026-07-04T15:37:29.282165+00:00
2022-09,18000,福井県,617,921,-304,2026-07-04T15:37:29.282165+00:00
2022-09,19000,山梨県,981,943,38,2026-07-04T15:37:29.282165+00:00
2022-09,20000,長野県,2007,1902,105,2026-07-04T15:37:29.282165+00:00
2022-09,21000,岐阜県,2316,2300,16,2026-07-04T15:37:29.282165+00:00
2022-09,22000,静岡県,3575,3964,-389,2026-07-04T15:37:29.282165+00:00
2022-09,23000,愛知県,7492,8911,-1419,2026-07-04T15:37:29.282165+00:00
2022-09,24000,三重県,2116,2304,-188,2026-07-04T15:37:29.282165+00:00
2022-09,25000,滋賀県,1949,1905,44,2026-07-04T15:37:29.282165+00:00
2022-09,26000,京都府,3549,4114,-565,2026-07-04T15:37:29.282165+00:00
2022-09,27000,大阪府,11312,10626,686,2026-07-04T15:37:29.282165+00:00
2022-09,28000,兵庫県,5887,6390,-503,2026-07-04T15:37:29.282165+00:00
2022-09,29000,奈良県,1550,1565,-15,2026-07-04T15:37:29.282165+00:00
2022-09,30000,和歌山県,773,829,-56,2026-07-04T15:37:29.282165+00:00
2022-09,31000,鳥取県,540,543,-3,2026-07-04T15:37:29.282165+00:00
2022-09,32000,島根県,605,746,-141,2026-07-04T15:37:29.282165+00:00
2022-09,33000,岡山県,1756,2142,-386,2026-07-04T15:37:29.282165+00:00
2022-09,34000,広島県,2776,3206,-430,2026-07-04T15:37:29.282165+00:00
2022-09,35000,山口県,1326,1421,-95,2026-07-04T15:37:29.282165+00:00
2022-09,36000,徳島県,534,681,-147,2026-07-04T15:37:29.282165+00:00
2022-09,37000,香川県,1006,1070,-64,2026-07-04T15:37:29.282165+00:00
2022-09,38000,愛媛県,1110,1222,-112,2026-07-04T15:37:29.282165+00:00
2022-09,39000,高知県,581,585,-4,2026-07-04T15:37:29.282165+00:00
2022-09,40000,福岡県,6246,5683,563,2026-07-04T15:37:29.282165+00:00
2022-09,41000,佐賀県,1061,1029,32,2026-07-04T15:37:29.282165+00:00
2022-09,42000,長崎県,1393,1614,-221,2026-07-04T15:37:29.282165+00:00
2022-09,43000,熊本県,1945,1870,75,2026-07-04T15:37:29.282165+00:00
2022-09,44000,大分県,1316,1401,-85,2026-07-04T15:37:29.282165+00:00
2022-09,45000,宮崎県,1132,1062,70,2026-07-04T15:37:29.282165+00:00
2022-09,46000,鹿児島県,1584,1515,69,2026-07-04T15:37:29.282165+00:00
2022-09,47000,沖縄県,1688,1662,26,2026-07-04T15:37:29.282165+00:00
2022-10,01000,北海道,3563,3686,-123,2026-07-04T15:37:29.282165+00:00
2022-10,02000,青森県,1103,1168,-65,2026-07-04T15:37:29.282165+00:00
2022-10,03000,岩手県,1103,1218,-115,2026-07-04T15:37:29.282165+00:00
2022-10,04000,宮城県,2834,2875,-41,2026-07-04T15:37:29.282165+00:00
2022-10,05000,秋田県,740,730,10,2026-07-04T15:37:29.282165+00:00
2022-10,06000,山形県,785,909,-124,2026-07-04T15:37:29.282165+00:00
2022-10,07000,福島県,1624,1957,-333,2026-07-04T15:37:29.282165+00:00
2022-10,08000,茨城県,4086,3847,239,2026-07-04T15:37:29.282165+00:00
2022-10,09000,栃木県,2664,2465,199,2026-07-04T15:37:29.282165+00:00
2022-10,10000,群馬県,2609,2432,177,2026-07-04T15:37:29.282165+00:00
2022-10,11000,埼玉県,13280,11892,1388,2026-07-04T15:37:29.282165+00:00
2022-10,12000,千葉県,11070,10608,462,2026-07-04T15:37:29.282165+00:00
2022-10,13000,東京都,28832,28610,222,2026-07-04T15:37:29.282165+00:00
2022-10,14000,神奈川県,16083,14634,1449,2026-07-04T15:37:29.282165+00:00
2022-10,15000,新潟県,1446,1589,-143,2026-07-04T15:37:29.282165+00:00
2022-10,16000,富山県,910,892,18,2026-07-04T15:37:29.282165+00:00
2022-10,17000,石川県,1111,1294,-183,2026-07-04T15:37:29.282165+00:00
2022-10,18000,福井県,666,930,-264,2026-07-04T15:37:29.282165+00:00
2022-10,19000,山梨県,1062,981,81,2026-07-04T15:37:29.282165+00:00
2022-10,20000,長野県,2221,2080,141,2026-07-04T15:37:29.282165+00:00
2022-10,21000,岐阜県,2227,2308,-81,2026-07-04T15:37:29.282165+00:00
2022-10,22000,静岡県,3953,4037,-84,2026-07-04T15:37:29.282165+00:00
2022-10,23000,愛知県,8106,9096,-990,2026-07-04T15:37:29.282165+00:00
2022-10,24000,三重県,2202,2462,-260,2026-07-04T15:37:29.282165+00:00
2022-10,25000,滋賀県,2077,1894,183,2026-07-04T15:37:29.282165+00:00
2022-10,26000,京都府,3619,4039,-420,2026-07-04T15:37:29.282165+00:00
2022-10,27000,大阪府,11721,11324,397,2026-07-04T15:37:29.282165+00:00
2022-10,28000,兵庫県,6294,6474,-180,2026-07-04T15:37:29.282165+00:00
2022-10,29000,奈良県,1595,1633,-38,2026-07-04T15:37:29.282165+00:00
2022-10,30000,和歌山県,809,870,-61,2026-07-04T15:37:29.282165+00:00
2022-10,31000,鳥取県,493,586,-93,2026-07-04T15:37:29.282165+00:00
2022-10,32000,島根県,671,701,-30,2026-07-04T15:37:29.282165+00:00
2022-10,33000,岡山県,1879,2250,-371,2026-07-04T15:37:29.282165+00:00
2022-10,34000,広島県,2860,3607,-747,2026-07-04T15:37:29.282165+00:00
2022-10,35000,山口県,1441,1534,-93,2026-07-04T15:37:29.282165+00:00
2022-10,36000,徳島県,604,682,-78,2026-07-04T15:37:29.282165+00:00
2022-10,37000,香川県,1074,1277,-203,2026-07-04T15:37:29.282165+00:00
2022-10,38000,愛媛県,1246,1315,-69,2026-07-04T15:37:29.282165+00:00
2022-10,39000,高知県,569,607,-38,2026-07-04T15:37:29.282165+00:00
2022-10,40000,福岡県,6387,6385,2,2026-07-04T15:37:29.282165+00:00
2022-10,41000,佐賀県,986,984,2,2026-07-04T15:37:29.282165+00:00
2022-10,42000,長崎県,1413,1548,-135,2026-07-04T15:37:29.282165+00:00
2022-10,43000,熊本県,2050,1762,288,2026-07-04T15:37:29.282165+00:00
2022-10,44000,大分県,1248,1339,-91,2026-07-04T15:37:29.282165+00:00
2022-10,45000,宮崎県,1135,1203,-68,2026-07-04T15:37:29.282165+00:00
2022-10,46000,鹿児島県,1836,1625,211,2026-07-04T15:37:29.282165+00:00
2022-10,47000,沖縄県,1767,1715,52,2026-07-04T15:37:29.282165+00:00
2022-11,01000,北海道,2655,3074,-419,2026-07-04T15:37:29.282165+00:00
2022-11,02000,青森県,927,1028,-101,2026-07-04T15:37:29.282165+00:00
2022-11,03000,岩手県,881,943,-62,2026-07-04T15:37:29.282165+00:00
2022-11,04000,宮城県,2070,2135,-65,2026-07-04T15:37:29.282165+00:00
2022-11,05000,秋田県,544,655,-111,2026-07-04T15:37:29.282165+00:00
2022-11,06000,山形県,708,742,-34,2026-07-04T15:37:29.282165+00:00
2022-11,07000,福島県,1355,1568,-213,2026-07-04T15:37:29.282165+00:00
2022-11,08000,茨城県,3718,3431,287,2026-07-04T15:37:29.282165+00:00
2022-11,09000,栃木県,2429,2134,295,2026-07-04T15:37:29.282165+00:00
2022-11,10000,群馬県,2465,2289,176,2026-07-04T15:37:29.282165+00:00
2022-11,11000,埼玉県,12030,10640,1390,2026-07-04T15:37:29.282165+00:00
2022-11,12000,千葉県,10737,9822,915,2026-07-04T15:37:29.282165+00:00
2022-11,13000,東京都,25018,26214,-1196,2026-07-04T15:37:29.282165+00:00
2022-11,14000,神奈川県,14412,13278,1134,2026-07-04T15:37:29.282165+00:00
2022-11,15000,新潟県,1186,1345,-159,2026-07-04T15:37:29.282165+00:00
2022-11,16000,富山県,732,787,-55,2026-07-04T15:37:29.282165+00:00
2022-11,17000,石川県,989,1050,-61,2026-07-04T15:37:29.282165+00:00
2022-11,18000,福井県,570,770,-200,2026-07-04T15:37:29.282165+00:00
2022-11,19000,山梨県,905,834,71,2026-07-04T15:37:29.282165+00:00
2022-11,20000,長野県,1851,1901,-50,2026-07-04T15:37:29.282165+00:00
2022-11,21000,岐阜県,2169,2148,21,2026-07-04T15:37:29.282165+00:00
2022-11,22000,静岡県,3214,3324,-110,2026-07-04T15:37:29.282165+00:00
2022-11,23000,愛知県,6758,7353,-595,2026-07-04T15:37:29.282165+00:00
2022-11,24000,三重県,1971,2028,-57,2026-07-04T15:37:29.282165+00:00
2022-11,25000,滋賀県,2095,1781,314,2026-07-04T15:37:29.282165+00:00
2022-11,26000,京都府,3174,3468,-294,2026-07-04T15:37:29.282165+00:00
2022-11,27000,大阪府,10073,9750,323,2026-07-04T15:37:29.282165+00:00
2022-11,28000,兵庫県,5433,5718,-285,2026-07-04T15:37:29.282165+00:00
2022-11,29000,奈良県,1483,1507,-24,2026-07-04T15:37:29.282165+00:00
2022-11,30000,和歌山県,685,723,-38,2026-07-04T15:37:29.282165+00:00
2022-11,31000,鳥取県,451,464,-13,2026-07-04T15:37:29.282165+00:00
2022-11,32000,島根県,553,610,-57,2026-07-04T15:37:29.282165+00:00
2022-11,33000,岡山県,1515,1958,-443,2026-07-04T15:37:29.282165+00:00
2022-11,34000,広島県,2238,2780,-542,2026-07-04T15:37:29.282165+00:00
2022-11,35000,山口県,1141,1271,-130,2026-07-04T15:37:29.282165+00:00
2022-11,36000,徳島県,524,606,-82,2026-07-04T15:37:29.282165+00:00
2022-11,37000,香川県,851,960,-109,2026-07-04T15:37:29.282165+00:00
2022-11,38000,愛媛県,971,1050,-79,2026-07-04T15:37:29.282165+00:00
2022-11,39000,高知県,473,462,11,2026-07-04T15:37:29.282165+00:00
2022-11,40000,福岡県,5355,5213,142,2026-07-04T15:37:29.282165+00:00
2022-11,41000,佐賀県,965,948,17,2026-07-04T15:37:29.282165+00:00
2022-11,42000,長崎県,1092,1218,-126,2026-07-04T15:37:29.282165+00:00
2022-11,43000,熊本県,1636,1413,223,2026-07-04T15:37:29.282165+00:00
2022-11,44000,大分県,1122,1103,19,2026-07-04T15:37:29.282165+00:00
2022-11,45000,宮崎県,960,912,48,2026-07-04T15:37:29.282165+00:00
2022-11,46000,鹿児島県,1497,1171,326,2026-07-04T15:37:29.282165+00:00
2022-11,47000,沖縄県,1535,1537,-2,2026-07-04T15:37:29.282165+00:00
2022-12,01000,北海道,2749,2854,-105,2026-07-04T15:37:29.282165+00:00
2022-12,02000,青森県,893,1000,-107,2026-07-04T15:37:29.282165+00:00
2022-12,03000,岩手県,891,1017,-126,2026-07-04T15:37:29.282165+00:00
2022-12,04000,宮城県,2204,2242,-38,2026-07-04T15:37:29.282165+00:00
2022-12,05000,秋田県,559,609,-50,2026-07-04T15:37:29.282165+00:00
2022-12,06000,山形県,659,730,-71,2026-07-04T15:37:29.282165+00:00
2022-12,07000,福島県,1376,1578,-202,2026-07-04T15:37:29.282165+00:00
2022-12,08000,茨城県,3954,3414,540,2026-07-04T15:37:29.282165+00:00
2022-12,09000,栃木県,2381,2127,254,2026-07-04T15:37:29.282165+00:00
2022-12,10000,群馬県,2406,2089,317,2026-07-04T15:37:29.282165+00:00
2022-12,11000,埼玉県,12494,11108,1386,2026-07-04T15:37:29.282165+00:00
2022-12,12000,千葉県,10294,10011,283,2026-07-04T15:37:29.282165+00:00
2022-12,13000,東京都,26075,27369,-1294,2026-07-04T15:37:29.282165+00:00
2022-12,14000,神奈川県,14570,14219,351,2026-07-04T15:37:29.282165+00:00
2022-12,15000,新潟県,1215,1243,-28,2026-07-04T15:37:29.282165+00:00
2022-12,16000,富山県,720,827,-107,2026-07-04T15:37:29.282165+00:00
2022-12,17000,石川県,916,1053,-137,2026-07-04T15:37:29.282165+00:00
2022-12,18000,福井県,516,680,-164,2026-07-04T15:37:29.282165+00:00
2022-12,19000,山梨県,911,816,95,2026-07-04T15:37:29.282165+00:00
2022-12,20000,長野県,1869,1709,160,2026-07-04T15:37:29.282165+00:00
2022-12,21000,岐阜県,2158,2056,102,2026-07-04T15:37:29.282165+00:00
2022-12,22000,静岡県,3566,3739,-173,2026-07-04T15:37:29.282165+00:00
2022-12,23000,愛知県,6826,7700,-874,2026-07-04T15:37:29.282165+00:00
2022-12,24000,三重県,1960,2187,-227,2026-07-04T15:37:29.282165+00:00
2022-12,25000,滋賀県,1915,1893,22,2026-07-04T15:37:29.282165+00:00
2022-12,26000,京都府,3445,3618,-173,2026-07-04T15:37:29.282165+00:00
2022-12,27000,大阪府,10362,10259,103,2026-07-04T15:37:29.282165+00:00
2022-12,28000,兵庫県,5653,5707,-54,2026-07-04T15:37:29.282165+00:00
2022-12,29000,奈良県,1705,1561,144,2026-07-04T15:37:29.282165+00:00
2022-12,30000,和歌山県,747,785,-38,2026-07-04T15:37:29.282165+00:00
2022-12,31000,鳥取県,458,474,-16,2026-07-04T15:37:29.282165+00:00
2022-12,32000,島根県,495,672,-177,2026-07-04T15:37:29.282165+00:00
2022-12,33000,岡山県,1575,1763,-188,2026-07-04T15:37:29.282165+00:00
2022-12,34000,広島県,2421,2967,-546,2026-07-04T15:37:29.282165+00:00
2022-12,35000,山口県,1428,1283,145,2026-07-04T15:37:29.282165+00:00
2022-12,36000,徳島県,527,655,-128,2026-07-04T15:37:29.282165+00:00
2022-12,37000,香川県,882,892,-10,2026-07-04T15:37:29.282165+00:00
2022-12,38000,愛媛県,957,1081,-124,2026-07-04T15:37:29.282165+00:00
2022-12,39000,高知県,481,467,14,2026-07-04T15:37:29.282165+00:00
2022-12,40000,福岡県,5442,5221,221,2026-07-04T15:37:29.282165+00:00
2022-12,41000,佐賀県,1008,890,118,2026-07-04T15:37:29.282165+00:00
2022-12,42000,長崎県,1196,1340,-144,2026-07-04T15:37:29.282165+00:00
2022-12,43000,熊本県,1821,1560,261,2026-07-04T15:37:29.282165+00:00
2022-12,44000,大分県,1182,1136,46,2026-07-04T15:37:29.282165+00:00
2022-12,45000,宮崎県,1109,912,197,2026-07-04T15:37:29.282165+00:00
2022-12,46000,鹿児島県,1553,1215,338,2026-07-04T15:37:29.282165+00:00
2022-12,47000,沖縄県,1659,1455,204,2026-07-04T15:37:29.282165+00:00
2023-01,01000,北海道,2511,2971,-460,2026-07-04T15:37:29.282165+00:00
2023-01,02000,青森県,801,1031,-230,2026-07-04T15:37:29.282165+00:00
2023-01,03000,岩手県,884,1025,-141,2026-07-04T15:37:29.282165+00:00
2023-01,04000,宮城県,2340,2396,-56,2026-07-04T15:37:29.282165+00:00
2023-01,05000,秋田県,523,704,-181,2026-07-04T15:37:29.282165+00:00
2023-01,06000,山形県,604,725,-121,2026-07-04T15:37:29.282165+00:00
2023-01,07000,福島県,1493,1669,-176,2026-07-04T15:37:29.282165+00:00
2023-01,08000,茨城県,3749,3641,108,2026-07-04T15:37:29.282165+00:00
2023-01,09000,栃木県,2369,2305,64,2026-07-04T15:37:29.282165+00:00
2023-01,10000,群馬県,2532,2211,321,2026-07-04T15:37:29.282165+00:00
2023-01,11000,埼玉県,11646,10351,1295,2026-07-04T15:37:29.282165+00:00
2023-01,12000,千葉県,9807,9740,67,2026-07-04T15:37:29.282165+00:00
2023-01,13000,東京都,27178,24291,2887,2026-07-04T15:37:29.282165+00:00
2023-01,14000,神奈川県,14312,13517,795,2026-07-04T15:37:29.282165+00:00
2023-01,15000,新潟県,1084,1377,-293,2026-07-04T15:37:29.282165+00:00
2023-01,16000,富山県,772,911,-139,2026-07-04T15:37:29.282165+00:00
2023-01,17000,石川県,1006,1100,-94,2026-07-04T15:37:29.282165+00:00
2023-01,18000,福井県,479,722,-243,2026-07-04T15:37:29.282165+00:00
2023-01,19000,山梨県,903,926,-23,2026-07-04T15:37:29.282165+00:00
2023-01,20000,長野県,1810,1847,-37,2026-07-04T15:37:29.282165+00:00
2023-01,21000,岐阜県,2015,2221,-206,2026-07-04T15:37:29.282165+00:00
2023-01,22000,静岡県,3583,3843,-260,2026-07-04T15:37:29.282165+00:00
2023-01,23000,愛知県,7513,7918,-405,2026-07-04T15:37:29.282165+00:00
2023-01,24000,三重県,1885,2294,-409,2026-07-04T15:37:29.282165+00:00
2023-01,25000,滋賀県,1829,1931,-102,2026-07-04T15:37:29.282165+00:00
2023-01,26000,京都府,3292,3437,-145,2026-07-04T15:37:29.282165+00:00
2023-01,27000,大阪府,10350,10241,109,2026-07-04T15:37:29.282165+00:00
2023-01,28000,兵庫県,5685,5721,-36,2026-07-04T15:37:29.282165+00:00
2023-01,29000,奈良県,1486,1529,-43,2026-07-04T15:37:29.282165+00:00
2023-01,30000,和歌山県,742,770,-28,2026-07-04T15:37:29.282165+00:00
2023-01,31000,鳥取県,477,464,13,2026-07-04T15:37:29.282165+00:00
2023-01,32000,島根県,532,732,-200,2026-07-04T15:37:29.282165+00:00
2023-01,33000,岡山県,1631,1885,-254,2026-07-04T15:37:29.282165+00:00
2023-01,34000,広島県,2509,3214,-705,2026-07-04T15:37:29.282165+00:00
2023-01,35000,山口県,1293,1590,-297,2026-07-04T15:37:29.282165+00:00
2023-01,36000,徳島県,595,639,-44,2026-07-04T15:37:29.282165+00:00
2023-01,37000,香川県,996,999,-3,2026-07-04T15:37:29.282165+00:00
2023-01,38000,愛媛県,1080,1323,-243,2026-07-04T15:37:29.282165+00:00
2023-01,39000,高知県,543,556,-13,2026-07-04T15:37:29.282165+00:00
2023-01,40000,福岡県,5891,6133,-242,2026-07-04T15:37:29.282165+00:00
2023-01,41000,佐賀県,966,960,6,2026-07-04T15:37:29.282165+00:00
2023-01,42000,長崎県,1235,1499,-264,2026-07-04T15:37:29.282165+00:00
2023-01,43000,熊本県,1808,1750,58,2026-07-04T15:37:29.282165+00:00
2023-01,44000,大分県,1300,1214,86,2026-07-04T15:37:29.282165+00:00
2023-01,45000,宮崎県,1148,968,180,2026-07-04T15:37:29.282165+00:00
2023-01,46000,鹿児島県,1610,1558,52,2026-07-04T15:37:29.282165+00:00
2023-01,47000,沖縄県,1666,1614,52,2026-07-04T15:37:29.282165+00:00
2023-02,01000,北海道,2639,3011,-372,2026-07-04T15:37:29.282165+00:00
2023-02,02000,青森県,826,1091,-265,2026-07-04T15:37:29.282165+00:00
2023-02,03000,岩手県,978,1045,-67,2026-07-04T15:37:29.282165+00:00
2023-02,04000,宮城県,2497,2578,-81,2026-07-04T15:37:29.282165+00:00
2023-02,05000,秋田県,589,722,-133,2026-07-04T15:37:29.282165+00:00
2023-02,06000,山形県,718,908,-190,2026-07-04T15:37:29.282165+00:00
2023-02,07000,福島県,1486,1868,-382,2026-07-04T15:37:29.282165+00:00
2023-02,08000,茨城県,3969,3919,50,2026-07-04T15:37:29.282165+00:00
2023-02,09000,栃木県,2474,2532,-58,2026-07-04T15:37:29.282165+00:00
2023-02,10000,群馬県,2394,2424,-30,2026-07-04T15:37:29.282165+00:00
2023-02,11000,埼玉県,12769,11418,1351,2026-07-04T15:37:29.282165+00:00
2023-02,12000,千葉県,10901,10843,58,2026-07-04T15:37:29.282165+00:00
2023-02,13000,東京都,30866,26964,3902,2026-07-04T15:37:29.282165+00:00
2023-02,14000,神奈川県,15386,14548,838,2026-07-04T15:37:29.282165+00:00
2023-02,15000,新潟県,1366,1627,-261,2026-07-04T15:37:29.282165+00:00
2023-02,16000,富山県,806,848,-42,2026-07-04T15:37:29.282165+00:00
2023-02,17000,石川県,991,1400,-409,2026-07-04T15:37:29.282165+00:00
2023-02,18000,福井県,580,844,-264,2026-07-04T15:37:29.282165+00:00
2023-02,19000,山梨県,892,1256,-364,2026-07-04T15:37:29.282165+00:00
2023-02,20000,長野県,2009,2129,-120,2026-07-04T15:37:29.282165+00:00
2023-02,21000,岐阜県,2309,2427,-118,2026-07-04T15:37:29.282165+00:00
2023-02,22000,静岡県,3803,4070,-267,2026-07-04T15:37:29.282165+00:00
2023-02,23000,愛知県,7866,8354,-488,2026-07-04T15:37:29.282165+00:00
2023-02,24000,三重県,1986,2439,-453,2026-07-04T15:37:29.282165+00:00
2023-02,25000,滋賀県,1994,1917,77,2026-07-04T15:37:29.282165+00:00
2023-02,26000,京都府,3697,4142,-445,2026-07-04T15:37:29.282165+00:00
2023-02,27000,大阪府,11437,10594,843,2026-07-04T15:37:29.282165+00:00
2023-02,28000,兵庫県,5853,6486,-633,2026-07-04T15:37:29.282165+00:00
2023-02,29000,奈良県,1715,2006,-291,2026-07-04T15:37:29.282165+00:00
2023-02,30000,和歌山県,752,853,-101,2026-07-04T15:37:29.282165+00:00
2023-02,31000,鳥取県,513,619,-106,2026-07-04T15:37:29.282165+00:00
2023-02,32000,島根県,652,828,-176,2026-07-04T15:37:29.282165+00:00
2023-02,33000,岡山県,1968,2139,-171,2026-07-04T15:37:29.282165+00:00
2023-02,34000,広島県,2745,3348,-603,2026-07-04T15:37:29.282165+00:00
2023-02,35000,山口県,1387,1723,-336,2026-07-04T15:37:29.282165+00:00
2023-02,36000,徳島県,625,711,-86,2026-07-04T15:37:29.282165+00:00
2023-02,37000,香川県,1012,1181,-169,2026-07-04T15:37:29.282165+00:00
2023-02,38000,愛媛県,1120,1392,-272,2026-07-04T15:37:29.282165+00:00
2023-02,39000,高知県,549,684,-135,2026-07-04T15:37:29.282165+00:00
2023-02,40000,福岡県,6441,5944,497,2026-07-04T15:37:29.282165+00:00
2023-02,41000,佐賀県,1076,1050,26,2026-07-04T15:37:29.282165+00:00
2023-02,42000,長崎県,1285,1588,-303,2026-07-04T15:37:29.282165+00:00
2023-02,43000,熊本県,1874,1774,100,2026-07-04T15:37:29.282165+00:00
2023-02,44000,大分県,1427,1343,84,2026-07-04T15:37:29.282165+00:00
2023-02,45000,宮崎県,1106,1132,-26,2026-07-04T15:37:29.282165+00:00
2023-02,46000,鹿児島県,1701,1519,182,2026-07-04T15:37:29.282165+00:00
2023-02,47000,沖縄県,1725,1516,209,2026-07-04T15:37:29.282165+00:00
2023-03,01000,北海道,10166,14987,-4821,2026-07-04T15:37:29.282165+00:00
2023-03,02000,青森県,3075,6301,-3226,2026-07-04T15:37:29.282165+00:00
2023-03,03000,岩手県,3233,5776,-2543,2026-07-04T15:37:29.282165+00:00
2023-03,04000,宮城県,10347,12130,-1783,2026-07-04T15:37:29.282165+00:00
2023-03,05000,秋田県,2081,3931,-1850,2026-07-04T15:37:29.282165+00:00
2023-03,06000,山形県,2645,4777,-2132,2026-07-04T15:37:29.282165+00:00
2023-03,07000,福島県,4689,7599,-2910,2026-07-04T15:37:29.282165+00:00
2023-03,08000,茨城県,10576,12446,-1870,2026-07-04T15:37:29.282165+00:00
2023-03,09000,栃木県,6890,8562,-1672,2026-07-04T15:37:29.282165+00:00
2023-03,10000,群馬県,6302,8170,-1868,2026-07-04T15:37:29.282165+00:00
2023-03,11000,埼玉県,35401,27960,7441,2026-07-04T15:37:29.282165+00:00
2023-03,12000,千葉県,33071,26105,6966,2026-07-04T15:37:29.282165+00:00
2023-03,13000,東京都,101405,62100,39305,2026-07-04T15:37:29.282165+00:00
2023-03,14000,神奈川県,49970,34695,15275,2026-07-04T15:37:29.282165+00:00
2023-03,15000,新潟県,4609,7727,-3118,2026-07-04T15:37:29.282165+00:00
2023-03,16000,富山県,2800,3814,-1014,2026-07-04T15:37:29.282165+00:00
2023-03,17000,石川県,3857,4992,-1135,2026-07-04T15:37:29.282165+00:00
2023-03,18000,福井県,1950,2968,-1018,2026-07-04T15:37:29.282165+00:00
2023-03,19000,山梨県,2940,3752,-812,2026-07-04T15:37:29.282165+00:00
2023-03,20000,長野県,6286,8045,-1759,2026-07-04T15:37:29.282165+00:00
2023-03,21000,岐阜県,5791,7783,-1992,2026-07-04T15:37:29.282165+00:00
2023-03,22000,静岡県,11830,15373,-3543,2026-07-04T15:37:29.282165+00:00
2023-03,23000,愛知県,26289,26246,43,2026-07-04T15:37:29.282165+00:00
2023-03,24000,三重県,5625,7501,-1876,2026-07-04T15:37:29.282165+00:00
2023-03,25000,滋賀県,6345,6513,-168,2026-07-04T15:37:29.282165+00:00
2023-03,26000,京都府,13633,14310,-677,2026-07-04T15:37:29.282165+00:00
2023-03,27000,大阪府,36466,31987,4479,2026-07-04T15:37:29.282165+00:00
2023-03,28000,兵庫県,19252,21441,-2189,2026-07-04T15:37:29.282165+00:00
2023-03,29000,奈良県,4640,5497,-857,2026-07-04T15:37:29.282165+00:00
2023-03,30000,和歌山県,2088,3239,-1151,2026-07-04T15:37:29.282165+00:00
2023-03,31000,鳥取県,1748,2743,-995,2026-07-04T15:37:29.282165+00:00
2023-03,32000,島根県,2117,3339,-1222,2026-07-04T15:37:29.282165+00:00
2023-03,33000,岡山県,6327,8496,-2169,2026-07-04T15:37:29.282165+00:00
2023-03,34000,広島県,9767,12515,-2748,2026-07-04T15:37:29.282165+00:00
2023-03,35000,山口県,4137,6303,-2166,2026-07-04T15:37:29.282165+00:00
2023-03,36000,徳島県,1832,3096,-1264,2026-07-04T15:37:29.282165+00:00
2023-03,37000,香川県,3296,4660,-1364,2026-07-04T15:37:29.282165+00:00
2023-03,38000,愛媛県,3811,5524,-1713,2026-07-04T15:37:29.282165+00:00
2023-03,39000,高知県,1957,3044,-1087,2026-07-04T15:37:29.282165+00:00
2023-03,40000,福岡県,22732,22529,203,2026-07-04T15:37:29.282165+00:00
2023-03,41000,佐賀県,3168,4045,-877,2026-07-04T15:37:29.282165+00:00
2023-03,42000,長崎県,4279,7499,-3220,2026-07-04T15:37:29.282165+00:00
2023-03,43000,熊本県,6222,7820,-1598,2026-07-04T15:37:29.282165+00:00
2023-03,44000,大分県,3829,5251,-1422,2026-07-04T15:37:29.282165+00:00
2023-03,45000,宮崎県,3424,5238,-1814,2026-07-04T15:37:29.282165+00:00
2023-03,46000,鹿児島県,5176,7475,-2299,2026-07-04T15:37:29.282165+00:00
2023-03,47000,沖縄県,5582,7352,-1770,2026-07-04T15:37:29.282165+00:00
2023-04,01000,北海道,9887,10053,-166,2026-07-04T15:37:29.282165+00:00
2023-04,02000,青森県,2949,4144,-1195,2026-07-04T15:37:29.282165+00:00
2023-04,03000,岩手県,2694,3712,-1018,2026-07-04T15:37:29.282165+00:00
2023-04,04000,宮城県,8851,8420,431,2026-07-04T15:37:29.282165+00:00
2023-04,05000,秋田県,2028,2601,-573,2026-07-04T15:37:29.282165+00:00
2023-04,06000,山形県,2317,2932,-615,2026-07-04T15:37:29.282165+00:00
2023-04,07000,福島県,3923,5082,-1159,2026-07-04T15:37:29.282165+00:00
2023-04,08000,茨城県,7947,8471,-524,2026-07-04T15:37:29.282165+00:00
2023-04,09000,栃木県,4970,5422,-452,2026-07-04T15:37:29.282165+00:00
2023-04,10000,群馬県,4881,5217,-336,2026-07-04T15:37:29.282165+00:00
2023-04,11000,埼玉県,23320,20255,3065,2026-07-04T15:37:29.282165+00:00
2023-04,12000,千葉県,20607,18788,1819,2026-07-04T15:37:29.282165+00:00
2023-04,13000,東京都,59802,50977,8825,2026-07-04T15:37:29.282165+00:00
2023-04,14000,神奈川県,31270,25921,5349,2026-07-04T15:37:29.282165+00:00
2023-04,15000,新潟県,4080,4943,-863,2026-07-04T15:37:29.282165+00:00
2023-04,16000,富山県,2099,2449,-350,2026-07-04T15:37:29.282165+00:00
2023-04,17000,石川県,3293,3309,-16,2026-07-04T15:37:29.282165+00:00
2023-04,18000,福井県,1542,1957,-415,2026-07-04T15:37:29.282165+00:00
2023-04,19000,山梨県,2514,2277,237,2026-07-04T15:37:29.282165+00:00
2023-04,20000,長野県,5071,5033,38,2026-07-04T15:37:29.282165+00:00
2023-04,21000,岐阜県,3867,5128,-1261,2026-07-04T15:37:29.282165+00:00
2023-04,22000,静岡県,8243,9401,-1158,2026-07-04T15:37:29.282165+00:00
2023-04,23000,愛知県,17863,19122,-1259,2026-07-04T15:37:29.282165+00:00
2023-04,24000,三重県,4124,5151,-1027,2026-07-04T15:37:29.282165+00:00
2023-04,25000,滋賀県,4397,3926,471,2026-07-04T15:37:29.282165+00:00
2023-04,26000,京都府,9679,8385,1294,2026-07-04T15:37:29.282165+00:00
2023-04,27000,大阪府,24300,23797,503,2026-07-04T15:37:29.282165+00:00
2023-04,28000,兵庫県,13177,14254,-1077,2026-07-04T15:37:29.282165+00:00
2023-04,29000,奈良県,3649,3492,157,2026-07-04T15:37:29.282165+00:00
2023-04,30000,和歌山県,1860,2347,-487,2026-07-04T15:37:29.282165+00:00
2023-04,31000,鳥取県,1549,1822,-273,2026-07-04T15:37:29.282165+00:00
2023-04,32000,島根県,2099,2235,-136,2026-07-04T15:37:29.282165+00:00
2023-04,33000,岡山県,4462,5652,-1190,2026-07-04T15:37:29.282165+00:00
2023-04,34000,広島県,8197,9176,-979,2026-07-04T15:37:29.282165+00:00
2023-04,35000,山口県,4789,4194,595,2026-07-04T15:37:29.282165+00:00
2023-04,36000,徳島県,1619,1976,-357,2026-07-04T15:37:29.282165+00:00
2023-04,37000,香川県,2753,3211,-458,2026-07-04T15:37:29.282165+00:00
2023-04,38000,愛媛県,3187,3762,-575,2026-07-04T15:37:29.282165+00:00
2023-04,39000,高知県,1817,2080,-263,2026-07-04T15:37:29.282165+00:00
2023-04,40000,福岡県,18348,17007,1341,2026-07-04T15:37:29.282165+00:00
2023-04,41000,佐賀県,2405,3043,-638,2026-07-04T15:37:29.282165+00:00
2023-04,42000,長崎県,3895,5118,-1223,2026-07-04T15:37:29.282165+00:00
2023-04,43000,熊本県,4824,5742,-918,2026-07-04T15:37:29.282165+00:00
2023-04,44000,大分県,3148,3903,-755,2026-07-04T15:37:29.282165+00:00
2023-04,45000,宮崎県,3198,3824,-626,2026-07-04T15:37:29.282165+00:00
2023-04,46000,鹿児島県,5203,6004,-801,2026-07-04T15:37:29.282165+00:00
2023-04,47000,沖縄県,4561,5543,-982,2026-07-04T15:37:29.282165+00:00
2023-05,01000,北海道,3966,3890,76,2026-07-04T15:37:29.282165+00:00
2023-05,02000,青森県,1069,1315,-246,2026-07-04T15:37:29.282165+00:00
2023-05,03000,岩手県,1255,1402,-147,2026-07-04T15:37:29.282165+00:00
2023-05,04000,宮城県,3136,3212,-76,2026-07-04T15:37:29.282165+00:00
2023-05,05000,秋田県,818,811,7,2026-07-04T15:37:29.282165+00:00
2023-05,06000,山形県,872,1068,-196,2026-07-04T15:37:29.282165+00:00
2023-05,07000,福島県,1783,2088,-305,2026-07-04T15:37:29.282165+00:00
2023-05,08000,茨城県,4471,4541,-70,2026-07-04T15:37:29.282165+00:00
2023-05,09000,栃木県,3274,2934,340,2026-07-04T15:37:29.282165+00:00
2023-05,10000,群馬県,2817,2746,71,2026-07-04T15:37:29.282165+00:00
2023-05,11000,埼玉県,15034,13059,1975,2026-07-04T15:37:29.282165+00:00
2023-05,12000,千葉県,12319,12563,-244,2026-07-04T15:37:29.282165+00:00
2023-05,13000,東京都,34284,31040,3244,2026-07-04T15:37:29.282165+00:00
2023-05,14000,神奈川県,17936,16492,1444,2026-07-04T15:37:29.282165+00:00
2023-05,15000,新潟県,1694,1883,-189,2026-07-04T15:37:29.282165+00:00
2023-05,16000,富山県,1055,1116,-61,2026-07-04T15:37:29.282165+00:00
2023-05,17000,石川県,1357,1546,-189,2026-07-04T15:37:29.282165+00:00
2023-05,18000,福井県,719,986,-267,2026-07-04T15:37:29.282165+00:00
2023-05,19000,山梨県,1123,1129,-6,2026-07-04T15:37:29.282165+00:00
2023-05,20000,長野県,2451,2394,57,2026-07-04T15:37:29.282165+00:00
2023-05,21000,岐阜県,2622,2744,-122,2026-07-04T15:37:29.282165+00:00
2023-05,22000,静岡県,4427,4491,-64,2026-07-04T15:37:29.282165+00:00
2023-05,23000,愛知県,9309,10015,-706,2026-07-04T15:37:29.282165+00:00
2023-05,24000,三重県,2326,2727,-401,2026-07-04T15:37:29.282165+00:00
2023-05,25000,滋賀県,2314,2346,-32,2026-07-04T15:37:29.282165+00:00
2023-05,26000,京都府,4237,4695,-458,2026-07-04T15:37:29.282165+00:00
2023-05,27000,大阪府,14255,13674,581,2026-07-04T15:37:29.282165+00:00
2023-05,28000,兵庫県,7106,7947,-841,2026-07-04T15:37:29.282165+00:00
2023-05,29000,奈良県,1840,2102,-262,2026-07-04T15:37:29.282165+00:00
2023-05,30000,和歌山県,872,1090,-218,2026-07-04T15:37:29.282165+00:00
2023-05,31000,鳥取県,569,658,-89,2026-07-04T15:37:29.282165+00:00
2023-05,32000,島根県,712,780,-68,2026-07-04T15:37:29.282165+00:00
2023-05,33000,岡山県,2067,2539,-472,2026-07-04T15:37:29.282165+00:00
2023-05,34000,広島県,3060,4148,-1088,2026-07-04T15:37:29.282165+00:00
2023-05,35000,山口県,1608,1723,-115,2026-07-04T15:37:29.282165+00:00
2023-05,36000,徳島県,667,792,-125,2026-07-04T15:37:29.282165+00:00
2023-05,37000,香川県,1164,1256,-92,2026-07-04T15:37:29.282165+00:00
2023-05,38000,愛媛県,1337,1552,-215,2026-07-04T15:37:29.282165+00:00
2023-05,39000,高知県,572,674,-102,2026-07-04T15:37:29.282165+00:00
2023-05,40000,福岡県,7448,7447,1,2026-07-04T15:37:29.282165+00:00
2023-05,41000,佐賀県,1264,1206,58,2026-07-04T15:37:29.282165+00:00
2023-05,42000,長崎県,1423,1836,-413,2026-07-04T15:37:29.282165+00:00
2023-05,43000,熊本県,2140,2014,126,2026-07-04T15:37:29.282165+00:00
2023-05,44000,大分県,1462,1630,-168,2026-07-04T15:37:29.282165+00:00
2023-05,45000,宮崎県,1212,1255,-43,2026-07-04T15:37:29.282165+00:00
2023-05,46000,鹿児島県,1783,1894,-111,2026-07-04T15:37:29.282165+00:00
2023-05,47000,沖縄県,2070,1849,221,2026-07-04T15:37:29.282165+00:00
2023-06,01000,北海道,3461,3085,376,2026-07-04T15:37:29.282165+00:00
2023-06,02000,青森県,963,1017,-54,2026-07-04T15:37:29.282165+00:00
2023-06,03000,岩手県,1005,1080,-75,2026-07-04T15:37:29.282165+00:00
2023-06,04000,宮城県,2710,2657,53,2026-07-04T15:37:29.282165+00:00
2023-06,05000,秋田県,611,655,-44,2026-07-04T15:37:29.282165+00:00
2023-06,06000,山形県,789,886,-97,2026-07-04T15:37:29.282165+00:00
2023-06,07000,福島県,1563,1787,-224,2026-07-04T15:37:29.282165+00:00
2023-06,08000,茨城県,3821,3814,7,2026-07-04T15:37:29.282165+00:00
2023-06,09000,栃木県,2683,2482,201,2026-07-04T15:37:29.282165+00:00
2023-06,10000,群馬県,2595,2485,110,2026-07-04T15:37:29.282165+00:00
2023-06,11000,埼玉県,13160,11728,1432,2026-07-04T15:37:29.282165+00:00
2023-06,12000,千葉県,10837,11398,-561,2026-07-04T15:37:29.282165+00:00
2023-06,13000,東京都,29177,27738,1439,2026-07-04T15:37:29.282165+00:00
2023-06,14000,神奈川県,15580,14704,876,2026-07-04T15:37:29.282165+00:00
2023-06,15000,新潟県,1275,1587,-312,2026-07-04T15:37:29.282165+00:00
2023-06,16000,富山県,901,853,48,2026-07-04T15:37:29.282165+00:00
2023-06,17000,石川県,1138,1151,-13,2026-07-04T15:37:29.282165+00:00
2023-06,18000,福井県,579,858,-279,2026-07-04T15:37:29.282165+00:00
2023-06,19000,山梨県,1015,933,82,2026-07-04T15:37:29.282165+00:00
2023-06,20000,長野県,1965,1874,91,2026-07-04T15:37:29.282165+00:00
2023-06,21000,岐阜県,2328,2473,-145,2026-07-04T15:37:29.282165+00:00
2023-06,22000,静岡県,3786,3919,-133,2026-07-04T15:37:29.282165+00:00
2023-06,23000,愛知県,7803,8689,-886,2026-07-04T15:37:29.282165+00:00
2023-06,24000,三重県,2127,2390,-263,2026-07-04T15:37:29.282165+00:00
2023-06,25000,滋賀県,2053,2076,-23,2026-07-04T15:37:29.282165+00:00
2023-06,26000,京都府,3710,3953,-243,2026-07-04T15:37:29.282165+00:00
2023-06,27000,大阪府,11925,11300,625,2026-07-04T15:37:29.282165+00:00
2023-06,28000,兵庫県,6055,6654,-599,2026-07-04T15:37:29.282165+00:00
2023-06,29000,奈良県,1580,1695,-115,2026-07-04T15:37:29.282165+00:00
2023-06,30000,和歌山県,808,912,-104,2026-07-04T15:37:29.282165+00:00
2023-06,31000,鳥取県,483,513,-30,2026-07-04T15:37:29.282165+00:00
2023-06,32000,島根県,586,685,-99,2026-07-04T15:37:29.282165+00:00
2023-06,33000,岡山県,1750,2014,-264,2026-07-04T15:37:29.282165+00:00
2023-06,34000,広島県,2639,3412,-773,2026-07-04T15:37:29.282165+00:00
2023-06,35000,山口県,1410,1550,-140,2026-07-04T15:37:29.282165+00:00
2023-06,36000,徳島県,555,668,-113,2026-07-04T15:37:29.282165+00:00
2023-06,37000,香川県,1014,1063,-49,2026-07-04T15:37:29.282165+00:00
2023-06,38000,愛媛県,1039,1139,-100,2026-07-04T15:37:29.282165+00:00
2023-06,39000,高知県,517,533,-16,2026-07-04T15:37:29.282165+00:00
2023-06,40000,福岡県,6377,5917,460,2026-07-04T15:37:29.282165+00:00
2023-06,41000,佐賀県,1027,980,47,2026-07-04T15:37:29.282165+00:00
2023-06,42000,長崎県,1226,1519,-293,2026-07-04T15:37:29.282165+00:00
2023-06,43000,熊本県,1748,1930,-182,2026-07-04T15:37:29.282165+00:00
2023-06,44000,大分県,1250,1377,-127,2026-07-04T15:37:29.282165+00:00
2023-06,45000,宮崎県,1132,1029,103,2026-07-04T15:37:29.282165+00:00
2023-06,46000,鹿児島県,1523,1615,-92,2026-07-04T15:37:29.282165+00:00
2023-06,47000,沖縄県,1987,1489,498,2026-07-04T15:37:29.282165+00:00
2023-07,01000,北海道,4263,3251,1012,2026-07-04T15:37:29.282165+00:00
2023-07,02000,青森県,1315,1312,3,2026-07-04T15:37:29.282165+00:00
2023-07,03000,岩手県,1248,1316,-68,2026-07-04T15:37:29.282165+00:00
2023-07,04000,宮城県,3285,3282,3,2026-07-04T15:37:29.282165+00:00
2023-07,05000,秋田県,827,797,30,2026-07-04T15:37:29.282165+00:00
2023-07,06000,山形県,912,969,-57,2026-07-04T15:37:29.282165+00:00
2023-07,07000,福島県,1834,1986,-152,2026-07-04T15:37:29.282165+00:00
2023-07,08000,茨城県,4062,3968,94,2026-07-04T15:37:29.282165+00:00
2023-07,09000,栃木県,2551,2561,-10,2026-07-04T15:37:29.282165+00:00
2023-07,10000,群馬県,2636,2508,128,2026-07-04T15:37:29.282165+00:00
2023-07,11000,埼玉県,13814,12863,951,2026-07-04T15:37:29.282165+00:00
2023-07,12000,千葉県,11097,11909,-812,2026-07-04T15:37:29.282165+00:00
2023-07,13000,東京都,30366,29080,1286,2026-07-04T15:37:29.282165+00:00
2023-07,14000,神奈川県,16053,15860,193,2026-07-04T15:37:29.282165+00:00
2023-07,15000,新潟県,1665,1781,-116,2026-07-04T15:37:29.282165+00:00
2023-07,16000,富山県,949,979,-30,2026-07-04T15:37:29.282165+00:00
2023-07,17000,石川県,1436,1353,83,2026-07-04T15:37:29.282165+00:00
2023-07,18000,福井県,629,878,-249,2026-07-04T15:37:29.282165+00:00
2023-07,19000,山梨県,1111,1071,40,2026-07-04T15:37:29.282165+00:00
2023-07,20000,長野県,2251,2120,131,2026-07-04T15:37:29.282165+00:00
2023-07,21000,岐阜県,2255,2370,-115,2026-07-04T15:37:29.282165+00:00
2023-07,22000,静岡県,4286,4304,-18,2026-07-04T15:37:29.282165+00:00
2023-07,23000,愛知県,8636,9272,-636,2026-07-04T15:37:29.282165+00:00
2023-07,24000,三重県,2163,2505,-342,2026-07-04T15:37:29.282165+00:00
2023-07,25000,滋賀県,1834,2222,-388,2026-07-04T15:37:29.282165+00:00
2023-07,26000,京都府,3638,4006,-368,2026-07-04T15:37:29.282165+00:00
2023-07,27000,大阪府,12650,11760,890,2026-07-04T15:37:29.282165+00:00
2023-07,28000,兵庫県,6463,6640,-177,2026-07-04T15:37:29.282165+00:00
2023-07,29000,奈良県,1581,1590,-9,2026-07-04T15:37:29.282165+00:00
2023-07,30000,和歌山県,841,905,-64,2026-07-04T15:37:29.282165+00:00
2023-07,31000,鳥取県,581,644,-63,2026-07-04T15:37:29.282165+00:00
2023-07,32000,島根県,771,736,35,2026-07-04T15:37:29.282165+00:00
2023-07,33000,岡山県,1889,2123,-234,2026-07-04T15:37:29.282165+00:00
2023-07,34000,広島県,2967,3681,-714,2026-07-04T15:37:29.282165+00:00
2023-07,35000,山口県,1485,2453,-968,2026-07-04T15:37:29.282165+00:00
2023-07,36000,徳島県,604,749,-145,2026-07-04T15:37:29.282165+00:00
2023-07,37000,香川県,1253,1271,-18,2026-07-04T15:37:29.282165+00:00
2023-07,38000,愛媛県,1085,1661,-576,2026-07-04T15:37:29.282165+00:00
2023-07,39000,高知県,590,667,-77,2026-07-04T15:37:29.282165+00:00
2023-07,40000,福岡県,7134,6490,644,2026-07-04T15:37:29.282165+00:00
2023-07,41000,佐賀県,1107,1064,43,2026-07-04T15:37:29.282165+00:00
2023-07,42000,長崎県,1675,1659,16,2026-07-04T15:37:29.282165+00:00
2023-07,43000,熊本県,2182,2059,123,2026-07-04T15:37:29.282165+00:00
2023-07,44000,大分県,1439,1349,90,2026-07-04T15:37:29.282165+00:00
2023-07,45000,宮崎県,1447,1227,220,2026-07-04T15:37:29.282165+00:00
2023-07,46000,鹿児島県,1815,1930,-115,2026-07-04T15:37:29.282165+00:00
2023-07,47000,沖縄県,2117,1611,506,2026-07-04T15:37:29.282165+00:00
2023-08,01000,北海道,4090,3717,373,2026-07-04T15:37:29.282165+00:00
2023-08,02000,青森県,1387,1443,-56,2026-07-04T15:37:29.282165+00:00
2023-08,03000,岩手県,1042,1162,-120,2026-07-04T15:37:29.282165+00:00
2023-08,04000,宮城県,2889,2862,27,2026-07-04T15:37:29.282165+00:00
2023-08,05000,秋田県,745,672,73,2026-07-04T15:37:29.282165+00:00
2023-08,06000,山形県,836,998,-162,2026-07-04T15:37:29.282165+00:00
2023-08,07000,福島県,1624,1790,-166,2026-07-04T15:37:29.282165+00:00
2023-08,08000,茨城県,4287,4065,222,2026-07-04T15:37:29.282165+00:00
2023-08,09000,栃木県,2550,2539,11,2026-07-04T15:37:29.282165+00:00
2023-08,10000,群馬県,2742,2472,270,2026-07-04T15:37:29.282165+00:00
2023-08,11000,埼玉県,13498,12133,1365,2026-07-04T15:37:29.282165+00:00
2023-08,12000,千葉県,11000,11629,-629,2026-07-04T15:37:29.282165+00:00
2023-08,13000,東京都,29825,28392,1433,2026-07-04T15:37:29.282165+00:00
2023-08,14000,神奈川県,16271,15521,750,2026-07-04T15:37:29.282165+00:00
2023-08,15000,新潟県,1417,1624,-207,2026-07-04T15:37:29.282165+00:00
2023-08,16000,富山県,999,1073,-74,2026-07-04T15:37:29.282165+00:00
2023-08,17000,石川県,1198,1391,-193,2026-07-04T15:37:29.282165+00:00
2023-08,18000,福井県,614,821,-207,2026-07-04T15:37:29.282165+00:00
2023-08,19000,山梨県,959,872,87,2026-07-04T15:37:29.282165+00:00
2023-08,20000,長野県,1962,1954,8,2026-07-04T15:37:29.282165+00:00
2023-08,21000,岐阜県,2366,2553,-187,2026-07-04T15:37:29.282165+00:00
2023-08,22000,静岡県,4237,4244,-7,2026-07-04T15:37:29.282165+00:00
2023-08,23000,愛知県,8479,8764,-285,2026-07-04T15:37:29.282165+00:00
2023-08,24000,三重県,2159,2530,-371,2026-07-04T15:37:29.282165+00:00
2023-08,25000,滋賀県,2179,2204,-25,2026-07-04T15:37:29.282165+00:00
2023-08,26000,京都府,3694,4226,-532,2026-07-04T15:37:29.282165+00:00
2023-08,27000,大阪府,12102,11111,991,2026-07-04T15:37:29.282165+00:00
2023-08,28000,兵庫県,6274,6800,-526,2026-07-04T15:37:29.282165+00:00
2023-08,29000,奈良県,1615,1625,-10,2026-07-04T15:37:29.282165+00:00
2023-08,30000,和歌山県,936,852,84,2026-07-04T15:37:29.282165+00:00
2023-08,31000,鳥取県,522,649,-127,2026-07-04T15:37:29.282165+00:00
2023-08,32000,島根県,629,725,-96,2026-07-04T15:37:29.282165+00:00
2023-08,33000,岡山県,1803,2154,-351,2026-07-04T15:37:29.282165+00:00
2023-08,34000,広島県,2952,3663,-711,2026-07-04T15:37:29.282165+00:00
2023-08,35000,山口県,1624,1865,-241,2026-07-04T15:37:29.282165+00:00
2023-08,36000,徳島県,642,769,-127,2026-07-04T15:37:29.282165+00:00
2023-08,37000,香川県,1088,1284,-196,2026-07-04T15:37:29.282165+00:00
2023-08,38000,愛媛県,1173,1390,-217,2026-07-04T15:37:29.282165+00:00
2023-08,39000,高知県,565,650,-85,2026-07-04T15:37:29.282165+00:00
2023-08,40000,福岡県,7096,6708,388,2026-07-04T15:37:29.282165+00:00
2023-08,41000,佐賀県,1257,1133,124,2026-07-04T15:37:29.282165+00:00
2023-08,42000,長崎県,1611,2024,-413,2026-07-04T15:37:29.282165+00:00
2023-08,43000,熊本県,2331,2177,154,2026-07-04T15:37:29.282165+00:00
2023-08,44000,大分県,1345,1571,-226,2026-07-04T15:37:29.282165+00:00
2023-08,45000,宮崎県,1392,1254,138,2026-07-04T15:37:29.282165+00:00
2023-08,46000,鹿児島県,1881,1914,-33,2026-07-04T15:37:29.282165+00:00
2023-08,47000,沖縄県,2076,1994,82,2026-07-04T15:37:29.282165+00:00
2023-09,01000,北海道,3090,3311,-221,2026-07-04T15:37:29.282165+00:00
2023-09,02000,青森県,956,1085,-129,2026-07-04T15:37:29.282165+00:00
2023-09,03000,岩手県,1014,1193,-179,2026-07-04T15:37:29.282165+00:00
2023-09,04000,宮城県,2553,2554,-1,2026-07-04T15:37:29.282165+00:00
2023-09,05000,秋田県,691,712,-21,2026-07-04T15:37:29.282165+00:00
2023-09,06000,山形県,829,869,-40,2026-07-04T15:37:29.282165+00:00
2023-09,07000,福島県,1448,1827,-379,2026-07-04T15:37:29.282165+00:00
2023-09,08000,茨城県,3901,3659,242,2026-07-04T15:37:29.282165+00:00
2023-09,09000,栃木県,2390,2426,-36,2026-07-04T15:37:29.282165+00:00
2023-09,10000,群馬県,2452,2246,206,2026-07-04T15:37:29.282165+00:00
2023-09,11000,埼玉県,12113,10895,1218,2026-07-04T15:37:29.282165+00:00
2023-09,12000,千葉県,10153,10966,-813,2026-07-04T15:37:29.282165+00:00
2023-09,13000,東京都,27962,25166,2796,2026-07-04T15:37:29.282165+00:00
2023-09,14000,神奈川県,14713,13834,879,2026-07-04T15:37:29.282165+00:00
2023-09,15000,新潟県,1313,1529,-216,2026-07-04T15:37:29.282165+00:00
2023-09,16000,富山県,849,948,-99,2026-07-04T15:37:29.282165+00:00
2023-09,17000,石川県,1036,1201,-165,2026-07-04T15:37:29.282165+00:00
2023-09,18000,福井県,583,792,-209,2026-07-04T15:37:29.282165+00:00
2023-09,19000,山梨県,975,872,103,2026-07-04T15:37:29.282165+00:00
2023-09,20000,長野県,1836,1808,28,2026-07-04T15:37:29.282165+00:00
2023-09,21000,岐阜県,2153,2288,-135,2026-07-04T15:37:29.282165+00:00
2023-09,22000,静岡県,3578,3929,-351,2026-07-04T15:37:29.282165+00:00
2023-09,23000,愛知県,7545,8459,-914,2026-07-04T15:37:29.282165+00:00
2023-09,24000,三重県,1978,2426,-448,2026-07-04T15:37:29.282165+00:00
2023-09,25000,滋賀県,2013,1866,147,2026-07-04T15:37:29.282165+00:00
2023-09,26000,京都府,3513,3874,-361,2026-07-04T15:37:29.282165+00:00
2023-09,27000,大阪府,11070,10513,557,2026-07-04T15:37:29.282165+00:00
2023-09,28000,兵庫県,5660,6140,-480,2026-07-04T15:37:29.282165+00:00
2023-09,29000,奈良県,1539,1461,78,2026-07-04T15:37:29.282165+00:00
2023-09,30000,和歌山県,765,794,-29,2026-07-04T15:37:29.282165+00:00
2023-09,31000,鳥取県,482,530,-48,2026-07-04T15:37:29.282165+00:00
2023-09,32000,島根県,706,679,27,2026-07-04T15:37:29.282165+00:00
2023-09,33000,岡山県,1857,1889,-32,2026-07-04T15:37:29.282165+00:00
2023-09,34000,広島県,2567,3333,-766,2026-07-04T15:37:29.282165+00:00
2023-09,35000,山口県,1394,1425,-31,2026-07-04T15:37:29.282165+00:00
2023-09,36000,徳島県,541,659,-118,2026-07-04T15:37:29.282165+00:00
2023-09,37000,香川県,947,1085,-138,2026-07-04T15:37:29.282165+00:00
2023-09,38000,愛媛県,946,1329,-383,2026-07-04T15:37:29.282165+00:00
2023-09,39000,高知県,571,556,15,2026-07-04T15:37:29.282165+00:00
2023-09,40000,福岡県,6154,5882,272,2026-07-04T15:37:29.282165+00:00
2023-09,41000,佐賀県,952,1015,-63,2026-07-04T15:37:29.282165+00:00
2023-09,42000,長崎県,1305,1444,-139,2026-07-04T15:37:29.282165+00:00
2023-09,43000,熊本県,1954,1768,186,2026-07-04T15:37:29.282165+00:00
2023-09,44000,大分県,1149,1342,-193,2026-07-04T15:37:29.282165+00:00
2023-09,45000,宮崎県,1217,1047,170,2026-07-04T15:37:29.282165+00:00
2023-09,46000,鹿児島県,1574,1504,70,2026-07-04T15:37:29.282165+00:00
2023-09,47000,沖縄県,1688,1545,143,2026-07-04T15:37:29.282165+00:00
2023-10,01000,北海道,3646,3831,-185,2026-07-04T15:37:29.282165+00:00
2023-10,02000,青森県,1117,1194,-77,2026-07-04T15:37:29.282165+00:00
2023-10,03000,岩手県,1162,1270,-108,2026-07-04T15:37:29.282165+00:00
2023-10,04000,宮城県,3020,2975,45,2026-07-04T15:37:29.282165+00:00
2023-10,05000,秋田県,759,774,-15,2026-07-04T15:37:29.282165+00:00
2023-10,06000,山形県,792,887,-95,2026-07-04T15:37:29.282165+00:00
2023-10,07000,福島県,1660,2021,-361,2026-07-04T15:37:29.282165+00:00
2023-10,08000,茨城県,4229,4280,-51,2026-07-04T15:37:29.282165+00:00
2023-10,09000,栃木県,2533,2584,-51,2026-07-04T15:37:29.282165+00:00
2023-10,10000,群馬県,3000,2798,202,2026-07-04T15:37:29.282165+00:00
2023-10,11000,埼玉県,14109,12630,1479,2026-07-04T15:37:29.282165+00:00
2023-10,12000,千葉県,11525,12017,-492,2026-07-04T15:37:29.282165+00:00
2023-10,13000,東京都,30784,28652,2132,2026-07-04T15:37:29.282165+00:00
2023-10,14000,神奈川県,16327,15522,805,2026-07-04T15:37:29.282165+00:00
2023-10,15000,新潟県,1598,1624,-26,2026-07-04T15:37:29.282165+00:00
2023-10,16000,富山県,1053,1074,-21,2026-07-04T15:37:29.282165+00:00
2023-10,17000,石川県,1230,1302,-72,2026-07-04T15:37:29.282165+00:00
2023-10,18000,福井県,718,870,-152,2026-07-04T15:37:29.282165+00:00
2023-10,19000,山梨県,1056,1085,-29,2026-07-04T15:37:29.282165+00:00
2023-10,20000,長野県,2121,2283,-162,2026-07-04T15:37:29.282165+00:00
2023-10,21000,岐阜県,2457,2603,-146,2026-07-04T15:37:29.282165+00:00
2023-10,22000,静岡県,4140,4213,-73,2026-07-04T15:37:29.282165+00:00
2023-10,23000,愛知県,8733,9395,-662,2026-07-04T15:37:29.282165+00:00
2023-10,24000,三重県,2219,2639,-420,2026-07-04T15:37:29.282165+00:00
2023-10,25000,滋賀県,2074,2060,14,2026-07-04T15:37:29.282165+00:00
2023-10,26000,京都府,3989,4086,-97,2026-07-04T15:37:29.282165+00:00
2023-10,27000,大阪府,12245,11852,393,2026-07-04T15:37:29.282165+00:00
2023-10,28000,兵庫県,6579,6905,-326,2026-07-04T15:37:29.282165+00:00
2023-10,29000,奈良県,1648,1659,-11,2026-07-04T15:37:29.282165+00:00
2023-10,30000,和歌山県,876,926,-50,2026-07-04T15:37:29.282165+00:00
2023-10,31000,鳥取県,603,646,-43,2026-07-04T15:37:29.282165+00:00
2023-10,32000,島根県,718,749,-31,2026-07-04T15:37:29.282165+00:00
2023-10,33000,岡山県,1974,2084,-110,2026-07-04T15:37:29.282165+00:00
2023-10,34000,広島県,2832,3866,-1034,2026-07-04T15:37:29.282165+00:00
2023-10,35000,山口県,1591,1582,9,2026-07-04T15:37:29.282165+00:00
2023-10,36000,徳島県,666,757,-91,2026-07-04T15:37:29.282165+00:00
2023-10,37000,香川県,1111,1239,-128,2026-07-04T15:37:29.282165+00:00
2023-10,38000,愛媛県,1112,1405,-293,2026-07-04T15:37:29.282165+00:00
2023-10,39000,高知県,557,628,-71,2026-07-04T15:37:29.282165+00:00
2023-10,40000,福岡県,6724,6693,31,2026-07-04T15:37:29.282165+00:00
2023-10,41000,佐賀県,1065,1073,-8,2026-07-04T15:37:29.282165+00:00
2023-10,42000,長崎県,1625,1509,116,2026-07-04T15:37:29.282165+00:00
2023-10,43000,熊本県,2048,1933,115,2026-07-04T15:37:29.282165+00:00
2023-10,44000,大分県,1267,1410,-143,2026-07-04T15:37:29.282165+00:00
2023-10,45000,宮崎県,1317,1252,65,2026-07-04T15:37:29.282165+00:00
2023-10,46000,鹿児島県,1766,1681,85,2026-07-04T15:37:29.282165+00:00
2023-10,47000,沖縄県,1947,1804,143,2026-07-04T15:37:29.282165+00:00
2023-11,01000,北海道,2812,3344,-532,2026-07-04T15:37:29.282165+00:00
2023-11,02000,青森県,913,1004,-91,2026-07-04T15:37:29.282165+00:00
2023-11,03000,岩手県,894,930,-36,2026-07-04T15:37:29.282165+00:00
2023-11,04000,宮城県,2074,2093,-19,2026-07-04T15:37:29.282165+00:00
2023-11,05000,秋田県,510,626,-116,2026-07-04T15:37:29.282165+00:00
2023-11,06000,山形県,686,724,-38,2026-07-04T15:37:29.282165+00:00
2023-11,07000,福島県,1330,1551,-221,2026-07-04T15:37:29.282165+00:00
2023-11,08000,茨城県,3612,3622,-10,2026-07-04T15:37:29.282165+00:00
2023-11,09000,栃木県,2325,2167,158,2026-07-04T15:37:29.282165+00:00
2023-11,10000,群馬県,2399,2433,-34,2026-07-04T15:37:29.282165+00:00
2023-11,11000,埼玉県,12366,10552,1814,2026-07-04T15:37:29.282165+00:00
2023-11,12000,千葉県,10069,10050,19,2026-07-04T15:37:29.282165+00:00
2023-11,13000,東京都,25786,25057,729,2026-07-04T15:37:29.282165+00:00
2023-11,14000,神奈川県,13921,13162,759,2026-07-04T15:37:29.282165+00:00
2023-11,15000,新潟県,1197,1308,-111,2026-07-04T15:37:29.282165+00:00
2023-11,16000,富山県,797,784,13,2026-07-04T15:37:29.282165+00:00
2023-11,17000,石川県,1012,1064,-52,2026-07-04T15:37:29.282165+00:00
2023-11,18000,福井県,647,709,-62,2026-07-04T15:37:29.282165+00:00
2023-11,19000,山梨県,856,829,27,2026-07-04T15:37:29.282165+00:00
2023-11,20000,長野県,1725,2025,-300,2026-07-04T15:37:29.282165+00:00
2023-11,21000,岐阜県,2168,2255,-87,2026-07-04T15:37:29.282165+00:00
2023-11,22000,静岡県,3311,3437,-126,2026-07-04T15:37:29.282165+00:00
2023-11,23000,愛知県,6853,7305,-452,2026-07-04T15:37:29.282165+00:00
2023-11,24000,三重県,1952,2236,-284,2026-07-04T15:37:29.282165+00:00
2023-11,25000,滋賀県,1707,1710,-3,2026-07-04T15:37:29.282165+00:00
2023-11,26000,京都府,3008,3289,-281,2026-07-04T15:37:29.282165+00:00
2023-11,27000,大阪府,9997,9853,144,2026-07-04T15:37:29.282165+00:00
2023-11,28000,兵庫県,5180,5499,-319,2026-07-04T15:37:29.282165+00:00
2023-11,29000,奈良県,1503,1440,63,2026-07-04T15:37:29.282165+00:00
2023-11,30000,和歌山県,752,736,16,2026-07-04T15:37:29.282165+00:00
2023-11,31000,鳥取県,469,455,14,2026-07-04T15:37:29.282165+00:00
2023-11,32000,島根県,581,519,62,2026-07-04T15:37:29.282165+00:00
2023-11,33000,岡山県,1519,1827,-308,2026-07-04T15:37:29.282165+00:00
2023-11,34000,広島県,2145,2765,-620,2026-07-04T15:37:29.282165+00:00
2023-11,35000,山口県,1110,1257,-147,2026-07-04T15:37:29.282165+00:00
2023-11,36000,徳島県,447,522,-75,2026-07-04T15:37:29.282165+00:00
2023-11,37000,香川県,841,873,-32,2026-07-04T15:37:29.282165+00:00
2023-11,38000,愛媛県,901,994,-93,2026-07-04T15:37:29.282165+00:00
2023-11,39000,高知県,484,464,20,2026-07-04T15:37:29.282165+00:00
2023-11,40000,福岡県,5190,4897,293,2026-07-04T15:37:29.282165+00:00
2023-11,41000,佐賀県,903,851,52,2026-07-04T15:37:29.282165+00:00
2023-11,42000,長崎県,1078,1243,-165,2026-07-04T15:37:29.282165+00:00
2023-11,43000,熊本県,1531,1468,63,2026-07-04T15:37:29.282165+00:00
2023-11,44000,大分県,959,1173,-214,2026-07-04T15:37:29.282165+00:00
2023-11,45000,宮崎県,1135,821,314,2026-07-04T15:37:29.282165+00:00
2023-11,46000,鹿児島県,1478,1362,116,2026-07-04T15:37:29.282165+00:00
2023-11,47000,沖縄県,1642,1490,152,2026-07-04T15:37:29.282165+00:00
2023-12,01000,北海道,2851,3169,-318,2026-07-04T15:37:29.282165+00:00
2023-12,02000,青森県,865,955,-90,2026-07-04T15:37:29.282165+00:00
2023-12,03000,岩手県,811,932,-121,2026-07-04T15:37:29.282165+00:00
2023-12,04000,宮城県,2213,2208,5,2026-07-04T15:37:29.282165+00:00
2023-12,05000,秋田県,515,601,-86,2026-07-04T15:37:29.282165+00:00
2023-12,06000,山形県,670,780,-110,2026-07-04T15:37:29.282165+00:00
2023-12,07000,福島県,1393,1537,-144,2026-07-04T15:37:29.282165+00:00
2023-12,08000,茨城県,3665,3726,-61,2026-07-04T15:37:29.282165+00:00
2023-12,09000,栃木県,2287,2282,5,2026-07-04T15:37:29.282165+00:00
2023-12,10000,群馬県,2350,2331,19,2026-07-04T15:37:29.282165+00:00
2023-12,11000,埼玉県,12526,11073,1453,2026-07-04T15:37:29.282165+00:00
2023-12,12000,千葉県,9888,10481,-593,2026-07-04T15:37:29.282165+00:00
2023-12,13000,東京都,26698,26391,307,2026-07-04T15:37:29.282165+00:00
2023-12,14000,神奈川県,14804,14161,643,2026-07-04T15:37:29.282165+00:00
2023-12,15000,新潟県,1206,1344,-138,2026-07-04T15:37:29.282165+00:00
2023-12,16000,富山県,774,867,-93,2026-07-04T15:37:29.282165+00:00
2023-12,17000,石川県,961,1167,-206,2026-07-04T15:37:29.282165+00:00
2023-12,18000,福井県,646,689,-43,2026-07-04T15:37:29.282165+00:00
2023-12,19000,山梨県,933,861,72,2026-07-04T15:37:29.282165+00:00
2023-12,20000,長野県,1885,1788,97,2026-07-04T15:37:29.282165+00:00
2023-12,21000,岐阜県,2174,2176,-2,2026-07-04T15:37:29.282165+00:00
2023-12,22000,静岡県,3518,3672,-154,2026-07-04T15:37:29.282165+00:00
2023-12,23000,愛知県,7090,7848,-758,2026-07-04T15:37:29.282165+00:00
2023-12,24000,三重県,1888,1991,-103,2026-07-04T15:37:29.282165+00:00
2023-12,25000,滋賀県,1945,1901,44,2026-07-04T15:37:29.282165+00:00
2023-12,26000,京都府,3362,3684,-322,2026-07-04T15:37:29.282165+00:00
2023-12,27000,大阪府,11077,10400,677,2026-07-04T15:37:29.282165+00:00
2023-12,28000,兵庫県,5640,5834,-194,2026-07-04T15:37:29.282165+00:00
2023-12,29000,奈良県,1719,1738,-19,2026-07-04T15:37:29.282165+00:00
2023-12,30000,和歌山県,759,750,9,2026-07-04T15:37:29.282165+00:00
2023-12,31000,鳥取県,486,495,-9,2026-07-04T15:37:29.282165+00:00
2023-12,32000,島根県,594,579,15,2026-07-04T15:37:29.282165+00:00
2023-12,33000,岡山県,1671,1737,-66,2026-07-04T15:37:29.282165+00:00
2023-12,34000,広島県,2280,2948,-668,2026-07-04T15:37:29.282165+00:00
2023-12,35000,山口県,1357,1238,119,2026-07-04T15:37:29.282165+00:00
2023-12,36000,徳島県,625,637,-12,2026-07-04T15:37:29.282165+00:00
2023-12,37000,香川県,808,945,-137,2026-07-04T15:37:29.282165+00:00
2023-12,38000,愛媛県,936,1035,-99,2026-07-04T15:37:29.282165+00:00
2023-12,39000,高知県,482,503,-21,2026-07-04T15:37:29.282165+00:00
2023-12,40000,福岡県,5559,5060,499,2026-07-04T15:37:29.282165+00:00
2023-12,41000,佐賀県,1071,1017,54,2026-07-04T15:37:29.282165+00:00
2023-12,42000,長崎県,1216,1354,-138,2026-07-04T15:37:29.282165+00:00
2023-12,43000,熊本県,1713,1564,149,2026-07-04T15:37:29.282165+00:00
2023-12,44000,大分県,1029,1149,-120,2026-07-04T15:37:29.282165+00:00
2023-12,45000,宮崎県,1115,907,208,2026-07-04T15:37:29.282165+00:00
2023-12,46000,鹿児島県,1575,1381,194,2026-07-04T15:37:29.282165+00:00
2023-12,47000,沖縄県,1786,1530,256,2026-07-04T15:37:29.282165+00:00
2024-01,01000,北海道,2715,2927,-212,2026-07-04T15:37:29.282165+00:00
2024-01,02000,青森県,790,1044,-254,2026-07-04T15:37:29.282165+00:00
2024-01,03000,岩手県,827,1093,-266,2026-07-04T15:37:29.282165+00:00
2024-01,04000,宮城県,2206,2392,-186,2026-07-04T15:37:29.282165+00:00
2024-01,05000,秋田県,520,693,-173,2026-07-04T15:37:29.282165+00:00
2024-01,06000,山形県,631,764,-133,2026-07-04T15:37:29.282165+00:00
2024-01,07000,福島県,1389,1744,-355,2026-07-04T15:37:29.282165+00:00
2024-01,08000,茨城県,3463,3828,-365,2026-07-04T15:37:29.282165+00:00
2024-01,09000,栃木県,2578,2513,65,2026-07-04T15:37:29.282165+00:00
2024-01,10000,群馬県,2466,2415,51,2026-07-04T15:37:29.282165+00:00
2024-01,11000,埼玉県,12235,10538,1697,2026-07-04T15:37:29.282165+00:00
2024-01,12000,千葉県,10206,10428,-222,2026-07-04T15:37:29.282165+00:00
2024-01,13000,東京都,27962,24390,3572,2026-07-04T15:37:29.282165+00:00
2024-01,14000,神奈川県,14337,13247,1090,2026-07-04T15:37:29.282165+00:00
2024-01,15000,新潟県,1150,1469,-319,2026-07-04T15:37:29.282165+00:00
2024-01,16000,富山県,746,923,-177,2026-07-04T15:37:29.282165+00:00
2024-01,17000,石川県,960,1352,-392,2026-07-04T15:37:29.282165+00:00
2024-01,18000,福井県,696,693,3,2026-07-04T15:37:29.282165+00:00
2024-01,19000,山梨県,1001,944,57,2026-07-04T15:37:29.282165+00:00
2024-01,20000,長野県,1757,1776,-19,2026-07-04T15:37:29.282165+00:00
2024-01,21000,岐阜県,2211,2234,-23,2026-07-04T15:37:29.282165+00:00
2024-01,22000,静岡県,3744,3992,-248,2026-07-04T15:37:29.282165+00:00
2024-01,23000,愛知県,7885,8541,-656,2026-07-04T15:37:29.282165+00:00
2024-01,24000,三重県,2032,2318,-286,2026-07-04T15:37:29.282165+00:00
2024-01,25000,滋賀県,1855,1987,-132,2026-07-04T15:37:29.282165+00:00
2024-01,26000,京都府,3301,3520,-219,2026-07-04T15:37:29.282165+00:00
2024-01,27000,大阪府,11240,10177,1063,2026-07-04T15:37:29.282165+00:00
2024-01,28000,兵庫県,5547,6113,-566,2026-07-04T15:37:29.282165+00:00
2024-01,29000,奈良県,1391,1417,-26,2026-07-04T15:37:29.282165+00:00
2024-01,30000,和歌山県,821,809,12,2026-07-04T15:37:29.282165+00:00
2024-01,31000,鳥取県,533,553,-20,2026-07-04T15:37:29.282165+00:00
2024-01,32000,島根県,583,750,-167,2026-07-04T15:37:29.282165+00:00
2024-01,33000,岡山県,1596,2044,-448,2026-07-04T15:37:29.282165+00:00
2024-01,34000,広島県,2378,3179,-801,2026-07-04T15:37:29.282165+00:00
2024-01,35000,山口県,1318,1480,-162,2026-07-04T15:37:29.282165+00:00
2024-01,36000,徳島県,584,713,-129,2026-07-04T15:37:29.282165+00:00
2024-01,37000,香川県,1001,990,11,2026-07-04T15:37:29.282165+00:00
2024-01,38000,愛媛県,990,1317,-327,2026-07-04T15:37:29.282165+00:00
2024-01,39000,高知県,514,584,-70,2026-07-04T15:37:29.282165+00:00
2024-01,40000,福岡県,5855,5974,-119,2026-07-04T15:37:29.282165+00:00
2024-01,41000,佐賀県,1016,1046,-30,2026-07-04T15:37:29.282165+00:00
2024-01,42000,長崎県,1281,1396,-115,2026-07-04T15:37:29.282165+00:00
2024-01,43000,熊本県,1755,1861,-106,2026-07-04T15:37:29.282165+00:00
2024-01,44000,大分県,1157,1421,-264,2026-07-04T15:37:29.282165+00:00
2024-01,45000,宮崎県,1210,1055,155,2026-07-04T15:37:29.282165+00:00
2024-01,46000,鹿児島県,1486,1553,-67,2026-07-04T15:37:29.282165+00:00
2024-01,47000,沖縄県,1820,1542,278,2026-07-04T15:37:29.282165+00:00
2024-02,01000,北海道,2761,3202,-441,2026-07-04T15:37:29.282165+00:00
2024-02,02000,青森県,807,1071,-264,2026-07-04T15:37:29.282165+00:00
2024-02,03000,岩手県,807,1066,-259,2026-07-04T15:37:29.282165+00:00
2024-02,04000,宮城県,2231,2547,-316,2026-07-04T15:37:29.282165+00:00
2024-02,05000,秋田県,643,691,-48,2026-07-04T15:37:29.282165+00:00
2024-02,06000,山形県,727,909,-182,2026-07-04T15:37:29.282165+00:00
2024-02,07000,福島県,1498,1754,-256,2026-07-04T15:37:29.282165+00:00
2024-02,08000,茨城県,3694,4089,-395,2026-07-04T15:37:29.282165+00:00
2024-02,09000,栃木県,2393,2614,-221,2026-07-04T15:37:29.282165+00:00
2024-02,10000,群馬県,2657,2522,135,2026-07-04T15:37:29.282165+00:00
2024-02,11000,埼玉県,12793,11648,1145,2026-07-04T15:37:29.282165+00:00
2024-02,12000,千葉県,10884,11114,-230,2026-07-04T15:37:29.282165+00:00
2024-02,13000,東京都,31029,26579,4450,2026-07-04T15:37:29.282165+00:00
2024-02,14000,神奈川県,15460,14293,1167,2026-07-04T15:37:29.282165+00:00
2024-02,15000,新潟県,1332,1645,-313,2026-07-04T15:37:29.282165+00:00
2024-02,16000,富山県,810,936,-126,2026-07-04T15:37:29.282165+00:00
2024-02,17000,石川県,1074,1641,-567,2026-07-04T15:37:29.282165+00:00
2024-02,18000,福井県,745,780,-35,2026-07-04T15:37:29.282165+00:00
2024-02,19000,山梨県,1034,1265,-231,2026-07-04T15:37:29.282165+00:00
2024-02,20000,長野県,1867,2056,-189,2026-07-04T15:37:29.282165+00:00
2024-02,21000,岐阜県,2280,2357,-77,2026-07-04T15:37:29.282165+00:00
2024-02,22000,静岡県,3767,3903,-136,2026-07-04T15:37:29.282165+00:00
2024-02,23000,愛知県,7744,8358,-614,2026-07-04T15:37:29.282165+00:00
2024-02,24000,三重県,2022,2455,-433,2026-07-04T15:37:29.282165+00:00
2024-02,25000,滋賀県,2102,2092,10,2026-07-04T15:37:29.282165+00:00
2024-02,26000,京都府,3592,4335,-743,2026-07-04T15:37:29.282165+00:00
2024-02,27000,大阪府,12156,10897,1259,2026-07-04T15:37:29.282165+00:00
2024-02,28000,兵庫県,6086,6233,-147,2026-07-04T15:37:29.282165+00:00
2024-02,29000,奈良県,1670,1778,-108,2026-07-04T15:37:29.282165+00:00
2024-02,30000,和歌山県,795,960,-165,2026-07-04T15:37:29.282165+00:00
2024-02,31000,鳥取県,472,503,-31,2026-07-04T15:37:29.282165+00:00
2024-02,32000,島根県,724,800,-76,2026-07-04T15:37:29.282165+00:00
2024-02,33000,岡山県,1829,2220,-391,2026-07-04T15:37:29.282165+00:00
2024-02,34000,広島県,2776,3259,-483,2026-07-04T15:37:29.282165+00:00
2024-02,35000,山口県,1371,1538,-167,2026-07-04T15:37:29.282165+00:00
2024-02,36000,徳島県,606,796,-190,2026-07-04T15:37:29.282165+00:00
2024-02,37000,香川県,1028,1195,-167,2026-07-04T15:37:29.282165+00:00
2024-02,38000,愛媛県,1175,1454,-279,2026-07-04T15:37:29.282165+00:00
2024-02,39000,高知県,522,738,-216,2026-07-04T15:37:29.282165+00:00
2024-02,40000,福岡県,6278,6027,251,2026-07-04T15:37:29.282165+00:00
2024-02,41000,佐賀県,1040,987,53,2026-07-04T15:37:29.282165+00:00
2024-02,42000,長崎県,1247,1456,-209,2026-07-04T15:37:29.282165+00:00
2024-02,43000,熊本県,1775,1914,-139,2026-07-04T15:37:29.282165+00:00
2024-02,44000,大分県,1257,1502,-245,2026-07-04T15:37:29.282165+00:00
2024-02,45000,宮崎県,1367,1056,311,2026-07-04T15:37:29.282165+00:00
2024-02,46000,鹿児島県,1649,1572,77,2026-07-04T15:37:29.282165+00:00
2024-02,47000,沖縄県,1854,1623,231,2026-07-04T15:37:29.282165+00:00
2024-03,01000,北海道,9483,14453,-4970,2026-07-04T15:37:29.282165+00:00
2024-03,02000,青森県,2814,5931,-3117,2026-07-04T15:37:29.282165+00:00
2024-03,03000,岩手県,2973,5282,-2309,2026-07-04T15:37:29.282165+00:00
2024-03,04000,宮城県,9860,11626,-1766,2026-07-04T15:37:29.282165+00:00
2024-03,05000,秋田県,1793,3698,-1905,2026-07-04T15:37:29.282165+00:00
2024-03,06000,山形県,2406,4525,-2119,2026-07-04T15:37:29.282165+00:00
2024-03,07000,福島県,4319,7496,-3177,2026-07-04T15:37:29.282165+00:00
2024-03,08000,茨城県,9938,11842,-1904,2026-07-04T15:37:29.282165+00:00
2024-03,09000,栃木県,6687,8117,-1430,2026-07-04T15:37:29.282165+00:00
2024-03,10000,群馬県,6272,7593,-1321,2026-07-04T15:37:29.282165+00:00
2024-03,11000,埼玉県,34146,26261,7885,2026-07-04T15:37:29.282165+00:00
2024-03,12000,千葉県,33012,24393,8619,2026-07-04T15:37:29.282165+00:00
2024-03,13000,東京都,99101,57793,41308,2026-07-04T15:37:29.282165+00:00
2024-03,14000,神奈川県,47135,32679,14456,2026-07-04T15:37:29.282165+00:00
2024-03,15000,新潟県,4437,7679,-3242,2026-07-04T15:37:29.282165+00:00
2024-03,16000,富山県,2725,3706,-981,2026-07-04T15:37:29.282165+00:00
2024-03,17000,石川県,3033,5184,-2151,2026-07-04T15:37:29.282165+00:00
2024-03,18000,福井県,2105,2776,-671,2026-07-04T15:37:29.282165+00:00
2024-03,19000,山梨県,2747,3489,-742,2026-07-04T15:37:29.282165+00:00
2024-03,20000,長野県,5889,7725,-1836,2026-07-04T15:37:29.282165+00:00
2024-03,21000,岐阜県,5186,7735,-2549,2026-07-04T15:37:29.282165+00:00
2024-03,22000,静岡県,10986,14408,-3422,2026-07-04T15:37:29.282165+00:00
2024-03,23000,愛知県,24840,25192,-352,2026-07-04T15:37:29.282165+00:00
2024-03,24000,三重県,4942,6980,-2038,2026-07-04T15:37:29.282165+00:00
2024-03,25000,滋賀県,5420,6322,-902,2026-07-04T15:37:29.282165+00:00
2024-03,26000,京都府,12561,13863,-1302,2026-07-04T15:37:29.282165+00:00
2024-03,27000,大阪府,36827,31153,5674,2026-07-04T15:37:29.282165+00:00
2024-03,28000,兵庫県,18631,21002,-2371,2026-07-04T15:37:29.282165+00:00
2024-03,29000,奈良県,4137,5444,-1307,2026-07-04T15:37:29.282165+00:00
2024-03,30000,和歌山県,1955,3226,-1271,2026-07-04T15:37:29.282165+00:00
2024-03,31000,鳥取県,1433,2502,-1069,2026-07-04T15:37:29.282165+00:00
2024-03,32000,島根県,1865,2977,-1112,2026-07-04T15:37:29.282165+00:00
2024-03,33000,岡山県,5635,7809,-2174,2026-07-04T15:37:29.282165+00:00
2024-03,34000,広島県,8923,12490,-3567,2026-07-04T15:37:29.282165+00:00
2024-03,35000,山口県,3576,6027,-2451,2026-07-04T15:37:29.282165+00:00
2024-03,36000,徳島県,1689,2924,-1235,2026-07-04T15:37:29.282165+00:00
2024-03,37000,香川県,3229,4444,-1215,2026-07-04T15:37:29.282165+00:00
2024-03,38000,愛媛県,3295,5273,-1978,2026-07-04T15:37:29.282165+00:00
2024-03,39000,高知県,1508,3212,-1704,2026-07-04T15:37:29.282165+00:00
2024-03,40000,福岡県,22429,21633,796,2026-07-04T15:37:29.282165+00:00
2024-03,41000,佐賀県,2913,4096,-1183,2026-07-04T15:37:29.282165+00:00
2024-03,42000,長崎県,4843,7204,-2361,2026-07-04T15:37:29.282165+00:00
2024-03,43000,熊本県,5644,7401,-1757,2026-07-04T15:37:29.282165+00:00
2024-03,44000,大分県,3490,4662,-1172,2026-07-04T15:37:29.282165+00:00
2024-03,45000,宮崎県,3849,4965,-1116,2026-07-04T15:37:29.282165+00:00
2024-03,46000,鹿児島県,4534,7386,-2852,2026-07-04T15:37:29.282165+00:00
2024-03,47000,沖縄県,4571,7208,-2637,2026-07-04T15:37:29.282165+00:00
2024-04,01000,北海道,10519,11031,-512,2026-07-04T15:37:29.282165+00:00
2024-04,02000,青森県,2818,4330,-1512,2026-07-04T15:37:29.282165+00:00
2024-04,03000,岩手県,2899,3972,-1073,2026-07-04T15:37:29.282165+00:00
2024-04,04000,宮城県,8820,9148,-328,2026-07-04T15:37:29.282165+00:00
2024-04,05000,秋田県,2039,2817,-778,2026-07-04T15:37:29.282165+00:00
2024-04,06000,山形県,2342,3010,-668,2026-07-04T15:37:29.282165+00:00
2024-04,07000,福島県,4169,5238,-1069,2026-07-04T15:37:29.282165+00:00
2024-04,08000,茨城県,8343,9208,-865,2026-07-04T15:37:29.282165+00:00
2024-04,09000,栃木県,5428,5930,-502,2026-07-04T15:37:29.282165+00:00
2024-04,10000,群馬県,5176,5605,-429,2026-07-04T15:37:29.282165+00:00
2024-04,11000,埼玉県,24510,22267,2243,2026-07-04T15:37:29.282165+00:00
2024-04,12000,千葉県,23523,20495,3028,2026-07-04T15:37:29.282165+00:00
2024-04,13000,東京都,67317,54705,12612,2026-07-04T15:37:29.282165+00:00
2024-04,14000,神奈川県,34350,28350,6000,2026-07-04T15:37:29.282165+00:00
2024-04,15000,新潟県,4338,5373,-1035,2026-07-04T15:37:29.282165+00:00
2024-04,16000,富山県,2224,2746,-522,2026-07-04T15:37:29.282165+00:00
2024-04,17000,石川県,3882,3881,1,2026-07-04T15:37:29.282165+00:00
2024-04,18000,福井県,1561,2153,-592,2026-07-04T15:37:29.282165+00:00
2024-04,19000,山梨県,2891,2452,439,2026-07-04T15:37:29.282165+00:00
2024-04,20000,長野県,5306,5593,-287,2026-07-04T15:37:29.282165+00:00
2024-04,21000,岐阜県,4193,5528,-1335,2026-07-04T15:37:29.282165+00:00
2024-04,22000,静岡県,8567,10046,-1479,2026-07-04T15:37:29.282165+00:00
2024-04,23000,愛知県,18385,20557,-2172,2026-07-04T15:37:29.282165+00:00
2024-04,24000,三重県,4449,5246,-797,2026-07-04T15:37:29.282165+00:00
2024-04,25000,滋賀県,4535,4139,396,2026-07-04T15:37:29.282165+00:00
2024-04,26000,京都府,10325,9329,996,2026-07-04T15:37:29.282165+00:00
2024-04,27000,大阪府,27308,25881,1427,2026-07-04T15:37:29.282165+00:00
2024-04,28000,兵庫県,14444,15766,-1322,2026-07-04T15:37:29.282165+00:00
2024-04,29000,奈良県,3785,3620,165,2026-07-04T15:37:29.282165+00:00
2024-04,30000,和歌山県,1930,2389,-459,2026-07-04T15:37:29.282165+00:00
2024-04,31000,鳥取県,1684,2023,-339,2026-07-04T15:37:29.282165+00:00
2024-04,32000,島根県,2243,2294,-51,2026-07-04T15:37:29.282165+00:00
2024-04,33000,岡山県,4875,5738,-863,2026-07-04T15:37:29.282165+00:00
2024-04,34000,広島県,8404,9692,-1288,2026-07-04T15:37:29.282165+00:00
2024-04,35000,山口県,4866,4385,481,2026-07-04T15:37:29.282165+00:00
2024-04,36000,徳島県,1598,2056,-458,2026-07-04T15:37:29.282165+00:00
2024-04,37000,香川県,2978,3613,-635,2026-07-04T15:37:29.282165+00:00
2024-04,38000,愛媛県,3163,4179,-1016,2026-07-04T15:37:29.282165+00:00
2024-04,39000,高知県,1820,2175,-355,2026-07-04T15:37:29.282165+00:00
2024-04,40000,福岡県,18806,17972,834,2026-07-04T15:37:29.282165+00:00
2024-04,41000,佐賀県,2478,2990,-512,2026-07-04T15:37:29.282165+00:00
2024-04,42000,長崎県,4086,5375,-1289,2026-07-04T15:37:29.282165+00:00
2024-04,43000,熊本県,5210,5762,-552,2026-07-04T15:37:29.282165+00:00
2024-04,44000,大分県,3331,4001,-670,2026-07-04T15:37:29.282165+00:00
2024-04,45000,宮崎県,3233,3985,-752,2026-07-04T15:37:29.282165+00:00
2024-04,46000,鹿児島県,5118,6451,-1333,2026-07-04T15:37:29.282165+00:00
2024-04,47000,沖縄県,5196,5969,-773,2026-07-04T15:37:29.282165+00:00
2024-05,01000,北海道,4003,3815,188,2026-07-04T15:37:29.282165+00:00
2024-05,02000,青森県,1076,1166,-90,2026-07-04T15:37:29.282165+00:00
2024-05,03000,岩手県,1089,1300,-211,2026-07-04T15:37:29.282165+00:00
2024-05,04000,宮城県,2984,3159,-175,2026-07-04T15:37:29.282165+00:00
2024-05,05000,秋田県,760,820,-60,2026-07-04T15:37:29.282165+00:00
2024-05,06000,山形県,838,934,-96,2026-07-04T15:37:29.282165+00:00
2024-05,07000,福島県,1601,1997,-396,2026-07-04T15:37:29.282165+00:00
2024-05,08000,茨城県,4225,4398,-173,2026-07-04T15:37:29.282165+00:00
2024-05,09000,栃木県,2968,2825,143,2026-07-04T15:37:29.282165+00:00
2024-05,10000,群馬県,2821,2783,38,2026-07-04T15:37:29.282165+00:00
2024-05,11000,埼玉県,14404,13178,1226,2026-07-04T15:37:29.282165+00:00
2024-05,12000,千葉県,12029,12382,-353,2026-07-04T15:37:29.282165+00:00
2024-05,13000,東京都,34520,29564,4956,2026-07-04T15:37:29.282165+00:00
2024-05,14000,神奈川県,17488,16190,1298,2026-07-04T15:37:29.282165+00:00
2024-05,15000,新潟県,1549,1777,-228,2026-07-04T15:37:29.282165+00:00
2024-05,16000,富山県,978,1154,-176,2026-07-04T15:37:29.282165+00:00
2024-05,17000,石川県,1323,1563,-240,2026-07-04T15:37:29.282165+00:00
2024-05,18000,福井県,720,863,-143,2026-07-04T15:37:29.282165+00:00
2024-05,19000,山梨県,1180,1052,128,2026-07-04T15:37:29.282165+00:00
2024-05,20000,長野県,2276,2196,80,2026-07-04T15:37:29.282165+00:00
2024-05,21000,岐阜県,2264,2798,-534,2026-07-04T15:37:29.282165+00:00
2024-05,22000,静岡県,3964,4287,-323,2026-07-04T15:37:29.282165+00:00
2024-05,23000,愛知県,9309,9511,-202,2026-07-04T15:37:29.282165+00:00
2024-05,24000,三重県,2353,2806,-453,2026-07-04T15:37:29.282165+00:00
2024-05,25000,滋賀県,2273,2292,-19,2026-07-04T15:37:29.282165+00:00
2024-05,26000,京都府,4016,4652,-636,2026-07-04T15:37:29.282165+00:00
2024-05,27000,大阪府,14170,13380,790,2026-07-04T15:37:29.282165+00:00
2024-05,28000,兵庫県,6861,7769,-908,2026-07-04T15:37:29.282165+00:00
2024-05,29000,奈良県,1615,2039,-424,2026-07-04T15:37:29.282165+00:00
2024-05,30000,和歌山県,816,1081,-265,2026-07-04T15:37:29.282165+00:00
2024-05,31000,鳥取県,481,661,-180,2026-07-04T15:37:29.282165+00:00
2024-05,32000,島根県,670,725,-55,2026-07-04T15:37:29.282165+00:00
2024-05,33000,岡山県,1974,2195,-221,2026-07-04T15:37:29.282165+00:00
2024-05,34000,広島県,3053,3743,-690,2026-07-04T15:37:29.282165+00:00
2024-05,35000,山口県,1472,1753,-281,2026-07-04T15:37:29.282165+00:00
2024-05,36000,徳島県,619,792,-173,2026-07-04T15:37:29.282165+00:00
2024-05,37000,香川県,1106,1212,-106,2026-07-04T15:37:29.282165+00:00
2024-05,38000,愛媛県,1191,1390,-199,2026-07-04T15:37:29.282165+00:00
2024-05,39000,高知県,550,704,-154,2026-07-04T15:37:29.282165+00:00
2024-05,40000,福岡県,7130,6968,162,2026-07-04T15:37:29.282165+00:00
2024-05,41000,佐賀県,1123,1236,-113,2026-07-04T15:37:29.282165+00:00
2024-05,42000,長崎県,1421,1601,-180,2026-07-04T15:37:29.282165+00:00
2024-05,43000,熊本県,1933,2153,-220,2026-07-04T15:37:29.282165+00:00
2024-05,44000,大分県,1325,1514,-189,2026-07-04T15:37:29.282165+00:00
2024-05,45000,宮崎県,1195,1179,16,2026-07-04T15:37:29.282165+00:00
2024-05,46000,鹿児島県,1563,1910,-347,2026-07-04T15:37:29.282165+00:00
2024-05,47000,沖縄県,1907,1719,188,2026-07-04T15:37:29.282165+00:00
2024-06,01000,北海道,3185,3073,112,2026-07-04T15:37:29.282165+00:00
2024-06,02000,青森県,896,949,-53,2026-07-04T15:37:29.282165+00:00
2024-06,03000,岩手県,910,1106,-196,2026-07-04T15:37:29.282165+00:00
2024-06,04000,宮城県,2520,2328,192,2026-07-04T15:37:29.282165+00:00
2024-06,05000,秋田県,585,600,-15,2026-07-04T15:37:29.282165+00:00
2024-06,06000,山形県,625,777,-152,2026-07-04T15:37:29.282165+00:00
2024-06,07000,福島県,1407,1708,-301,2026-07-04T15:37:29.282165+00:00
2024-06,08000,茨城県,3450,3814,-364,2026-07-04T15:37:29.282165+00:00
2024-06,09000,栃木県,2742,2306,436,2026-07-04T15:37:29.282165+00:00
2024-06,10000,群馬県,2361,2170,191,2026-07-04T15:37:29.282165+00:00
2024-06,11000,埼玉県,12276,11344,932,2026-07-04T15:37:29.282165+00:00
2024-06,12000,千葉県,10330,10909,-579,2026-07-04T15:37:29.282165+00:00
2024-06,13000,東京都,28450,25665,2785,2026-07-04T15:37:29.282165+00:00
2024-06,14000,神奈川県,14629,14130,499,2026-07-04T15:37:29.282165+00:00
2024-06,15000,新潟県,1278,1451,-173,2026-07-04T15:37:29.282165+00:00
2024-06,16000,富山県,878,847,31,2026-07-04T15:37:29.282165+00:00
2024-06,17000,石川県,1052,1205,-153,2026-07-04T15:37:29.282165+00:00
2024-06,18000,福井県,617,743,-126,2026-07-04T15:37:29.282165+00:00
2024-06,19000,山梨県,976,897,79,2026-07-04T15:37:29.282165+00:00
2024-06,20000,長野県,1871,1775,96,2026-07-04T15:37:29.282165+00:00
2024-06,21000,岐阜県,2095,2246,-151,2026-07-04T15:37:29.282165+00:00
2024-06,22000,静岡県,3382,3548,-166,2026-07-04T15:37:29.282165+00:00
2024-06,23000,愛知県,7209,8059,-850,2026-07-04T15:37:29.282165+00:00
2024-06,24000,三重県,1901,2344,-443,2026-07-04T15:37:29.282165+00:00
2024-06,25000,滋賀県,2084,1818,266,2026-07-04T15:37:29.282165+00:00
2024-06,26000,京都府,3198,3700,-502,2026-07-04T15:37:29.282165+00:00
2024-06,27000,大阪府,11520,10562,958,2026-07-04T15:37:29.282165+00:00
2024-06,28000,兵庫県,5593,6011,-418,2026-07-04T15:37:29.282165+00:00
2024-06,29000,奈良県,1497,1610,-113,2026-07-04T15:37:29.282165+00:00
2024-06,30000,和歌山県,722,822,-100,2026-07-04T15:37:29.282165+00:00
2024-06,31000,鳥取県,474,477,-3,2026-07-04T15:37:29.282165+00:00
2024-06,32000,島根県,496,653,-157,2026-07-04T15:37:29.282165+00:00
2024-06,33000,岡山県,1795,1998,-203,2026-07-04T15:37:29.282165+00:00
2024-06,34000,広島県,2524,3021,-497,2026-07-04T15:37:29.282165+00:00
2024-06,35000,山口県,1278,1534,-256,2026-07-04T15:37:29.282165+00:00
2024-06,36000,徳島県,480,545,-65,2026-07-04T15:37:29.282165+00:00
2024-06,37000,香川県,954,1045,-91,2026-07-04T15:37:29.282165+00:00
2024-06,38000,愛媛県,877,1131,-254,2026-07-04T15:37:29.282165+00:00
2024-06,39000,高知県,442,519,-77,2026-07-04T15:37:29.282165+00:00
2024-06,40000,福岡県,5599,5607,-8,2026-07-04T15:37:29.282165+00:00
2024-06,41000,佐賀県,884,959,-75,2026-07-04T15:37:29.282165+00:00
2024-06,42000,長崎県,1193,1322,-129,2026-07-04T15:37:29.282165+00:00
2024-06,43000,熊本県,1753,1616,137,2026-07-04T15:37:29.282165+00:00
2024-06,44000,大分県,1067,1186,-119,2026-07-04T15:37:29.282165+00:00
2024-06,45000,宮崎県,947,942,5,2026-07-04T15:37:29.282165+00:00
2024-06,46000,鹿児島県,1333,1454,-121,2026-07-04T15:37:29.282165+00:00
2024-06,47000,沖縄県,1660,1469,191,2026-07-04T15:37:29.282165+00:00
2024-07,01000,北海道,4188,3616,572,2026-07-04T15:37:29.282165+00:00
2024-07,02000,青森県,1498,1303,195,2026-07-04T15:37:29.282165+00:00
2024-07,03000,岩手県,1222,1258,-36,2026-07-04T15:37:29.282165+00:00
2024-07,04000,宮城県,3199,3359,-160,2026-07-04T15:37:29.282165+00:00
2024-07,05000,秋田県,786,846,-60,2026-07-04T15:37:29.282165+00:00
2024-07,06000,山形県,941,1006,-65,2026-07-04T15:37:29.282165+00:00
2024-07,07000,福島県,1844,2055,-211,2026-07-04T15:37:29.282165+00:00
2024-07,08000,茨城県,4176,4385,-209,2026-07-04T15:37:29.282165+00:00
2024-07,09000,栃木県,2698,2895,-197,2026-07-04T15:37:29.282165+00:00
2024-07,10000,群馬県,2864,2731,133,2026-07-04T15:37:29.282165+00:00
2024-07,11000,埼玉県,14534,14085,449,2026-07-04T15:37:29.282165+00:00
2024-07,12000,千葉県,11983,12459,-476,2026-07-04T15:37:29.282165+00:00
2024-07,13000,東京都,33598,30913,2685,2026-07-04T15:37:29.282165+00:00
2024-07,14000,神奈川県,17246,17257,-11,2026-07-04T15:37:29.282165+00:00
2024-07,15000,新潟県,1679,1696,-17,2026-07-04T15:37:29.282165+00:00
2024-07,16000,富山県,1074,992,82,2026-07-04T15:37:29.282165+00:00
2024-07,17000,石川県,1352,1369,-17,2026-07-04T15:37:29.282165+00:00
2024-07,18000,福井県,772,816,-44,2026-07-04T15:37:29.282165+00:00
2024-07,19000,山梨県,1116,1072,44,2026-07-04T15:37:29.282165+00:00
2024-07,20000,長野県,2223,2106,117,2026-07-04T15:37:29.282165+00:00
2024-07,21000,岐阜県,2340,2572,-232,2026-07-04T15:37:29.282165+00:00
2024-07,22000,静岡県,4352,4565,-213,2026-07-04T15:37:29.282165+00:00
2024-07,23000,愛知県,9209,9466,-257,2026-07-04T15:37:29.282165+00:00
2024-07,24000,三重県,2387,2743,-356,2026-07-04T15:37:29.282165+00:00
2024-07,25000,滋賀県,2135,2374,-239,2026-07-04T15:37:29.282165+00:00
2024-07,26000,京都府,3837,4316,-479,2026-07-04T15:37:29.282165+00:00
2024-07,27000,大阪府,13630,12395,1235,2026-07-04T15:37:29.282165+00:00
2024-07,28000,兵庫県,6668,7276,-608,2026-07-04T15:37:29.282165+00:00
2024-07,29000,奈良県,1615,1749,-134,2026-07-04T15:37:29.282165+00:00
2024-07,30000,和歌山県,821,946,-125,2026-07-04T15:37:29.282165+00:00
2024-07,31000,鳥取県,587,633,-46,2026-07-04T15:37:29.282165+00:00
2024-07,32000,島根県,676,801,-125,2026-07-04T15:37:29.282165+00:00
2024-07,33000,岡山県,1995,2295,-300,2026-07-04T15:37:29.282165+00:00
2024-07,34000,広島県,3049,3661,-612,2026-07-04T15:37:29.282165+00:00
2024-07,35000,山口県,1447,2354,-907,2026-07-04T15:37:29.282165+00:00
2024-07,36000,徳島県,657,734,-77,2026-07-04T15:37:29.282165+00:00
2024-07,37000,香川県,1299,1301,-2,2026-07-04T15:37:29.282165+00:00
2024-07,38000,愛媛県,1244,1582,-338,2026-07-04T15:37:29.282165+00:00
2024-07,39000,高知県,610,703,-93,2026-07-04T15:37:29.282165+00:00
2024-07,40000,福岡県,7411,6759,652,2026-07-04T15:37:29.282165+00:00
2024-07,41000,佐賀県,1252,1211,41,2026-07-04T15:37:29.282165+00:00
2024-07,42000,長崎県,1575,1776,-201,2026-07-04T15:37:29.282165+00:00
2024-07,43000,熊本県,2366,2144,222,2026-07-04T15:37:29.282165+00:00
2024-07,44000,大分県,1525,1547,-22,2026-07-04T15:37:29.282165+00:00
2024-07,45000,宮崎県,1484,1319,165,2026-07-04T15:37:29.282165+00:00
2024-07,46000,鹿児島県,1916,1985,-69,2026-07-04T15:37:29.282165+00:00
2024-07,47000,沖縄県,2092,1746,346,2026-07-04T15:37:29.282165+00:00
2024-08,01000,北海道,3603,3790,-187,2026-07-04T15:37:29.282165+00:00
2024-08,02000,青森県,1321,1353,-32,2026-07-04T15:37:29.282165+00:00
2024-08,03000,岩手県,933,1082,-149,2026-07-04T15:37:29.282165+00:00
2024-08,04000,宮城県,2656,2617,39,2026-07-04T15:37:29.282165+00:00
2024-08,05000,秋田県,655,710,-55,2026-07-04T15:37:29.282165+00:00
2024-08,06000,山形県,859,904,-45,2026-07-04T15:37:29.282165+00:00
2024-08,07000,福島県,1537,1790,-253,2026-07-04T15:37:29.282165+00:00
2024-08,08000,茨城県,3717,3956,-239,2026-07-04T15:37:29.282165+00:00
2024-08,09000,栃木県,2397,2509,-112,2026-07-04T15:37:29.282165+00:00
2024-08,10000,群馬県,2421,2318,103,2026-07-04T15:37:29.282165+00:00
2024-08,11000,埼玉県,13424,11578,1846,2026-07-04T15:37:29.282165+00:00
2024-08,12000,千葉県,10347,11199,-852,2026-07-04T15:37:29.282165+00:00
2024-08,13000,東京都,29055,26770,2285,2026-07-04T15:37:29.282165+00:00
2024-08,14000,神奈川県,14535,14394,141,2026-07-04T15:37:29.282165+00:00
2024-08,15000,新潟県,1319,1554,-235,2026-07-04T15:37:29.282165+00:00
2024-08,16000,富山県,861,929,-68,2026-07-04T15:37:29.282165+00:00
2024-08,17000,石川県,1102,1318,-216,2026-07-04T15:37:29.282165+00:00
2024-08,18000,福井県,684,765,-81,2026-07-04T15:37:29.282165+00:00
2024-08,19000,山梨県,950,905,45,2026-07-04T15:37:29.282165+00:00
2024-08,20000,長野県,1956,1729,227,2026-07-04T15:37:29.282165+00:00
2024-08,21000,岐阜県,2203,2311,-108,2026-07-04T15:37:29.282165+00:00
2024-08,22000,静岡県,3567,3817,-250,2026-07-04T15:37:29.282165+00:00
2024-08,23000,愛知県,7596,7858,-262,2026-07-04T15:37:29.282165+00:00
2024-08,24000,三重県,1889,2270,-381,2026-07-04T15:37:29.282165+00:00
2024-08,25000,滋賀県,1995,1956,39,2026-07-04T15:37:29.282165+00:00
2024-08,26000,京都府,3478,3985,-507,2026-07-04T15:37:29.282165+00:00
2024-08,27000,大阪府,11820,10495,1325,2026-07-04T15:37:29.282165+00:00
2024-08,28000,兵庫県,5776,6179,-403,2026-07-04T15:37:29.282165+00:00
2024-08,29000,奈良県,1574,1558,16,2026-07-04T15:37:29.282165+00:00
2024-08,30000,和歌山県,680,893,-213,2026-07-04T15:37:29.282165+00:00
2024-08,31000,鳥取県,487,561,-74,2026-07-04T15:37:29.282165+00:00
2024-08,32000,島根県,666,694,-28,2026-07-04T15:37:29.282165+00:00
2024-08,33000,岡山県,1701,2072,-371,2026-07-04T15:37:29.282165+00:00
2024-08,34000,広島県,2629,3141,-512,2026-07-04T15:37:29.282165+00:00
2024-08,35000,山口県,1331,1563,-232,2026-07-04T15:37:29.282165+00:00
2024-08,36000,徳島県,545,634,-89,2026-07-04T15:37:29.282165+00:00
2024-08,37000,香川県,1047,1092,-45,2026-07-04T15:37:29.282165+00:00
2024-08,38000,愛媛県,1032,1362,-330,2026-07-04T15:37:29.282165+00:00
2024-08,39000,高知県,478,649,-171,2026-07-04T15:37:29.282165+00:00
2024-08,40000,福岡県,6465,5690,775,2026-07-04T15:37:29.282165+00:00
2024-08,41000,佐賀県,925,1045,-120,2026-07-04T15:37:29.282165+00:00
2024-08,42000,長崎県,1525,1838,-313,2026-07-04T15:37:29.282165+00:00
2024-08,43000,熊本県,2022,1904,118,2026-07-04T15:37:29.282165+00:00
2024-08,44000,大分県,1307,1389,-82,2026-07-04T15:37:29.282165+00:00
2024-08,45000,宮崎県,1184,1149,35,2026-07-04T15:37:29.282165+00:00
2024-08,46000,鹿児島県,1692,1727,-35,2026-07-04T15:37:29.282165+00:00
2024-08,47000,沖縄県,2036,1980,56,2026-07-04T15:37:29.282165+00:00
2024-09,01000,北海道,3433,3566,-133,2026-07-04T15:37:29.282165+00:00
2024-09,02000,青森県,1099,1124,-25,2026-07-04T15:37:29.282165+00:00
2024-09,03000,岩手県,997,1262,-265,2026-07-04T15:37:29.282165+00:00
2024-09,04000,宮城県,2567,2691,-124,2026-07-04T15:37:29.282165+00:00
2024-09,05000,秋田県,616,652,-36,2026-07-04T15:37:29.282165+00:00
2024-09,06000,山形県,660,887,-227,2026-07-04T15:37:29.282165+00:00
2024-09,07000,福島県,1586,1703,-117,2026-07-04T15:37:29.282165+00:00
2024-09,08000,茨城県,3676,4000,-324,2026-07-04T15:37:29.282165+00:00
2024-09,09000,栃木県,2425,2539,-114,2026-07-04T15:37:29.282165+00:00
2024-09,10000,群馬県,2484,2434,50,2026-07-04T15:37:29.282165+00:00
2024-09,11000,埼玉県,12415,11463,952,2026-07-04T15:37:29.282165+00:00
2024-09,12000,千葉県,10613,10947,-334,2026-07-04T15:37:29.282165+00:00
2024-09,13000,東京都,29616,26484,3132,2026-07-04T15:37:29.282165+00:00
2024-09,14000,神奈川県,15219,14245,974,2026-07-04T15:37:29.282165+00:00
2024-09,15000,新潟県,1382,1679,-297,2026-07-04T15:37:29.282165+00:00
2024-09,16000,富山県,920,1008,-88,2026-07-04T15:37:29.282165+00:00
2024-09,17000,石川県,1262,1341,-79,2026-07-04T15:37:29.282165+00:00
2024-09,18000,福井県,706,716,-10,2026-07-04T15:37:29.282165+00:00
2024-09,19000,山梨県,991,910,81,2026-07-04T15:37:29.282165+00:00
2024-09,20000,長野県,2105,1929,176,2026-07-04T15:37:29.282165+00:00
2024-09,21000,岐阜県,2150,2364,-214,2026-07-04T15:37:29.282165+00:00
2024-09,22000,静岡県,3714,4057,-343,2026-07-04T15:37:29.282165+00:00
2024-09,23000,愛知県,8023,8433,-410,2026-07-04T15:37:29.282165+00:00
2024-09,24000,三重県,1987,2409,-422,2026-07-04T15:37:29.282165+00:00
2024-09,25000,滋賀県,1955,2090,-135,2026-07-04T15:37:29.282165+00:00
2024-09,26000,京都府,3537,4004,-467,2026-07-04T15:37:29.282165+00:00
2024-09,27000,大阪府,11705,10878,827,2026-07-04T15:37:29.282165+00:00
2024-09,28000,兵庫県,5949,6263,-314,2026-07-04T15:37:29.282165+00:00
2024-09,29000,奈良県,1482,1474,8,2026-07-04T15:37:29.282165+00:00
2024-09,30000,和歌山県,687,827,-140,2026-07-04T15:37:29.282165+00:00
2024-09,31000,鳥取県,466,498,-32,2026-07-04T15:37:29.282165+00:00
2024-09,32000,島根県,652,705,-53,2026-07-04T15:37:29.282165+00:00
2024-09,33000,岡山県,1727,1953,-226,2026-07-04T15:37:29.282165+00:00
2024-09,34000,広島県,2796,3400,-604,2026-07-04T15:37:29.282165+00:00
2024-09,35000,山口県,1316,1514,-198,2026-07-04T15:37:29.282165+00:00
2024-09,36000,徳島県,515,604,-89,2026-07-04T15:37:29.282165+00:00
2024-09,37000,香川県,907,1088,-181,2026-07-04T15:37:29.282165+00:00
2024-09,38000,愛媛県,1166,1224,-58,2026-07-04T15:37:29.282165+00:00
2024-09,39000,高知県,516,611,-95,2026-07-04T15:37:29.282165+00:00
2024-09,40000,福岡県,6371,6202,169,2026-07-04T15:37:29.282165+00:00
2024-09,41000,佐賀県,987,1043,-56,2026-07-04T15:37:29.282165+00:00
2024-09,42000,長崎県,1355,1550,-195,2026-07-04T15:37:29.282165+00:00
2024-09,43000,熊本県,1948,1812,136,2026-07-04T15:37:29.282165+00:00
2024-09,44000,大分県,1406,1507,-101,2026-07-04T15:37:29.282165+00:00
2024-09,45000,宮崎県,1120,1139,-19,2026-07-04T15:37:29.282165+00:00
2024-09,46000,鹿児島県,1480,1613,-133,2026-07-04T15:37:29.282165+00:00
2024-09,47000,沖縄県,1797,1644,153,2026-07-04T15:37:29.282165+00:00
2024-10,01000,北海道,3625,3910,-285,2026-07-04T15:37:29.282165+00:00
2024-10,02000,青森県,1065,1163,-98,2026-07-04T15:37:29.282165+00:00
2024-10,03000,岩手県,1087,1104,-17,2026-07-04T15:37:29.282165+00:00
2024-10,04000,宮城県,2514,2619,-105,2026-07-04T15:37:29.282165+00:00
2024-10,05000,秋田県,638,719,-81,2026-07-04T15:37:29.282165+00:00
2024-10,06000,山形県,743,796,-53,2026-07-04T15:37:29.282165+00:00
2024-10,07000,福島県,1519,1764,-245,2026-07-04T15:37:29.282165+00:00
2024-10,08000,茨城県,3888,4323,-435,2026-07-04T15:37:29.282165+00:00
2024-10,09000,栃木県,2720,2637,83,2026-07-04T15:37:29.282165+00:00
2024-10,10000,群馬県,2639,2548,91,2026-07-04T15:37:29.282165+00:00
2024-10,11000,埼玉県,13475,12125,1350,2026-07-04T15:37:29.282165+00:00
2024-10,12000,千葉県,11225,11572,-347,2026-07-04T15:37:29.282165+00:00
2024-10,13000,東京都,29395,28147,1248,2026-07-04T15:37:29.282165+00:00
2024-10,14000,神奈川県,15984,14976,1008,2026-07-04T15:37:29.282165+00:00
2024-10,15000,新潟県,1467,1571,-104,2026-07-04T15:37:29.282165+00:00
2024-10,16000,富山県,900,1011,-111,2026-07-04T15:37:29.282165+00:00
2024-10,17000,石川県,1164,1288,-124,2026-07-04T15:37:29.282165+00:00
2024-10,18000,福井県,725,744,-19,2026-07-04T15:37:29.282165+00:00
2024-10,19000,山梨県,1030,976,54,2026-07-04T15:37:29.282165+00:00
2024-10,20000,長野県,2072,1980,92,2026-07-04T15:37:29.282165+00:00
2024-10,21000,岐阜県,2358,2320,38,2026-07-04T15:37:29.282165+00:00
2024-10,22000,静岡県,3686,4062,-376,2026-07-04T15:37:29.282165+00:00
2024-10,23000,愛知県,7793,8677,-884,2026-07-04T15:37:29.282165+00:00
2024-10,24000,三重県,2084,2406,-322,2026-07-04T15:37:29.282165+00:00
2024-10,25000,滋賀県,2037,1842,195,2026-07-04T15:37:29.282165+00:00
2024-10,26000,京都府,3746,3916,-170,2026-07-04T15:37:29.282165+00:00
2024-10,27000,大阪府,12202,11301,901,2026-07-04T15:37:29.282165+00:00
2024-10,28000,兵庫県,6116,6252,-136,2026-07-04T15:37:29.282165+00:00
2024-10,29000,奈良県,1609,1734,-125,2026-07-04T15:37:29.282165+00:00
2024-10,30000,和歌山県,800,868,-68,2026-07-04T15:37:29.282165+00:00
2024-10,31000,鳥取県,551,527,24,2026-07-04T15:37:29.282165+00:00
2024-10,32000,島根県,623,686,-63,2026-07-04T15:37:29.282165+00:00
2024-10,33000,岡山県,1808,2039,-231,2026-07-04T15:37:29.282165+00:00
2024-10,34000,広島県,2610,3249,-639,2026-07-04T15:37:29.282165+00:00
2024-10,35000,山口県,1415,1490,-75,2026-07-04T15:37:29.282165+00:00
2024-10,36000,徳島県,520,660,-140,2026-07-04T15:37:29.282165+00:00
2024-10,37000,香川県,1011,1035,-24,2026-07-04T15:37:29.282165+00:00
2024-10,38000,愛媛県,1090,1215,-125,2026-07-04T15:37:29.282165+00:00
2024-10,39000,高知県,496,602,-106,2026-07-04T15:37:29.282165+00:00
2024-10,40000,福岡県,6328,6259,69,2026-07-04T15:37:29.282165+00:00
2024-10,41000,佐賀県,1006,994,12,2026-07-04T15:37:29.282165+00:00
2024-10,42000,長崎県,1435,1446,-11,2026-07-04T15:37:29.282165+00:00
2024-10,43000,熊本県,1962,1831,131,2026-07-04T15:37:29.282165+00:00
2024-10,44000,大分県,1342,1304,38,2026-07-04T15:37:29.282165+00:00
2024-10,45000,宮崎県,1195,1111,84,2026-07-04T15:37:29.282165+00:00
2024-10,46000,鹿児島県,1648,1585,63,2026-07-04T15:37:29.282165+00:00
2024-10,47000,沖縄県,1761,1723,38,2026-07-04T15:37:29.282165+00:00
2024-11,01000,北海道,2913,3277,-364,2026-07-04T15:37:29.282165+00:00
2024-11,02000,青森県,839,881,-42,2026-07-04T15:37:29.282165+00:00
2024-11,03000,岩手県,911,874,37,2026-07-04T15:37:29.282165+00:00
2024-11,04000,宮城県,1943,1927,16,2026-07-04T15:37:29.282165+00:00
2024-11,05000,秋田県,531,531,0,2026-07-04T15:37:29.282165+00:00
2024-11,06000,山形県,626,694,-68,2026-07-04T15:37:29.282165+00:00
2024-11,07000,福島県,1270,1444,-174,2026-07-04T15:37:29.282165+00:00
2024-11,08000,茨城県,3217,3628,-411,2026-07-04T15:37:29.282165+00:00
2024-11,09000,栃木県,2260,2044,216,2026-07-04T15:37:29.282165+00:00
2024-11,10000,群馬県,2268,2293,-25,2026-07-04T15:37:29.282165+00:00
2024-11,11000,埼玉県,11680,10677,1003,2026-07-04T15:37:29.282165+00:00
2024-11,12000,千葉県,9351,9861,-510,2026-07-04T15:37:29.282165+00:00
2024-11,13000,東京都,24869,24266,603,2026-07-04T15:37:29.282165+00:00
2024-11,14000,神奈川県,13223,12754,469,2026-07-04T15:37:29.282165+00:00
2024-11,15000,新潟県,1235,1149,86,2026-07-04T15:37:29.282165+00:00
2024-11,16000,富山県,831,771,60,2026-07-04T15:37:29.282165+00:00
2024-11,17000,石川県,846,1077,-231,2026-07-04T15:37:29.282165+00:00
2024-11,18000,福井県,622,559,63,2026-07-04T15:37:29.282165+00:00
2024-11,19000,山梨県,786,793,-7,2026-07-04T15:37:29.282165+00:00
2024-11,20000,長野県,1661,1851,-190,2026-07-04T15:37:29.282165+00:00
2024-11,21000,岐阜県,1944,2040,-96,2026-07-04T15:37:29.282165+00:00
2024-11,22000,静岡県,3171,3212,-41,2026-07-04T15:37:29.282165+00:00
2024-11,23000,愛知県,6475,6793,-318,2026-07-04T15:37:29.282165+00:00
2024-11,24000,三重県,1798,1987,-189,2026-07-04T15:37:29.282165+00:00
2024-11,25000,滋賀県,1671,1627,44,2026-07-04T15:37:29.282165+00:00
2024-11,26000,京都府,3034,3295,-261,2026-07-04T15:37:29.282165+00:00
2024-11,27000,大阪府,9955,9354,601,2026-07-04T15:37:29.282165+00:00
2024-11,28000,兵庫県,5139,5095,44,2026-07-04T15:37:29.282165+00:00
2024-11,29000,奈良県,1417,1384,33,2026-07-04T15:37:29.282165+00:00
2024-11,30000,和歌山県,710,707,3,2026-07-04T15:37:29.282165+00:00
2024-11,31000,鳥取県,396,438,-42,2026-07-04T15:37:29.282165+00:00
2024-11,32000,島根県,524,552,-28,2026-07-04T15:37:29.282165+00:00
2024-11,33000,岡山県,1430,1528,-98,2026-07-04T15:37:29.282165+00:00
2024-11,34000,広島県,2031,2574,-543,2026-07-04T15:37:29.282165+00:00
2024-11,35000,山口県,1151,1145,6,2026-07-04T15:37:29.282165+00:00
2024-11,36000,徳島県,398,526,-128,2026-07-04T15:37:29.282165+00:00
2024-11,37000,香川県,777,855,-78,2026-07-04T15:37:29.282165+00:00
2024-11,38000,愛媛県,911,1048,-137,2026-07-04T15:37:29.282165+00:00
2024-11,39000,高知県,384,390,-6,2026-07-04T15:37:29.282165+00:00
2024-11,40000,福岡県,4821,4808,13,2026-07-04T15:37:29.282165+00:00
2024-11,41000,佐賀県,899,824,75,2026-07-04T15:37:29.282165+00:00
2024-11,42000,長崎県,1140,1051,89,2026-07-04T15:37:29.282165+00:00
2024-11,43000,熊本県,1633,1351,282,2026-07-04T15:37:29.282165+00:00
2024-11,44000,大分県,1095,1080,15,2026-07-04T15:37:29.282165+00:00
2024-11,45000,宮崎県,877,861,16,2026-07-04T15:37:29.282165+00:00
2024-11,46000,鹿児島県,1348,1207,141,2026-07-04T15:37:29.282165+00:00
2024-11,47000,沖縄県,1507,1435,72,2026-07-04T15:37:29.282165+00:00
2024-12,01000,北海道,2853,2906,-53,2026-07-04T15:37:29.282165+00:00
2024-12,02000,青森県,947,940,7,2026-07-04T15:37:29.282165+00:00
2024-12,03000,岩手県,883,1012,-129,2026-07-04T15:37:29.282165+00:00
2024-12,04000,宮城県,2037,2113,-76,2026-07-04T15:37:29.282165+00:00
2024-12,05000,秋田県,517,588,-71,2026-07-04T15:37:29.282165+00:00
2024-12,06000,山形県,646,714,-68,2026-07-04T15:37:29.282165+00:00
2024-12,07000,福島県,1367,1496,-129,2026-07-04T15:37:29.282165+00:00
2024-12,08000,茨城県,3399,3755,-356,2026-07-04T15:37:29.282165+00:00
2024-12,09000,栃木県,2398,2286,112,2026-07-04T15:37:29.282165+00:00
2024-12,10000,群馬県,2156,2148,8,2026-07-04T15:37:29.282165+00:00
2024-12,11000,埼玉県,12309,11301,1008,2026-07-04T15:37:29.282165+00:00
2024-12,12000,千葉県,10411,10296,115,2026-07-04T15:37:29.282165+00:00
2024-12,13000,東京都,26542,26893,-351,2026-07-04T15:37:29.282165+00:00
2024-12,14000,神奈川県,14473,14601,-128,2026-07-04T15:37:29.282165+00:00
2024-12,15000,新潟県,1301,1206,95,2026-07-04T15:37:29.282165+00:00
2024-12,16000,富山県,767,810,-43,2026-07-04T15:37:29.282165+00:00
2024-12,17000,石川県,1021,1028,-7,2026-07-04T15:37:29.282165+00:00
2024-12,18000,福井県,620,655,-35,2026-07-04T15:37:29.282165+00:00
2024-12,19000,山梨県,951,816,135,2026-07-04T15:37:29.282165+00:00
2024-12,20000,長野県,1935,1732,203,2026-07-04T15:37:29.282165+00:00
2024-12,21000,岐阜県,2148,2105,43,2026-07-04T15:37:29.282165+00:00
2024-12,22000,静岡県,3479,3753,-274,2026-07-04T15:37:29.282165+00:00
2024-12,23000,愛知県,7175,7490,-315,2026-07-04T15:37:29.282165+00:00
2024-12,24000,三重県,1918,2124,-206,2026-07-04T15:37:29.282165+00:00
2024-12,25000,滋賀県,1909,1752,157,2026-07-04T15:37:29.282165+00:00
2024-12,26000,京都府,3168,3639,-471,2026-07-04T15:37:29.282165+00:00
2024-12,27000,大阪府,10939,10151,788,2026-07-04T15:37:29.282165+00:00
2024-12,28000,兵庫県,5560,5698,-138,2026-07-04T15:37:29.282165+00:00
2024-12,29000,奈良県,1590,1696,-106,2026-07-04T15:37:29.282165+00:00
2024-12,30000,和歌山県,756,762,-6,2026-07-04T15:37:29.282165+00:00
2024-12,31000,鳥取県,431,449,-18,2026-07-04T15:37:29.282165+00:00
2024-12,32000,島根県,467,562,-95,2026-07-04T15:37:29.282165+00:00
2024-12,33000,岡山県,1590,1647,-57,2026-07-04T15:37:29.282165+00:00
2024-12,34000,広島県,2216,2691,-475,2026-07-04T15:37:29.282165+00:00
2024-12,35000,山口県,1175,1290,-115,2026-07-04T15:37:29.282165+00:00
2024-12,36000,徳島県,539,590,-51,2026-07-04T15:37:29.282165+00:00
2024-12,37000,香川県,814,867,-53,2026-07-04T15:37:29.282165+00:00
2024-12,38000,愛媛県,939,1092,-153,2026-07-04T15:37:29.282165+00:00
2024-12,39000,高知県,485,559,-74,2026-07-04T15:37:29.282165+00:00
2024-12,40000,福岡県,5455,4889,566,2026-07-04T15:37:29.282165+00:00
2024-12,41000,佐賀県,957,915,42,2026-07-04T15:37:29.282165+00:00
2024-12,42000,長崎県,1100,1183,-83,2026-07-04T15:37:29.282165+00:00
2024-12,43000,熊本県,1699,1493,206,2026-07-04T15:37:29.282165+00:00
2024-12,44000,大分県,1118,1097,21,2026-07-04T15:37:29.282165+00:00
2024-12,45000,宮崎県,937,901,36,2026-07-04T15:37:29.282165+00:00
2024-12,46000,鹿児島県,1497,1231,266,2026-07-04T15:37:29.282165+00:00
2024-12,47000,沖縄県,1789,1461,328,2026-07-04T15:37:29.282165+00:00
2025-01,01000,北海道,2681,2883,-202,2026-07-04T15:37:29.282165+00:00
2025-01,02000,青森県,821,921,-100,2026-07-04T15:37:29.282165+00:00
2025-01,03000,岩手県,914,1012,-98,2026-07-04T15:37:29.282165+00:00
2025-01,04000,宮城県,2197,2278,-81,2026-07-04T15:37:29.282165+00:00
2025-01,05000,秋田県,499,614,-115,2026-07-04T15:37:29.282165+00:00
2025-01,06000,山形県,536,693,-157,2026-07-04T15:37:29.282165+00:00
2025-01,07000,福島県,1408,1648,-240,2026-07-04T15:37:29.282165+00:00
2025-01,08000,茨城県,3429,3784,-355,2026-07-04T15:37:29.282165+00:00
2025-01,09000,栃木県,2369,2345,24,2026-07-04T15:37:29.282165+00:00
2025-01,10000,群馬県,2317,2289,28,2026-07-04T15:37:29.282165+00:00
2025-01,11000,埼玉県,11685,10491,1194,2026-07-04T15:37:29.282165+00:00
2025-01,12000,千葉県,9869,10038,-169,2026-07-04T15:37:29.282165+00:00
2025-01,13000,東京都,27193,24966,2227,2026-07-04T15:37:29.282165+00:00
2025-01,14000,神奈川県,14105,13269,836,2026-07-04T15:37:29.282165+00:00
2025-01,15000,新潟県,1128,1387,-259,2026-07-04T15:37:29.282165+00:00
2025-01,16000,富山県,756,814,-58,2026-07-04T15:37:29.282165+00:00
2025-01,17000,石川県,964,1172,-208,2026-07-04T15:37:29.282165+00:00
2025-01,18000,福井県,527,620,-93,2026-07-04T15:37:29.282165+00:00
2025-01,19000,山梨県,929,974,-45,2026-07-04T15:37:29.282165+00:00
2025-01,20000,長野県,1784,1738,46,2026-07-04T15:37:29.282165+00:00
2025-01,21000,岐阜県,2010,2214,-204,2026-07-04T15:37:29.282165+00:00
2025-01,22000,静岡県,3463,3600,-137,2026-07-04T15:37:29.282165+00:00
2025-01,23000,愛知県,7455,7867,-412,2026-07-04T15:37:29.282165+00:00
2025-01,24000,三重県,1894,2098,-204,2026-07-04T15:37:29.282165+00:00
2025-01,25000,滋賀県,1867,1889,-22,2026-07-04T15:37:29.282165+00:00
2025-01,26000,京都府,3203,3529,-326,2026-07-04T15:37:29.282165+00:00
2025-01,27000,大阪府,10971,10190,781,2026-07-04T15:37:29.282165+00:00
2025-01,28000,兵庫県,5620,5436,184,2026-07-04T15:37:29.282165+00:00
2025-01,29000,奈良県,1454,1506,-52,2026-07-04T15:37:29.282165+00:00
2025-01,30000,和歌山県,749,832,-83,2026-07-04T15:37:29.282165+00:00
2025-01,31000,鳥取県,424,441,-17,2026-07-04T15:37:29.282165+00:00
2025-01,32000,島根県,543,670,-127,2026-07-04T15:37:29.282165+00:00
2025-01,33000,岡山県,1694,1782,-88,2026-07-04T15:37:29.282165+00:00
2025-01,34000,広島県,2344,2862,-518,2026-07-04T15:37:29.282165+00:00
2025-01,35000,山口県,1217,1498,-281,2026-07-04T15:37:29.282165+00:00
2025-01,36000,徳島県,547,639,-92,2026-07-04T15:37:29.282165+00:00
2025-01,37000,香川県,902,1009,-107,2026-07-04T15:37:29.282165+00:00
2025-01,38000,愛媛県,992,1282,-290,2026-07-04T15:37:29.282165+00:00
2025-01,39000,高知県,490,585,-95,2026-07-04T15:37:29.282165+00:00
2025-01,40000,福岡県,5743,6019,-276,2026-07-04T15:37:29.282165+00:00
2025-01,41000,佐賀県,874,944,-70,2026-07-04T15:37:29.282165+00:00
2025-01,42000,長崎県,1171,1357,-186,2026-07-04T15:37:29.282165+00:00
2025-01,43000,熊本県,1711,1683,28,2026-07-04T15:37:29.282165+00:00
2025-01,44000,大分県,1211,1236,-25,2026-07-04T15:37:29.282165+00:00
2025-01,45000,宮崎県,1142,1002,140,2026-07-04T15:37:29.282165+00:00
2025-01,46000,鹿児島県,1474,1480,-6,2026-07-04T15:37:29.282165+00:00
2025-01,47000,沖縄県,1757,1447,310,2026-07-04T15:37:29.282165+00:00
2025-02,01000,北海道,2739,3163,-424,2026-07-04T15:37:29.282165+00:00
2025-02,02000,青森県,841,996,-155,2026-07-04T15:37:29.282165+00:00
2025-02,03000,岩手県,928,1056,-128,2026-07-04T15:37:29.282165+00:00
2025-02,04000,宮城県,2399,2523,-124,2026-07-04T15:37:29.282165+00:00
2025-02,05000,秋田県,613,695,-82,2026-07-04T15:37:29.282165+00:00
2025-02,06000,山形県,636,897,-261,2026-07-04T15:37:29.282165+00:00
2025-02,07000,福島県,1400,1786,-386,2026-07-04T15:37:29.282165+00:00
2025-02,08000,茨城県,3562,4135,-573,2026-07-04T15:37:29.282165+00:00
2025-02,09000,栃木県,2372,2533,-161,2026-07-04T15:37:29.282165+00:00
2025-02,10000,群馬県,2385,2488,-103,2026-07-04T15:37:29.282165+00:00
2025-02,11000,埼玉県,12813,11425,1388,2026-07-04T15:37:29.282165+00:00
2025-02,12000,千葉県,10947,10901,46,2026-07-04T15:37:29.282165+00:00
2025-02,13000,東京都,30008,26866,3142,2026-07-04T15:37:29.282165+00:00
2025-02,14000,神奈川県,15319,14532,787,2026-07-04T15:37:29.282165+00:00
2025-02,15000,新潟県,1228,1588,-360,2026-07-04T15:37:29.282165+00:00
2025-02,16000,富山県,799,899,-100,2026-07-04T15:37:29.282165+00:00
2025-02,17000,石川県,1031,1289,-258,2026-07-04T15:37:29.282165+00:00
2025-02,18000,福井県,605,753,-148,2026-07-04T15:37:29.282165+00:00
2025-02,19000,山梨県,995,1236,-241,2026-07-04T15:37:29.282165+00:00
2025-02,20000,長野県,1944,2044,-100,2026-07-04T15:37:29.282165+00:00
2025-02,21000,岐阜県,2123,2297,-174,2026-07-04T15:37:29.282165+00:00
2025-02,22000,静岡県,3677,3956,-279,2026-07-04T15:37:29.282165+00:00
2025-02,23000,愛知県,7904,7819,85,2026-07-04T15:37:29.282165+00:00
2025-02,24000,三重県,1940,2180,-240,2026-07-04T15:37:29.282165+00:00
2025-02,25000,滋賀県,1929,1949,-20,2026-07-04T15:37:29.282165+00:00
2025-02,26000,京都府,3532,4150,-618,2026-07-04T15:37:29.282165+00:00
2025-02,27000,大阪府,12058,10994,1064,2026-07-04T15:37:29.282165+00:00
2025-02,28000,兵庫県,6018,6139,-121,2026-07-04T15:37:29.282165+00:00
2025-02,29000,奈良県,1565,1754,-189,2026-07-04T15:37:29.282165+00:00
2025-02,30000,和歌山県,836,882,-46,2026-07-04T15:37:29.282165+00:00
2025-02,31000,鳥取県,452,496,-44,2026-07-04T15:37:29.282165+00:00
2025-02,32000,島根県,645,757,-112,2026-07-04T15:37:29.282165+00:00
2025-02,33000,岡山県,1813,2086,-273,2026-07-04T15:37:29.282165+00:00
2025-02,34000,広島県,2757,3121,-364,2026-07-04T15:37:29.282165+00:00
2025-02,35000,山口県,1335,1561,-226,2026-07-04T15:37:29.282165+00:00
2025-02,36000,徳島県,561,708,-147,2026-07-04T15:37:29.282165+00:00
2025-02,37000,香川県,1008,1013,-5,2026-07-04T15:37:29.282165+00:00
2025-02,38000,愛媛県,1156,1434,-278,2026-07-04T15:37:29.282165+00:00
2025-02,39000,高知県,553,768,-215,2026-07-04T15:37:29.282165+00:00
2025-02,40000,福岡県,6294,5740,554,2026-07-04T15:37:29.282165+00:00
2025-02,41000,佐賀県,1094,1023,71,2026-07-04T15:37:29.282165+00:00
2025-02,42000,長崎県,1155,1507,-352,2026-07-04T15:37:29.282165+00:00
2025-02,43000,熊本県,1677,1746,-69,2026-07-04T15:37:29.282165+00:00
2025-02,44000,大分県,1379,1342,37,2026-07-04T15:37:29.282165+00:00
2025-02,45000,宮崎県,1156,1154,2,2026-07-04T15:37:29.282165+00:00
2025-02,46000,鹿児島県,1579,1522,57,2026-07-04T15:37:29.282165+00:00
2025-02,47000,沖縄県,1761,1618,143,2026-07-04T15:37:29.282165+00:00
2025-03,01000,北海道,10027,14720,-4693,2026-07-04T15:37:29.282165+00:00
2025-03,02000,青森県,3000,5776,-2776,2026-07-04T15:37:29.282165+00:00
2025-03,03000,岩手県,3221,5459,-2238,2026-07-04T15:37:29.282165+00:00
2025-03,04000,宮城県,10128,11966,-1838,2026-07-04T15:37:29.282165+00:00
2025-03,05000,秋田県,1894,4049,-2155,2026-07-04T15:37:29.282165+00:00
2025-03,06000,山形県,2503,4937,-2434,2026-07-04T15:37:29.282165+00:00
2025-03,07000,福島県,4537,7776,-3239,2026-07-04T15:37:29.282165+00:00
2025-03,08000,茨城県,10195,12405,-2210,2026-07-04T15:37:29.282165+00:00
2025-03,09000,栃木県,6915,8677,-1762,2026-07-04T15:37:29.282165+00:00
2025-03,10000,群馬県,6249,8079,-1830,2026-07-04T15:37:29.282165+00:00
2025-03,11000,埼玉県,35020,27213,7807,2026-07-04T15:37:29.282165+00:00
2025-03,12000,千葉県,33438,25821,7617,2026-07-04T15:37:29.282165+00:00
2025-03,13000,東京都,100350,60597,39753,2026-07-04T15:37:29.282165+00:00
2025-03,14000,神奈川県,49530,33586,15944,2026-07-04T15:37:29.282165+00:00
2025-03,15000,新潟県,4625,7993,-3368,2026-07-04T15:37:29.282165+00:00
2025-03,16000,富山県,2785,3782,-997,2026-07-04T15:37:29.282165+00:00
2025-03,17000,石川県,3530,5263,-1733,2026-07-04T15:37:29.282165+00:00
2025-03,18000,福井県,1997,3050,-1053,2026-07-04T15:37:29.282165+00:00
2025-03,19000,山梨県,2857,3767,-910,2026-07-04T15:37:29.282165+00:00
2025-03,20000,長野県,6265,8213,-1948,2026-07-04T15:37:29.282165+00:00
2025-03,21000,岐阜県,5573,7821,-2248,2026-07-04T15:37:29.282165+00:00
2025-03,22000,静岡県,11122,15217,-4095,2026-07-04T15:37:29.282165+00:00
2025-03,23000,愛知県,27215,25703,1512,2026-07-04T15:37:29.282165+00:00
2025-03,24000,三重県,4917,7440,-2523,2026-07-04T15:37:29.282165+00:00
2025-03,25000,滋賀県,5709,6245,-536,2026-07-04T15:37:29.282165+00:00
2025-03,26000,京都府,12982,14643,-1661,2026-07-04T15:37:29.282165+00:00
2025-03,27000,大阪府,39267,32278,6989,2026-07-04T15:37:29.282165+00:00
2025-03,28000,兵庫県,19780,21462,-1682,2026-07-04T15:37:29.282165+00:00
2025-03,29000,奈良県,4472,5264,-792,2026-07-04T15:37:29.282165+00:00
2025-03,30000,和歌山県,2138,3477,-1339,2026-07-04T15:37:29.282165+00:00
2025-03,31000,鳥取県,1525,2757,-1232,2026-07-04T15:37:29.282165+00:00
2025-03,32000,島根県,2088,3138,-1050,2026-07-04T15:37:29.282165+00:00
2025-03,33000,岡山県,5910,8325,-2415,2026-07-04T15:37:29.282165+00:00
2025-03,34000,広島県,9420,12801,-3381,2026-07-04T15:37:29.282165+00:00
2025-03,35000,山口県,3787,6258,-2471,2026-07-04T15:37:29.282165+00:00
2025-03,36000,徳島県,1847,3117,-1270,2026-07-04T15:37:29.282165+00:00
2025-03,37000,香川県,3369,4447,-1078,2026-07-04T15:37:29.282165+00:00
2025-03,38000,愛媛県,3361,5472,-2111,2026-07-04T15:37:29.282165+00:00
2025-03,39000,高知県,1570,3134,-1564,2026-07-04T15:37:29.282165+00:00
2025-03,40000,福岡県,22871,22311,560,2026-07-04T15:37:29.282165+00:00
2025-03,41000,佐賀県,3021,3979,-958,2026-07-04T15:37:29.282165+00:00
2025-03,42000,長崎県,4339,7090,-2751,2026-07-04T15:37:29.282165+00:00
2025-03,43000,熊本県,6411,7460,-1049,2026-07-04T15:37:29.282165+00:00
2025-03,44000,大分県,3704,5166,-1462,2026-07-04T15:37:29.282165+00:00
2025-03,45000,宮崎県,3244,5312,-2068,2026-07-04T15:37:29.282165+00:00
2025-03,46000,鹿児島県,4740,7852,-3112,2026-07-04T15:37:29.282165+00:00
2025-03,47000,沖縄県,5084,7234,-2150,2026-07-04T15:37:29.282165+00:00
2025-04,01000,北海道,9738,10285,-547,2026-07-04T15:37:29.282165+00:00
2025-04,02000,青森県,2572,3909,-1337,2026-07-04T15:37:29.282165+00:00
2025-04,03000,岩手県,2612,3585,-973,2026-07-04T15:37:29.282165+00:00
2025-04,04000,宮城県,7980,7742,238,2026-07-04T15:37:29.282165+00:00
2025-04,05000,秋田県,1846,2513,-667,2026-07-04T15:37:29.282165+00:00
2025-04,06000,山形県,2259,2725,-466,2026-07-04T15:37:29.282165+00:00
2025-04,07000,福島県,3576,4862,-1286,2026-07-04T15:37:29.282165+00:00
2025-04,08000,茨城県,7821,8862,-1041,2026-07-04T15:37:29.282165+00:00
2025-04,09000,栃木県,4953,5350,-397,2026-07-04T15:37:29.282165+00:00
2025-04,10000,群馬県,4996,5035,-39,2026-07-04T15:37:29.282165+00:00
2025-04,11000,埼玉県,23078,20616,2462,2026-07-04T15:37:29.282165+00:00
2025-04,12000,千葉県,21780,19984,1796,2026-07-04T15:37:29.282165+00:00
2025-04,13000,東京都,60466,52160,8306,2026-07-04T15:37:29.282165+00:00
2025-04,14000,神奈川県,32099,26285,5814,2026-07-04T15:37:29.282165+00:00
2025-04,15000,新潟県,3837,4937,-1100,2026-07-04T15:37:29.282165+00:00
2025-04,16000,富山県,2036,2445,-409,2026-07-04T15:37:29.282165+00:00
2025-04,17000,石川県,3536,3488,48,2026-07-04T15:37:29.282165+00:00
2025-04,18000,福井県,1355,1997,-642,2026-07-04T15:37:29.282165+00:00
2025-04,19000,山梨県,2542,2320,222,2026-07-04T15:37:29.282165+00:00
2025-04,20000,長野県,5127,4963,164,2026-07-04T15:37:29.282165+00:00
2025-04,21000,岐阜県,4011,5041,-1030,2026-07-04T15:37:29.282165+00:00
2025-04,22000,静岡県,7955,9261,-1306,2026-07-04T15:37:29.282165+00:00
2025-04,23000,愛知県,16923,18649,-1726,2026-07-04T15:37:29.282165+00:00
2025-04,24000,三重県,3856,4782,-926,2026-07-04T15:37:29.282165+00:00
2025-04,25000,滋賀県,4191,3828,363,2026-07-04T15:37:29.282165+00:00
2025-04,26000,京都府,10120,8513,1607,2026-07-04T15:37:29.282165+00:00
2025-04,27000,大阪府,25825,23701,2124,2026-07-04T15:37:29.282165+00:00
2025-04,28000,兵庫県,13356,14186,-830,2026-07-04T15:37:29.282165+00:00
2025-04,29000,奈良県,3575,3383,192,2026-07-04T15:37:29.282165+00:00
2025-04,30000,和歌山県,1767,2291,-524,2026-07-04T15:37:29.282165+00:00
2025-04,31000,鳥取県,1462,1702,-240,2026-07-04T15:37:29.282165+00:00
2025-04,32000,島根県,1968,2078,-110,2026-07-04T15:37:29.282165+00:00
2025-04,33000,岡山県,4476,5475,-999,2026-07-04T15:37:29.282165+00:00
2025-04,34000,広島県,7801,8855,-1054,2026-07-04T15:37:29.282165+00:00
2025-04,35000,山口県,4172,3990,182,2026-07-04T15:37:29.282165+00:00
2025-04,36000,徳島県,1522,1891,-369,2026-07-04T15:37:29.282165+00:00
2025-04,37000,香川県,2649,3175,-526,2026-07-04T15:37:29.282165+00:00
2025-04,38000,愛媛県,2900,3707,-807,2026-07-04T15:37:29.282165+00:00
2025-04,39000,高知県,1631,1990,-359,2026-07-04T15:37:29.282165+00:00
2025-04,40000,福岡県,18025,16042,1983,2026-07-04T15:37:29.282165+00:00
2025-04,41000,佐賀県,2187,2713,-526,2026-07-04T15:37:29.282165+00:00
2025-04,42000,長崎県,3594,4568,-974,2026-07-04T15:37:29.282165+00:00
2025-04,43000,熊本県,4712,5308,-596,2026-07-04T15:37:29.282165+00:00
2025-04,44000,大分県,2965,3816,-851,2026-07-04T15:37:29.282165+00:00
2025-04,45000,宮崎県,2784,3833,-1049,2026-07-04T15:37:29.282165+00:00
2025-04,46000,鹿児島県,4646,5793,-1147,2026-07-04T15:37:29.282165+00:00
2025-04,47000,沖縄県,4827,5475,-648,2026-07-04T15:37:29.282165+00:00
2025-05,01000,北海道,4138,3632,506,2026-07-04T15:37:29.282165+00:00
2025-05,02000,青森県,978,1138,-160,2026-07-04T15:37:29.282165+00:00
2025-05,03000,岩手県,1146,1262,-116,2026-07-04T15:37:29.282165+00:00
2025-05,04000,宮城県,2684,2882,-198,2026-07-04T15:37:29.282165+00:00
2025-05,05000,秋田県,741,774,-33,2026-07-04T15:37:29.282165+00:00
2025-05,06000,山形県,795,1002,-207,2026-07-04T15:37:29.282165+00:00
2025-05,07000,福島県,1657,1989,-332,2026-07-04T15:37:29.282165+00:00
2025-05,08000,茨城県,4026,4511,-485,2026-07-04T15:37:29.282165+00:00
2025-05,09000,栃木県,2747,2835,-88,2026-07-04T15:37:29.282165+00:00
2025-05,10000,群馬県,2753,2642,111,2026-07-04T15:37:29.282165+00:00
2025-05,11000,埼玉県,13726,12425,1301,2026-07-04T15:37:29.282165+00:00
2025-05,12000,千葉県,12279,12181,98,2026-07-04T15:37:29.282165+00:00
2025-05,13000,東京都,32444,28779,3665,2026-07-04T15:37:29.282165+00:00
2025-05,14000,神奈川県,16515,15838,677,2026-07-04T15:37:29.282165+00:00
2025-05,15000,新潟県,1459,1787,-328,2026-07-04T15:37:29.282165+00:00
2025-05,16000,富山県,1010,1061,-51,2026-07-04T15:37:29.282165+00:00
2025-05,17000,石川県,1325,1385,-60,2026-07-04T15:37:29.282165+00:00
2025-05,18000,福井県,733,899,-166,2026-07-04T15:37:29.282165+00:00
2025-05,19000,山梨県,1068,1026,42,2026-07-04T15:37:29.282165+00:00
2025-05,20000,長野県,2267,2134,133,2026-07-04T15:37:29.282165+00:00
2025-05,21000,岐阜県,2380,2721,-341,2026-07-04T15:37:29.282165+00:00
2025-05,22000,静岡県,3970,4281,-311,2026-07-04T15:37:29.282165+00:00
2025-05,23000,愛知県,9017,8941,76,2026-07-04T15:37:29.282165+00:00
2025-05,24000,三重県,2140,2624,-484,2026-07-04T15:37:29.282165+00:00
2025-05,25000,滋賀県,2042,2083,-41,2026-07-04T15:37:29.282165+00:00
2025-05,26000,京都府,4037,4371,-334,2026-07-04T15:37:29.282165+00:00
2025-05,27000,大阪府,13649,12602,1047,2026-07-04T15:37:29.282165+00:00
2025-05,28000,兵庫県,6736,7163,-427,2026-07-04T15:37:29.282165+00:00
2025-05,29000,奈良県,1697,1876,-179,2026-07-04T15:37:29.282165+00:00
2025-05,30000,和歌山県,774,1005,-231,2026-07-04T15:37:29.282165+00:00
2025-05,31000,鳥取県,519,628,-109,2026-07-04T15:37:29.282165+00:00
2025-05,32000,島根県,653,705,-52,2026-07-04T15:37:29.282165+00:00
2025-05,33000,岡山県,1994,2246,-252,2026-07-04T15:37:29.282165+00:00
2025-05,34000,広島県,2897,3568,-671,2026-07-04T15:37:29.282165+00:00
2025-05,35000,山口県,1290,1649,-359,2026-07-04T15:37:29.282165+00:00
2025-05,36000,徳島県,693,816,-123,2026-07-04T15:37:29.282165+00:00
2025-05,37000,香川県,1161,1256,-95,2026-07-04T15:37:29.282165+00:00
2025-05,38000,愛媛県,1068,1567,-499,2026-07-04T15:37:29.282165+00:00
2025-05,39000,高知県,535,633,-98,2026-07-04T15:37:29.282165+00:00
2025-05,40000,福岡県,7103,6813,290,2026-07-04T15:37:29.282165+00:00
2025-05,41000,佐賀県,1114,1256,-142,2026-07-04T15:37:29.282165+00:00
2025-05,42000,長崎県,1314,1714,-400,2026-07-04T15:37:29.282165+00:00
2025-05,43000,熊本県,1853,2010,-157,2026-07-04T15:37:29.282165+00:00
2025-05,44000,大分県,1280,1424,-144,2026-07-04T15:37:29.282165+00:00
2025-05,45000,宮崎県,1087,1190,-103,2026-07-04T15:37:29.282165+00:00
2025-05,46000,鹿児島県,1633,1795,-162,2026-07-04T15:37:29.282165+00:00
2025-05,47000,沖縄県,1878,1886,-8,2026-07-04T15:37:29.282165+00:00
2025-06,01000,北海道,3886,3287,599,2026-07-04T15:37:29.282165+00:00
2025-06,02000,青森県,989,1109,-120,2026-07-04T15:37:29.282165+00:00
2025-06,03000,岩手県,1114,1113,1,2026-07-04T15:37:29.282165+00:00
2025-06,04000,宮城県,2565,2662,-97,2026-07-04T15:37:29.282165+00:00
2025-06,05000,秋田県,593,796,-203,2026-07-04T15:37:29.282165+00:00
2025-06,06000,山形県,735,834,-99,2026-07-04T15:37:29.282165+00:00
2025-06,07000,福島県,1455,1813,-358,2026-07-04T15:37:29.282165+00:00
2025-06,08000,茨城県,3826,4246,-420,2026-07-04T15:37:29.282165+00:00
2025-06,09000,栃木県,2713,2443,270,2026-07-04T15:37:29.282165+00:00
2025-06,10000,群馬県,2537,2490,47,2026-07-04T15:37:29.282165+00:00
2025-06,11000,埼玉県,13559,12527,1032,2026-07-04T15:37:29.282165+00:00
2025-06,12000,千葉県,11524,12040,-516,2026-07-04T15:37:29.282165+00:00
2025-06,13000,東京都,31094,28384,2710,2026-07-04T15:37:29.282165+00:00
2025-06,14000,神奈川県,16359,15507,852,2026-07-04T15:37:29.282165+00:00
2025-06,15000,新潟県,1417,1583,-166,2026-07-04T15:37:29.282165+00:00
2025-06,16000,富山県,986,1040,-54,2026-07-04T15:37:29.282165+00:00
2025-06,17000,石川県,1271,1323,-52,2026-07-04T15:37:29.282165+00:00
2025-06,18000,福井県,697,844,-147,2026-07-04T15:37:29.282165+00:00
2025-06,19000,山梨県,1073,978,95,2026-07-04T15:37:29.282165+00:00
2025-06,20000,長野県,2201,2126,75,2026-07-04T15:37:29.282165+00:00
2025-06,21000,岐阜県,2348,2548,-200,2026-07-04T15:37:29.282165+00:00
2025-06,22000,静岡県,3819,4120,-301,2026-07-04T15:37:29.282165+00:00
2025-06,23000,愛知県,8872,8933,-61,2026-07-04T15:37:29.282165+00:00
2025-06,24000,三重県,2148,2561,-413,2026-07-04T15:37:29.282165+00:00
2025-06,25000,滋賀県,2050,2017,33,2026-07-04T15:37:29.282165+00:00
2025-06,26000,京都府,3706,4102,-396,2026-07-04T15:37:29.282165+00:00
2025-06,27000,大阪府,12730,11996,734,2026-07-04T15:37:29.282165+00:00
2025-06,28000,兵庫県,6277,6677,-400,2026-07-04T15:37:29.282165+00:00
2025-06,29000,奈良県,1580,1726,-146,2026-07-04T15:37:29.282165+00:00
2025-06,30000,和歌山県,775,901,-126,2026-07-04T15:37:29.282165+00:00
2025-06,31000,鳥取県,460,550,-90,2026-07-04T15:37:29.282165+00:00
2025-06,32000,島根県,645,690,-45,2026-07-04T15:37:29.282165+00:00
2025-06,33000,岡山県,1780,2125,-345,2026-07-04T15:37:29.282165+00:00
2025-06,34000,広島県,2804,3277,-473,2026-07-04T15:37:29.282165+00:00
2025-06,35000,山口県,1262,1535,-273,2026-07-04T15:37:29.282165+00:00
2025-06,36000,徳島県,510,678,-168,2026-07-04T15:37:29.282165+00:00
2025-06,37000,香川県,972,1133,-161,2026-07-04T15:37:29.282165+00:00
2025-06,38000,愛媛県,1073,1283,-210,2026-07-04T15:37:29.282165+00:00
2025-06,39000,高知県,511,541,-30,2026-07-04T15:37:29.282165+00:00
2025-06,40000,福岡県,6191,6215,-24,2026-07-04T15:37:29.282165+00:00
2025-06,41000,佐賀県,1089,1083,6,2026-07-04T15:37:29.282165+00:00
2025-06,42000,長崎県,1340,1545,-205,2026-07-04T15:37:29.282165+00:00
2025-06,43000,熊本県,1748,1915,-167,2026-07-04T15:37:29.282165+00:00
2025-06,44000,大分県,1367,1378,-11,2026-07-04T15:37:29.282165+00:00
2025-06,45000,宮崎県,1115,1122,-7,2026-07-04T15:37:29.282165+00:00
2025-06,46000,鹿児島県,1505,1668,-163,2026-07-04T15:37:29.282165+00:00
2025-06,47000,沖縄県,1938,1745,193,2026-07-04T15:37:29.282165+00:00
2025-07,01000,北海道,4063,3339,724,2026-07-04T15:37:29.282165+00:00
2025-07,02000,青森県,1298,1237,61,2026-07-04T15:37:29.282165+00:00
2025-07,03000,岩手県,1297,1154,143,2026-07-04T15:37:29.282165+00:00
2025-07,04000,宮城県,3125,3151,-26,2026-07-04T15:37:29.282165+00:00
2025-07,05000,秋田県,777,852,-75,2026-07-04T15:37:29.282165+00:00
2025-07,06000,山形県,895,963,-68,2026-07-04T15:37:29.282165+00:00
2025-07,07000,福島県,1693,1975,-282,2026-07-04T15:37:29.282165+00:00
2025-07,08000,茨城県,4395,4346,49,2026-07-04T15:37:29.282165+00:00
2025-07,09000,栃木県,2957,2717,240,2026-07-04T15:37:29.282165+00:00
2025-07,10000,群馬県,2762,2591,171,2026-07-04T15:37:29.282165+00:00
2025-07,11000,埼玉県,14364,13830,534,2026-07-04T15:37:29.282165+00:00
2025-07,12000,千葉県,11929,12407,-478,2026-07-04T15:37:29.282165+00:00
2025-07,13000,東京都,32147,30207,1940,2026-07-04T15:37:29.282165+00:00
2025-07,14000,神奈川県,16375,17110,-735,2026-07-04T15:37:29.282165+00:00
2025-07,15000,新潟県,1684,1734,-50,2026-07-04T15:37:29.282165+00:00
2025-07,16000,富山県,1007,1031,-24,2026-07-04T15:37:29.282165+00:00
2025-07,17000,石川県,1415,1545,-130,2026-07-04T15:37:29.282165+00:00
2025-07,18000,福井県,740,850,-110,2026-07-04T15:37:29.282165+00:00
2025-07,19000,山梨県,1032,1025,7,2026-07-04T15:37:29.282165+00:00
2025-07,20000,長野県,2263,2146,117,2026-07-04T15:37:29.282165+00:00
2025-07,21000,岐阜県,2385,2602,-217,2026-07-04T15:37:29.282165+00:00
2025-07,22000,静岡県,4149,4135,14,2026-07-04T15:37:29.282165+00:00
2025-07,23000,愛知県,9474,9052,422,2026-07-04T15:37:29.282165+00:00
2025-07,24000,三重県,2278,2547,-269,2026-07-04T15:37:29.282165+00:00
2025-07,25000,滋賀県,2170,2293,-123,2026-07-04T15:37:29.282165+00:00
2025-07,26000,京都府,3755,4154,-399,2026-07-04T15:37:29.282165+00:00
2025-07,27000,大阪府,13122,12482,640,2026-07-04T15:37:29.282165+00:00
2025-07,28000,兵庫県,6830,6697,133,2026-07-04T15:37:29.282165+00:00
2025-07,29000,奈良県,1640,1662,-22,2026-07-04T15:37:29.282165+00:00
2025-07,30000,和歌山県,753,1032,-279,2026-07-04T15:37:29.282165+00:00
2025-07,31000,鳥取県,597,611,-14,2026-07-04T15:37:29.282165+00:00
2025-07,32000,島根県,822,774,48,2026-07-04T15:37:29.282165+00:00
2025-07,33000,岡山県,1896,2065,-169,2026-07-04T15:37:29.282165+00:00
2025-07,34000,広島県,3186,3709,-523,2026-07-04T15:37:29.282165+00:00
2025-07,35000,山口県,1375,2419,-1044,2026-07-04T15:37:29.282165+00:00
2025-07,36000,徳島県,627,765,-138,2026-07-04T15:37:29.282165+00:00
2025-07,37000,香川県,1195,1348,-153,2026-07-04T15:37:29.282165+00:00
2025-07,38000,愛媛県,1125,1533,-408,2026-07-04T15:37:29.282165+00:00
2025-07,39000,高知県,546,663,-117,2026-07-04T15:37:29.282165+00:00
2025-07,40000,福岡県,7068,6476,592,2026-07-04T15:37:29.282165+00:00
2025-07,41000,佐賀県,1275,1161,114,2026-07-04T15:37:29.282165+00:00
2025-07,42000,長崎県,1470,1805,-335,2026-07-04T15:37:29.282165+00:00
2025-07,43000,熊本県,2227,2138,89,2026-07-04T15:37:29.282165+00:00
2025-07,44000,大分県,1476,1454,22,2026-07-04T15:37:29.282165+00:00
2025-07,45000,宮崎県,1285,1262,23,2026-07-04T15:37:29.282165+00:00
2025-07,46000,鹿児島県,1730,2089,-359,2026-07-04T15:37:29.282165+00:00
2025-07,47000,沖縄県,2190,1726,464,2026-07-04T15:37:29.282165+00:00
2025-08,01000,北海道,3861,3691,170,2026-07-04T15:37:29.282165+00:00
2025-08,02000,青森県,1289,1291,-2,2026-07-04T15:37:29.282165+00:00
2025-08,03000,岩手県,995,1053,-58,2026-07-04T15:37:29.282165+00:00
2025-08,04000,宮城県,2622,2627,-5,2026-07-04T15:37:29.282165+00:00
2025-08,05000,秋田県,630,701,-71,2026-07-04T15:37:29.282165+00:00
2025-08,06000,山形県,826,941,-115,2026-07-04T15:37:29.282165+00:00
2025-08,07000,福島県,1392,1683,-291,2026-07-04T15:37:29.282165+00:00
2025-08,08000,茨城県,3645,3896,-251,2026-07-04T15:37:29.282165+00:00
2025-08,09000,栃木県,2522,2532,-10,2026-07-04T15:37:29.282165+00:00
2025-08,10000,群馬県,2374,2287,87,2026-07-04T15:37:29.282165+00:00
2025-08,11000,埼玉県,12796,11403,1393,2026-07-04T15:37:29.282165+00:00
2025-08,12000,千葉県,10768,10994,-226,2026-07-04T15:37:29.282165+00:00
2025-08,13000,東京都,28124,26563,1561,2026-07-04T15:37:29.282165+00:00
2025-08,14000,神奈川県,14602,14359,243,2026-07-04T15:37:29.282165+00:00
2025-08,15000,新潟県,1356,1589,-233,2026-07-04T15:37:29.282165+00:00
2025-08,16000,富山県,873,927,-54,2026-07-04T15:37:29.282165+00:00
2025-08,17000,石川県,1108,1357,-249,2026-07-04T15:37:29.282165+00:00
2025-08,18000,福井県,638,810,-172,2026-07-04T15:37:29.282165+00:00
2025-08,19000,山梨県,947,920,27,2026-07-04T15:37:29.282165+00:00
2025-08,20000,長野県,1947,1848,99,2026-07-04T15:37:29.282165+00:00
2025-08,21000,岐阜県,2259,2357,-98,2026-07-04T15:37:29.282165+00:00
2025-08,22000,静岡県,3624,3752,-128,2026-07-04T15:37:29.282165+00:00
2025-08,23000,愛知県,8024,8079,-55,2026-07-04T15:37:29.282165+00:00
2025-08,24000,三重県,2062,2306,-244,2026-07-04T15:37:29.282165+00:00
2025-08,25000,滋賀県,1970,1869,101,2026-07-04T15:37:29.282165+00:00
2025-08,26000,京都府,3480,3946,-466,2026-07-04T15:37:29.282165+00:00
2025-08,27000,大阪府,11564,10780,784,2026-07-04T15:37:29.282165+00:00
2025-08,28000,兵庫県,6097,6160,-63,2026-07-04T15:37:29.282165+00:00
2025-08,29000,奈良県,1451,1623,-172,2026-07-04T15:37:29.282165+00:00
2025-08,30000,和歌山県,764,807,-43,2026-07-04T15:37:29.282165+00:00
2025-08,31000,鳥取県,501,553,-52,2026-07-04T15:37:29.282165+00:00
2025-08,32000,島根県,628,729,-101,2026-07-04T15:37:29.282165+00:00
2025-08,33000,岡山県,1655,1890,-235,2026-07-04T15:37:29.282165+00:00
2025-08,34000,広島県,2681,3252,-571,2026-07-04T15:37:29.282165+00:00
2025-08,35000,山口県,1328,1509,-181,2026-07-04T15:37:29.282165+00:00
2025-08,36000,徳島県,587,619,-32,2026-07-04T15:37:29.282165+00:00
2025-08,37000,香川県,1019,1094,-75,2026-07-04T15:37:29.282165+00:00
2025-08,38000,愛媛県,1013,1286,-273,2026-07-04T15:37:29.282165+00:00
2025-08,39000,高知県,468,618,-150,2026-07-04T15:37:29.282165+00:00
2025-08,40000,福岡県,6300,5794,506,2026-07-04T15:37:29.282165+00:00
2025-08,41000,佐賀県,1075,1016,59,2026-07-04T15:37:29.282165+00:00
2025-08,42000,長崎県,1518,1771,-253,2026-07-04T15:37:29.282165+00:00
2025-08,43000,熊本県,1921,2032,-111,2026-07-04T15:37:29.282165+00:00
2025-08,44000,大分県,1196,1326,-130,2026-07-04T15:37:29.282165+00:00
2025-08,45000,宮崎県,1191,1208,-17,2026-07-04T15:37:29.282165+00:00
2025-08,46000,鹿児島県,1655,1805,-150,2026-07-04T15:37:29.282165+00:00
2025-08,47000,沖縄県,2160,1853,307,2026-07-04T15:37:29.282165+00:00
2025-09,01000,北海道,3667,3601,66,2026-07-04T15:37:29.282165+00:00
2025-09,02000,青森県,1147,1140,7,2026-07-04T15:37:29.282165+00:00
2025-09,03000,岩手県,1011,1215,-204,2026-07-04T15:37:29.282165+00:00
2025-09,04000,宮城県,2690,2659,31,2026-07-04T15:37:29.282165+00:00
2025-09,05000,秋田県,616,833,-217,2026-07-04T15:37:29.282165+00:00
2025-09,06000,山形県,784,880,-96,2026-07-04T15:37:29.282165+00:00
2025-09,07000,福島県,1607,1932,-325,2026-07-04T15:37:29.282165+00:00
2025-09,08000,茨城県,4050,4234,-184,2026-07-04T15:37:29.282165+00:00
2025-09,09000,栃木県,2513,2680,-167,2026-07-04T15:37:29.282165+00:00
2025-09,10000,群馬県,2529,2561,-32,2026-07-04T15:37:29.282165+00:00
2025-09,11000,埼玉県,13042,12021,1021,2026-07-04T15:37:29.282165+00:00
2025-09,12000,千葉県,11308,11647,-339,2026-07-04T15:37:29.282165+00:00
2025-09,13000,東京都,30685,28304,2381,2026-07-04T15:37:29.282165+00:00
2025-09,14000,神奈川県,16255,15049,1206,2026-07-04T15:37:29.282165+00:00
2025-09,15000,新潟県,1517,1730,-213,2026-07-04T15:37:29.282165+00:00
2025-09,16000,富山県,958,1108,-150,2026-07-04T15:37:29.282165+00:00
2025-09,17000,石川県,1301,1325,-24,2026-07-04T15:37:29.282165+00:00
2025-09,18000,福井県,653,859,-206,2026-07-04T15:37:29.282165+00:00
2025-09,19000,山梨県,994,1001,-7,2026-07-04T15:37:29.282165+00:00
2025-09,20000,長野県,2211,2126,85,2026-07-04T15:37:29.282165+00:00
2025-09,21000,岐阜県,2511,2446,65,2026-07-04T15:37:29.282165+00:00
2025-09,22000,静岡県,3924,4066,-142,2026-07-04T15:37:29.282165+00:00
2025-09,23000,愛知県,8488,9108,-620,2026-07-04T15:37:29.282165+00:00
2025-09,24000,三重県,2304,2676,-372,2026-07-04T15:37:29.282165+00:00
2025-09,25000,滋賀県,2191,1956,235,2026-07-04T15:37:29.282165+00:00
2025-09,26000,京都府,3720,4161,-441,2026-07-04T15:37:29.282165+00:00
2025-09,27000,大阪府,12471,11403,1068,2026-07-04T15:37:29.282165+00:00
2025-09,28000,兵庫県,6395,6479,-84,2026-07-04T15:37:29.282165+00:00
2025-09,29000,奈良県,1677,1579,98,2026-07-04T15:37:29.282165+00:00
2025-09,30000,和歌山県,740,857,-117,2026-07-04T15:37:29.282165+00:00
2025-09,31000,鳥取県,492,578,-86,2026-07-04T15:37:29.282165+00:00
2025-09,32000,島根県,639,732,-93,2026-07-04T15:37:29.282165+00:00
2025-09,33000,岡山県,1898,2092,-194,2026-07-04T15:37:29.282165+00:00
2025-09,34000,広島県,2705,3316,-611,2026-07-04T15:37:29.282165+00:00
2025-09,35000,山口県,1319,1446,-127,2026-07-04T15:37:29.282165+00:00
2025-09,36000,徳島県,595,642,-47,2026-07-04T15:37:29.282165+00:00
2025-09,37000,香川県,1050,1077,-27,2026-07-04T15:37:29.282165+00:00
2025-09,38000,愛媛県,999,1296,-297,2026-07-04T15:37:29.282165+00:00
2025-09,39000,高知県,503,625,-122,2026-07-04T15:37:29.282165+00:00
2025-09,40000,福岡県,6377,6389,-12,2026-07-04T15:37:29.282165+00:00
2025-09,41000,佐賀県,1131,1052,79,2026-07-04T15:37:29.282165+00:00
2025-09,42000,長崎県,1452,1546,-94,2026-07-04T15:37:29.282165+00:00
2025-09,43000,熊本県,1831,2039,-208,2026-07-04T15:37:29.282165+00:00
2025-09,44000,大分県,1304,1623,-319,2026-07-04T15:37:29.282165+00:00
2025-09,45000,宮崎県,1059,1204,-145,2026-07-04T15:37:29.282165+00:00
2025-09,46000,鹿児島県,1550,1730,-180,2026-07-04T15:37:29.282165+00:00
2025-09,47000,沖縄県,1799,1639,160,2026-07-04T15:37:29.282165+00:00
2025-10,01000,北海道,3407,3961,-554,2026-07-04T15:37:29.282165+00:00
2025-10,02000,青森県,1165,1044,121,2026-07-04T15:37:29.282165+00:00
2025-10,03000,岩手県,1014,1083,-69,2026-07-04T15:37:29.282165+00:00
2025-10,04000,宮城県,2491,2639,-148,2026-07-04T15:37:29.282165+00:00
2025-10,05000,秋田県,655,708,-53,2026-07-04T15:37:29.282165+00:00
2025-10,06000,山形県,713,902,-189,2026-07-04T15:37:29.282165+00:00
2025-10,07000,福島県,1500,1662,-162,2026-07-04T15:37:29.282165+00:00
2025-10,08000,茨城県,4008,4362,-354,2026-07-04T15:37:29.282165+00:00
2025-10,09000,栃木県,2522,2639,-117,2026-07-04T15:37:29.282165+00:00
2025-10,10000,群馬県,2604,2553,51,2026-07-04T15:37:29.282165+00:00
2025-10,11000,埼玉県,14018,12558,1460,2026-07-04T15:37:29.282165+00:00
2025-10,12000,千葉県,11480,11270,210,2026-07-04T15:37:29.282165+00:00
2025-10,13000,東京都,29182,28955,227,2026-07-04T15:37:29.282165+00:00
2025-10,14000,神奈川県,16175,15187,988,2026-07-04T15:37:29.282165+00:00
2025-10,15000,新潟県,1493,1591,-98,2026-07-04T15:37:29.282165+00:00
2025-10,16000,富山県,912,1095,-183,2026-07-04T15:37:29.282165+00:00
2025-10,17000,石川県,1235,1266,-31,2026-07-04T15:37:29.282165+00:00
2025-10,18000,福井県,691,840,-149,2026-07-04T15:37:29.282165+00:00
2025-10,19000,山梨県,1071,974,97,2026-07-04T15:37:29.282165+00:00
2025-10,20000,長野県,2156,2150,6,2026-07-04T15:37:29.282165+00:00
2025-10,21000,岐阜県,2384,2450,-66,2026-07-04T15:37:29.282165+00:00
2025-10,22000,静岡県,3721,3882,-161,2026-07-04T15:37:29.282165+00:00
2025-10,23000,愛知県,8056,8601,-545,2026-07-04T15:37:29.282165+00:00
2025-10,24000,三重県,2181,2305,-124,2026-07-04T15:37:29.282165+00:00
2025-10,25000,滋賀県,2023,1885,138,2026-07-04T15:37:29.282165+00:00
2025-10,26000,京都府,3705,3884,-179,2026-07-04T15:37:29.282165+00:00
2025-10,27000,大阪府,12152,11543,609,2026-07-04T15:37:29.282165+00:00
2025-10,28000,兵庫県,6408,6126,282,2026-07-04T15:37:29.282165+00:00
2025-10,29000,奈良県,1657,1591,66,2026-07-04T15:37:29.282165+00:00
2025-10,30000,和歌山県,788,854,-66,2026-07-04T15:37:29.282165+00:00
2025-10,31000,鳥取県,537,568,-31,2026-07-04T15:37:29.282165+00:00
2025-10,32000,島根県,633,647,-14,2026-07-04T15:37:29.282165+00:00
2025-10,33000,岡山県,1770,2056,-286,2026-07-04T15:37:29.282165+00:00
2025-10,34000,広島県,2606,3187,-581,2026-07-04T15:37:29.282165+00:00
2025-10,35000,山口県,1365,1384,-19,2026-07-04T15:37:29.282165+00:00
2025-10,36000,徳島県,596,616,-20,2026-07-04T15:37:29.282165+00:00
2025-10,37000,香川県,1082,1024,58,2026-07-04T15:37:29.282165+00:00
2025-10,38000,愛媛県,1004,1262,-258,2026-07-04T15:37:29.282165+00:00
2025-10,39000,高知県,457,532,-75,2026-07-04T15:37:29.282165+00:00
2025-10,40000,福岡県,6121,6116,5,2026-07-04T15:37:29.282165+00:00
2025-10,41000,佐賀県,1174,1062,112,2026-07-04T15:37:29.282165+00:00
2025-10,42000,長崎県,1382,1436,-54,2026-07-04T15:37:29.282165+00:00
2025-10,43000,熊本県,1890,1930,-40,2026-07-04T15:37:29.282165+00:00
2025-10,44000,大分県,1361,1334,27,2026-07-04T15:37:29.282165+00:00
2025-10,45000,宮崎県,1099,1070,29,2026-07-04T15:37:29.282165+00:00
2025-10,46000,鹿児島県,1577,1637,-60,2026-07-04T15:37:29.282165+00:00
2025-10,47000,沖縄県,1836,1636,200,2026-07-04T15:37:29.282165+00:00
2025-11,01000,北海道,2587,3121,-534,2026-07-04T15:37:29.282165+00:00
2025-11,02000,青森県,800,820,-20,2026-07-04T15:37:29.282165+00:00
2025-11,03000,岩手県,739,913,-174,2026-07-04T15:37:29.282165+00:00
2025-11,04000,宮城県,1984,1790,194,2026-07-04T15:37:29.282165+00:00
2025-11,05000,秋田県,485,558,-73,2026-07-04T15:37:29.282165+00:00
2025-11,06000,山形県,567,670,-103,2026-07-04T15:37:29.282165+00:00
2025-11,07000,福島県,1188,1388,-200,2026-07-04T15:37:29.282165+00:00
2025-11,08000,茨城県,3269,3226,43,2026-07-04T15:37:29.282165+00:00
2025-11,09000,栃木県,2052,2065,-13,2026-07-04T15:37:29.282165+00:00
2025-11,10000,群馬県,2107,2121,-14,2026-07-04T15:37:29.282165+00:00
2025-11,11000,埼玉県,11256,10051,1205,2026-07-04T15:37:29.282165+00:00
2025-11,12000,千葉県,9260,9499,-239,2026-07-04T15:37:29.282165+00:00
2025-11,13000,東京都,23449,23287,162,2026-07-04T15:37:29.282165+00:00
2025-11,14000,神奈川県,13022,12411,611,2026-07-04T15:37:29.282165+00:00
2025-11,15000,新潟県,1107,1196,-89,2026-07-04T15:37:29.282165+00:00
2025-11,16000,富山県,761,773,-12,2026-07-04T15:37:29.282165+00:00
2025-11,17000,石川県,933,993,-60,2026-07-04T15:37:29.282165+00:00
2025-11,18000,福井県,477,613,-136,2026-07-04T15:37:29.282165+00:00
2025-11,19000,山梨県,706,799,-93,2026-07-04T15:37:29.282165+00:00
2025-11,20000,長野県,1583,1761,-178,2026-07-04T15:37:29.282165+00:00
2025-11,21000,岐阜県,1907,1926,-19,2026-07-04T15:37:29.282165+00:00
2025-11,22000,静岡県,3060,2938,122,2026-07-04T15:37:29.282165+00:00
2025-11,23000,愛知県,6303,6720,-417,2026-07-04T15:37:29.282165+00:00
2025-11,24000,三重県,1827,1827,0,2026-07-04T15:37:29.282165+00:00
2025-11,25000,滋賀県,1619,1445,174,2026-07-04T15:37:29.282165+00:00
2025-11,26000,京都府,2886,2972,-86,2026-07-04T15:37:29.282165+00:00
2025-11,27000,大阪府,9400,9490,-90,2026-07-04T15:37:29.282165+00:00
2025-11,28000,兵庫県,5152,4725,427,2026-07-04T15:37:29.282165+00:00
2025-11,29000,奈良県,1402,1284,118,2026-07-04T15:37:29.282165+00:00
2025-11,30000,和歌山県,644,664,-20,2026-07-04T15:37:29.282165+00:00
2025-11,31000,鳥取県,384,459,-75,2026-07-04T15:37:29.282165+00:00
2025-11,32000,島根県,525,531,-6,2026-07-04T15:37:29.282165+00:00
2025-11,33000,岡山県,1320,1511,-191,2026-07-04T15:37:29.282165+00:00
2025-11,34000,広島県,1848,2594,-746,2026-07-04T15:37:29.282165+00:00
2025-11,35000,山口県,1030,1080,-50,2026-07-04T15:37:29.282165+00:00
2025-11,36000,徳島県,507,505,2,2026-07-04T15:37:29.282165+00:00
2025-11,37000,香川県,821,789,32,2026-07-04T15:37:29.282165+00:00
2025-11,38000,愛媛県,845,958,-113,2026-07-04T15:37:29.282165+00:00
2025-11,39000,高知県,401,457,-56,2026-07-04T15:37:29.282165+00:00
2025-11,40000,福岡県,4649,4396,253,2026-07-04T15:37:29.282165+00:00
2025-11,41000,佐賀県,842,774,68,2026-07-04T15:37:29.282165+00:00
2025-11,42000,長崎県,1087,1014,73,2026-07-04T15:37:29.282165+00:00
2025-11,43000,熊本県,1347,1384,-37,2026-07-04T15:37:29.282165+00:00
2025-11,44000,大分県,962,1015,-53,2026-07-04T15:37:29.282165+00:00
2025-11,45000,宮崎県,913,760,153,2026-07-04T15:37:29.282165+00:00
2025-11,46000,鹿児島県,1242,1126,116,2026-07-04T15:37:29.282165+00:00
2025-11,47000,沖縄県,1428,1284,144,2026-07-04T15:37:29.282165+00:00
2025-12,01000,北海道,2862,3135,-273,2026-07-04T15:37:29.282165+00:00
2025-12,02000,青森県,901,962,-61,2026-07-04T15:37:29.282165+00:00
2025-12,03000,岩手県,844,897,-53,2026-07-04T15:37:29.282165+00:00
2025-12,04000,宮城県,1976,1968,8,2026-07-04T15:37:29.282165+00:00
2025-12,05000,秋田県,500,592,-92,2026-07-04T15:37:29.282165+00:00
2025-12,06000,山形県,652,738,-86,2026-07-04T15:37:29.282165+00:00
2025-12,07000,福島県,1375,1471,-96,2026-07-04T15:37:29.282165+00:00
2025-12,08000,茨城県,3457,3636,-179,2026-07-04T15:37:29.282165+00:00
2025-12,09000,栃木県,2418,2248,170,2026-07-04T15:37:29.282165+00:00
2025-12,10000,群馬県,2330,2323,7,2026-07-04T15:37:29.282165+00:00
2025-12,11000,埼玉県,12966,11336,1630,2026-07-04T15:37:29.282165+00:00
2025-12,12000,千葉県,10666,10630,36,2026-07-04T15:37:29.282165+00:00
2025-12,13000,東京都,26701,27556,-855,2026-07-04T15:37:29.282165+00:00
2025-12,14000,神奈川県,15082,14253,829,2026-07-04T15:37:29.282165+00:00
2025-12,15000,新潟県,1269,1384,-115,2026-07-04T15:37:29.282165+00:00
2025-12,16000,富山県,699,931,-232,2026-07-04T15:37:29.282165+00:00
2025-12,17000,石川県,1027,1044,-17,2026-07-04T15:37:29.282165+00:00
2025-12,18000,福井県,549,684,-135,2026-07-04T15:37:29.282165+00:00
2025-12,19000,山梨県,862,918,-56,2026-07-04T15:37:29.282165+00:00
2025-12,20000,長野県,1973,1887,86,2026-07-04T15:37:29.282165+00:00
2025-12,21000,岐阜県,2278,2274,4,2026-07-04T15:37:29.282165+00:00
2025-12,22000,静岡県,3392,3379,13,2026-07-04T15:37:29.282165+00:00
2025-12,23000,愛知県,7125,7565,-440,2026-07-04T15:37:29.282165+00:00
2025-12,24000,三重県,1901,2088,-187,2026-07-04T15:37:29.282165+00:00
2025-12,25000,滋賀県,2036,1985,51,2026-07-04T15:37:29.282165+00:00
2025-12,26000,京都府,3304,3758,-454,2026-07-04T15:37:29.282165+00:00
2025-12,27000,大阪府,11023,11106,-83,2026-07-04T15:37:29.282165+00:00
2025-12,28000,兵庫県,6260,5781,479,2026-07-04T15:37:29.282165+00:00
2025-12,29000,奈良県,1723,1715,8,2026-07-04T15:37:29.282165+00:00
2025-12,30000,和歌山県,757,696,61,2026-07-04T15:37:29.282165+00:00
2025-12,31000,鳥取県,428,466,-38,2026-07-04T15:37:29.282165+00:00
2025-12,32000,島根県,630,689,-59,2026-07-04T15:37:29.282165+00:00
2025-12,33000,岡山県,1506,1653,-147,2026-07-04T15:37:29.282165+00:00
2025-12,34000,広島県,2267,2695,-428,2026-07-04T15:37:29.282165+00:00
2025-12,35000,山口県,1269,1327,-58,2026-07-04T15:37:29.282165+00:00
2025-12,36000,徳島県,563,606,-43,2026-07-04T15:37:29.282165+00:00
2025-12,37000,香川県,820,921,-101,2026-07-04T15:37:29.282165+00:00
2025-12,38000,愛媛県,864,1014,-150,2026-07-04T15:37:29.282165+00:00
2025-12,39000,高知県,464,500,-36,2026-07-04T15:37:29.282165+00:00
2025-12,40000,福岡県,5711,5006,705,2026-07-04T15:37:29.282165+00:00
2025-12,41000,佐賀県,958,922,36,2026-07-04T15:37:29.282165+00:00
2025-12,42000,長崎県,1158,1235,-77,2026-07-04T15:37:29.282165+00:00
2025-12,43000,熊本県,1595,1611,-16,2026-07-04T15:37:29.282165+00:00
2025-12,44000,大分県,1097,1160,-63,2026-07-04T15:37:29.282165+00:00
2025-12,45000,宮崎県,988,970,18,2026-07-04T15:37:29.282165+00:00
2025-12,46000,鹿児島県,1483,1320,163,2026-07-04T15:37:29.282165+00:00
2025-12,47000,沖縄県,1841,1515,326,2026-07-04T15:37:29.282165+00:00
2026-01,01000,北海道,2701,2893,-192,2026-07-04T15:37:29.282165+00:00
2026-01,02000,青森県,727,938,-211,2026-07-04T15:37:29.282165+00:00
2026-01,03000,岩手県,827,996,-169,2026-07-04T15:37:29.282165+00:00
2026-01,04000,宮城県,2137,2293,-156,2026-07-04T15:37:29.282165+00:00
2026-01,05000,秋田県,462,673,-211,2026-07-04T15:37:29.282165+00:00
2026-01,06000,山形県,577,781,-204,2026-07-04T15:37:29.282165+00:00
2026-01,07000,福島県,1290,1566,-276,2026-07-04T15:37:29.282165+00:00
2026-01,08000,茨城県,3510,3766,-256,2026-07-04T15:37:29.282165+00:00
2026-01,09000,栃木県,2396,2392,4,2026-07-04T15:37:29.282165+00:00
2026-01,10000,群馬県,2425,2236,189,2026-07-04T15:37:29.282165+00:00
2026-01,11000,埼玉県,12182,10700,1482,2026-07-04T15:37:29.282165+00:00
2026-01,12000,千葉県,10383,10529,-146,2026-07-04T15:37:29.282165+00:00
2026-01,13000,東京都,27465,25038,2427,2026-07-04T15:37:29.282165+00:00
2026-01,14000,神奈川県,14120,13152,968,2026-07-04T15:37:29.282165+00:00
2026-01,15000,新潟県,1202,1411,-209,2026-07-04T15:37:29.282165+00:00
2026-01,16000,富山県,706,925,-219,2026-07-04T15:37:29.282165+00:00
2026-01,17000,石川県,1043,1164,-121,2026-07-04T15:37:29.282165+00:00
2026-01,18000,福井県,588,722,-134,2026-07-04T15:37:29.282165+00:00
2026-01,19000,山梨県,765,1001,-236,2026-07-04T15:37:29.282165+00:00
2026-01,20000,長野県,1761,1869,-108,2026-07-04T15:37:29.282165+00:00
2026-01,21000,岐阜県,2108,2292,-184,2026-07-04T15:37:29.282165+00:00
2026-01,22000,静岡県,3507,3678,-171,2026-07-04T15:37:29.282165+00:00
2026-01,23000,愛知県,7772,7819,-47,2026-07-04T15:37:29.282165+00:00
2026-01,24000,三重県,2014,2275,-261,2026-07-04T15:37:29.282165+00:00
2026-01,25000,滋賀県,1855,1816,39,2026-07-04T15:37:29.282165+00:00
2026-01,26000,京都府,3362,3531,-169,2026-07-04T15:37:29.282165+00:00
2026-01,27000,大阪府,11080,10543,537,2026-07-04T15:37:29.282165+00:00
2026-01,28000,兵庫県,5649,5743,-94,2026-07-04T15:37:29.282165+00:00
2026-01,29000,奈良県,1495,1626,-131,2026-07-04T15:37:29.282165+00:00
2026-01,30000,和歌山県,721,900,-179,2026-07-04T15:37:29.282165+00:00
2026-01,31000,鳥取県,466,439,27,2026-07-04T15:37:29.282165+00:00
2026-01,32000,島根県,722,683,39,2026-07-04T15:37:29.282165+00:00
2026-01,33000,岡山県,1660,1947,-287,2026-07-04T15:37:29.282165+00:00
2026-01,34000,広島県,2578,2834,-256,2026-07-04T15:37:29.282165+00:00
2026-01,35000,山口県,1263,1356,-93,2026-07-04T15:37:29.282165+00:00
2026-01,36000,徳島県,522,681,-159,2026-07-04T15:37:29.282165+00:00
2026-01,37000,香川県,948,993,-45,2026-07-04T15:37:29.282165+00:00
2026-01,38000,愛媛県,1057,1211,-154,2026-07-04T15:37:29.282165+00:00
2026-01,39000,高知県,540,503,37,2026-07-04T15:37:29.282165+00:00
2026-01,40000,福岡県,5844,5895,-51,2026-07-04T15:37:29.282165+00:00
2026-01,41000,佐賀県,933,1006,-73,2026-07-04T15:37:29.282165+00:00
2026-01,42000,長崎県,1206,1389,-183,2026-07-04T15:37:29.282165+00:00
2026-01,43000,熊本県,1543,1987,-444,2026-07-04T15:37:29.282165+00:00
2026-01,44000,大分県,1253,1281,-28,2026-07-04T15:37:29.282165+00:00
2026-01,45000,宮崎県,1095,1085,10,2026-07-04T15:37:29.282165+00:00
2026-01,46000,鹿児島県,1425,1497,-72,2026-07-04T15:37:29.282165+00:00
2026-01,47000,沖縄県,1795,1625,170,2026-07-04T15:37:29.282165+00:00
2026-02,01000,北海道,2748,3096,-348,2026-07-04T15:37:29.282165+00:00
2026-02,02000,青森県,784,985,-201,2026-07-04T15:37:29.282165+00:00
2026-02,03000,岩手県,925,1074,-149,2026-07-04T15:37:29.282165+00:00
2026-02,04000,宮城県,2458,2483,-25,2026-07-04T15:37:29.282165+00:00
2026-02,05000,秋田県,566,741,-175,2026-07-04T15:37:29.282165+00:00
2026-02,06000,山形県,644,833,-189,2026-07-04T15:37:29.282165+00:00
2026-02,07000,福島県,1401,1951,-550,2026-07-04T15:37:29.282165+00:00
2026-02,08000,茨城県,3836,4067,-231,2026-07-04T15:37:29.282165+00:00
2026-02,09000,栃木県,2366,2551,-185,2026-07-04T15:37:29.282165+00:00
2026-02,10000,群馬県,2462,2521,-59,2026-07-04T15:37:29.282165+00:00
2026-02,11000,埼玉県,13424,11544,1880,2026-07-04T15:37:29.282165+00:00
2026-02,12000,千葉県,11113,11097,16,2026-07-04T15:37:29.282165+00:00
2026-02,13000,東京都,30392,27281,3111,2026-07-04T15:37:29.282165+00:00
2026-02,14000,神奈川県,16141,14744,1397,2026-07-04T15:37:29.282165+00:00
2026-02,15000,新潟県,1225,1664,-439,2026-07-04T15:37:29.282165+00:00
2026-02,16000,富山県,855,1019,-164,2026-07-04T15:37:29.282165+00:00
2026-02,17000,石川県,1033,1387,-354,2026-07-04T15:37:29.282165+00:00
2026-02,18000,福井県,621,788,-167,2026-07-04T15:37:29.282165+00:00
2026-02,19000,山梨県,868,1190,-322,2026-07-04T15:37:29.282165+00:00
2026-02,20000,長野県,1885,1944,-59,2026-07-04T15:37:29.282165+00:00
2026-02,21000,岐阜県,2288,2545,-257,2026-07-04T15:37:29.282165+00:00
2026-02,22000,静岡県,3592,4014,-422,2026-07-04T15:37:29.282165+00:00
2026-02,23000,愛知県,8148,8087,61,2026-07-04T15:37:29.282165+00:00
2026-02,24000,三重県,2055,2271,-216,2026-07-04T15:37:29.282165+00:00
2026-02,25000,滋賀県,2031,1942,89,2026-07-04T15:37:29.282165+00:00
2026-02,26000,京都府,3658,4117,-459,2026-07-04T15:37:29.282165+00:00
2026-02,27000,大阪府,11774,10841,933,2026-07-04T15:37:29.282165+00:00
2026-02,28000,兵庫県,6368,6119,249,2026-07-04T15:37:29.282165+00:00
2026-02,29000,奈良県,1612,1860,-248,2026-07-04T15:37:29.282165+00:00
2026-02,30000,和歌山県,800,890,-90,2026-07-04T15:37:29.282165+00:00
2026-02,31000,鳥取県,477,592,-115,2026-07-04T15:37:29.282165+00:00
2026-02,32000,島根県,671,821,-150,2026-07-04T15:37:29.282165+00:00
2026-02,33000,岡山県,1871,2293,-422,2026-07-04T15:37:29.282165+00:00
2026-02,34000,広島県,2795,3337,-542,2026-07-04T15:37:29.282165+00:00
2026-02,35000,山口県,1302,1553,-251,2026-07-04T15:37:29.282165+00:00
2026-02,36000,徳島県,547,707,-160,2026-07-04T15:37:29.282165+00:00
2026-02,37000,香川県,992,1082,-90,2026-07-04T15:37:29.282165+00:00
2026-02,38000,愛媛県,1077,1447,-370,2026-07-04T15:37:29.282165+00:00
2026-02,39000,高知県,540,712,-172,2026-07-04T15:37:29.282165+00:00
2026-02,40000,福岡県,6050,5807,243,2026-07-04T15:37:29.282165+00:00
2026-02,41000,佐賀県,1100,1058,42,2026-07-04T15:37:29.282165+00:00
2026-02,42000,長崎県,1209,1548,-339,2026-07-04T15:37:29.282165+00:00
2026-02,43000,熊本県,1648,1849,-201,2026-07-04T15:37:29.282165+00:00
2026-02,44000,大分県,1295,1342,-47,2026-07-04T15:37:29.282165+00:00
2026-02,45000,宮崎県,1065,1077,-12,2026-07-04T15:37:29.282165+00:00
2026-02,46000,鹿児島県,1445,1484,-39,2026-07-04T15:37:29.282165+00:00
2026-02,47000,沖縄県,1836,1638,198,2026-07-04T15:37:29.282165+00:00
2026-03,01000,北海道,10492,15172,-4680,2026-07-04T15:37:29.282165+00:00
2026-03,02000,青森県,2799,5782,-2983,2026-07-04T15:37:29.282165+00:00
2026-03,03000,岩手県,2976,5287,-2311,2026-07-04T15:37:29.282165+00:00
2026-03,04000,宮城県,10306,12203,-1897,2026-07-04T15:37:29.282165+00:00
2026-03,05000,秋田県,1804,4064,-2260,2026-07-04T15:37:29.282165+00:00
2026-03,06000,山形県,2431,4752,-2321,2026-07-04T15:37:29.282165+00:00
2026-03,07000,福島県,4677,7795,-3118,2026-07-04T15:37:29.282165+00:00
2026-03,08000,茨城県,10345,12232,-1887,2026-07-04T15:37:29.282165+00:00
2026-03,09000,栃木県,7115,8839,-1724,2026-07-04T15:37:29.282165+00:00
2026-03,10000,群馬県,6577,8351,-1774,2026-07-04T15:37:29.282165+00:00
2026-03,11000,埼玉県,37541,27364,10177,2026-07-04T15:37:29.282165+00:00
2026-03,12000,千葉県,34758,25993,8765,2026-07-04T15:37:29.282165+00:00
2026-03,13000,東京都,99461,63140,36321,2026-07-04T15:37:29.282165+00:00
2026-03,14000,神奈川県,50296,33117,17179,2026-07-04T15:37:29.282165+00:00
2026-03,15000,新潟県,4427,8664,-4237,2026-07-04T15:37:29.282165+00:00
2026-03,16000,富山県,3022,3743,-721,2026-07-04T15:37:29.282165+00:00
2026-03,17000,石川県,3749,5579,-1830,2026-07-04T15:37:29.282165+00:00
2026-03,18000,福井県,1983,3024,-1041,2026-07-04T15:37:29.282165+00:00
2026-03,19000,山梨県,2881,3904,-1023,2026-07-04T15:37:29.282165+00:00
2026-03,20000,長野県,6127,8654,-2527,2026-07-04T15:37:29.282165+00:00
2026-03,21000,岐阜県,5574,8244,-2670,2026-07-04T15:37:29.282165+00:00
2026-03,22000,静岡県,11362,14981,-3619,2026-07-04T15:37:29.282165+00:00
2026-03,23000,愛知県,28287,25888,2399,2026-07-04T15:37:29.282165+00:00
2026-03,24000,三重県,5557,7378,-1821,2026-07-04T15:37:29.282165+00:00
2026-03,25000,滋賀県,5768,6597,-829,2026-07-04T15:37:29.282165+00:00
2026-03,26000,京都府,13419,14791,-1372,2026-07-04T15:37:29.282165+00:00
2026-03,27000,大阪府,39920,32928,6992,2026-07-04T15:37:29.282165+00:00
2026-03,28000,兵庫県,21083,21921,-838,2026-07-04T15:37:29.282165+00:00
2026-03,29000,奈良県,4353,5579,-1226,2026-07-04T15:37:29.282165+00:00
2026-03,30000,和歌山県,2082,3516,-1434,2026-07-04T15:37:29.282165+00:00
2026-03,31000,鳥取県,1600,2801,-1201,2026-07-04T15:37:29.282165+00:00
2026-03,32000,島根県,1950,3378,-1428,2026-07-04T15:37:29.282165+00:00
2026-03,33000,岡山県,6220,8419,-2199,2026-07-04T15:37:29.282165+00:00
2026-03,34000,広島県,9701,13108,-3407,2026-07-04T15:37:29.282165+00:00
2026-03,35000,山口県,4012,6469,-2457,2026-07-04T15:37:29.282165+00:00
2026-03,36000,徳島県,1943,3147,-1204,2026-07-04T15:37:29.282165+00:00
2026-03,37000,香川県,3339,4629,-1290,2026-07-04T15:37:29.282165+00:00
2026-03,38000,愛媛県,3299,5664,-2365,2026-07-04T15:37:29.282165+00:00
2026-03,39000,高知県,1695,3291,-1596,2026-07-04T15:37:29.282165+00:00
2026-03,40000,福岡県,22989,23041,-52,2026-07-04T15:37:29.282165+00:00
2026-03,41000,佐賀県,3158,4130,-972,2026-07-04T15:37:29.282165+00:00
2026-03,42000,長崎県,4358,7318,-2960,2026-07-04T15:37:29.282165+00:00
2026-03,43000,熊本県,5942,7514,-1572,2026-07-04T15:37:29.282165+00:00
2026-03,44000,大分県,3567,5254,-1687,2026-07-04T15:37:29.282165+00:00
2026-03,45000,宮崎県,3266,5415,-2149,2026-07-04T15:37:29.282165+00:00
2026-03,46000,鹿児島県,4679,7672,-2993,2026-07-04T15:37:29.282165+00:00
2026-03,47000,沖縄県,5273,7431,-2158,2026-07-04T15:37:29.282165+00:00
2026-04,01000,北海道,9625,10231,-606,2026-07-04T16:05:22.999544+00:00
2026-04,02000,青森県,2588,3716,-1128,2026-07-04T16:05:22.999544+00:00
2026-04,03000,岩手県,2613,3550,-937,2026-07-04T16:05:22.999544+00:00
2026-04,04000,宮城県,8241,7786,455,2026-07-04T16:05:22.999544+00:00
2026-04,05000,秋田県,1733,2554,-821,2026-07-04T16:05:22.999544+00:00
2026-04,06000,山形県,2104,2824,-720,2026-07-04T16:05:22.999544+00:00
2026-04,07000,福島県,3762,4793,-1031,2026-07-04T16:05:22.999544+00:00
2026-04,08000,茨城県,7725,8748,-1023,2026-07-04T16:05:22.999544+00:00
2026-04,09000,栃木県,4990,5573,-583,2026-07-04T16:05:22.999544+00:00
2026-04,10000,群馬県,5159,5318,-159,2026-07-04T16:05:22.999544+00:00
2026-04,11000,埼玉県,24381,20548,3833,2026-07-04T16:05:22.999544+00:00
2026-04,12000,千葉県,21431,19676,1755,2026-07-04T16:05:22.999544+00:00
2026-04,13000,東京都,59290,52661,6629,2026-07-04T16:05:22.999544+00:00
2026-04,14000,神奈川県,33136,25633,7503,2026-07-04T16:05:22.999544+00:00
2026-04,15000,新潟県,4055,4974,-919,2026-07-04T16:05:22.999544+00:00
2026-04,16000,富山県,2065,2512,-447,2026-07-04T16:05:22.999544+00:00
2026-04,17000,石川県,3359,3338,21,2026-07-04T16:05:22.999544+00:00
2026-04,18000,福井県,1449,1927,-478,2026-07-04T16:05:22.999544+00:00
2026-04,19000,山梨県,2624,2299,325,2026-07-04T16:05:22.999544+00:00
2026-04,20000,長野県,5032,5252,-220,2026-07-04T16:05:22.999544+00:00
2026-04,21000,岐阜県,3940,5041,-1101,2026-07-04T16:05:22.999544+00:00
2026-04,22000,静岡県,7829,9237,-1408,2026-07-04T16:05:22.999544+00:00
2026-04,23000,愛知県,17599,18799,-1200,2026-07-04T16:05:22.999544+00:00
2026-04,24000,三重県,4089,4827,-738,2026-07-04T16:05:22.999544+00:00
2026-04,25000,滋賀県,4327,3856,471,2026-07-04T16:05:22.999544+00:00
2026-04,26000,京都府,10213,8574,1639,2026-07-04T16:05:22.999544+00:00
2026-04,27000,大阪府,25380,24344,1036,2026-07-04T16:05:22.999544+00:00
2026-04,28000,兵庫県,13575,14281,-706,2026-07-04T16:05:22.999544+00:00
2026-04,29000,奈良県,3638,3488,150,2026-07-04T16:05:22.999544+00:00
2026-04,30000,和歌山県,1686,2269,-583,2026-07-04T16:05:22.999544+00:00
2026-04,31000,鳥取県,1430,1806,-376,2026-07-04T16:05:22.999544+00:00
2026-04,32000,島根県,2016,2129,-113,2026-07-04T16:05:22.999544+00:00
2026-04,33000,岡山県,4392,5519,-1127,2026-07-04T16:05:22.999544+00:00
2026-04,34000,広島県,7873,8653,-780,2026-07-04T16:05:22.999544+00:00
2026-04,35000,山口県,4251,3979,272,2026-07-04T16:05:22.999544+00:00
2026-04,36000,徳島県,1494,1968,-474,2026-07-04T16:05:22.999544+00:00
2026-04,37000,香川県,2712,3187,-475,2026-07-04T16:05:22.999544+00:00
2026-04,38000,愛媛県,2931,3618,-687,2026-07-04T16:05:22.999544+00:00
2026-04,39000,高知県,1609,1983,-374,2026-07-04T16:05:22.999544+00:00
2026-04,40000,福岡県,17270,16342,928,2026-07-04T16:05:22.999544+00:00
2026-04,41000,佐賀県,2180,2763,-583,2026-07-04T16:05:22.999544+00:00
2026-04,42000,長崎県,3620,4671,-1051,2026-07-04T16:05:22.999544+00:00
2026-04,43000,熊本県,4588,5345,-757,2026-07-04T16:05:22.999544+00:00
2026-04,44000,大分県,2881,3519,-638,2026-07-04T16:05:22.999544+00:00
2026-04,45000,宮崎県,2820,3879,-1059,2026-07-04T16:05:22.999544+00:00
2026-04,46000,鹿児島県,4314,5780,-1466,2026-07-04T16:05:22.999544+00:00
2026-04,47000,沖縄県,5246,5495,-249,2026-07-04T16:05:22.999544+00:00
2026-05,01000,北海道,3823,3612,211,2026-07-04T16:05:22.999544+00:00
2026-05,02000,青森県,915,1101,-186,2026-07-04T16:05:22.999544+00:00
2026-05,03000,岩手県,1048,1164,-116,2026-07-04T16:05:22.999544+00:00
2026-05,04000,宮城県,2786,2793,-7,2026-07-04T16:05:22.999544+00:00
2026-05,05000,秋田県,644,770,-126,2026-07-04T16:05:22.999544+00:00
2026-05,06000,山形県,733,918,-185,2026-07-04T16:05:22.999544+00:00
2026-05,07000,福島県,1538,1814,-276,2026-07-04T16:05:22.999544+00:00
2026-05,08000,茨城県,3907,4459,-552,2026-07-04T16:05:22.999544+00:00
2026-05,09000,栃木県,2629,2567,62,2026-07-04T16:05:22.999544+00:00
2026-05,10000,群馬県,2673,2489,184,2026-07-04T16:05:22.999544+00:00
2026-05,11000,埼玉県,13613,11882,1731,2026-07-04T16:05:22.999544+00:00
2026-05,12000,千葉県,11903,11813,90,2026-07-04T16:05:22.999544+00:00
2026-05,13000,東京都,30529,27812,2717,2026-07-04T16:05:22.999544+00:00
2026-05,14000,神奈川県,16702,14958,1744,2026-07-04T16:05:22.999544+00:00
2026-05,15000,新潟県,1520,1781,-261,2026-07-04T16:05:22.999544+00:00
2026-05,16000,富山県,1011,1130,-119,2026-07-04T16:05:22.999544+00:00
2026-05,17000,石川県,1311,1301,10,2026-07-04T16:05:22.999544+00:00
2026-05,18000,福井県,649,876,-227,2026-07-04T16:05:22.999544+00:00
2026-05,19000,山梨県,995,987,8,2026-07-04T16:05:22.999544+00:00
2026-05,20000,長野県,2252,2222,30,2026-07-04T16:05:22.999544+00:00
2026-05,21000,岐阜県,2272,2429,-157,2026-07-04T16:05:22.999544+00:00
2026-05,22000,静岡県,3899,4070,-171,2026-07-04T16:05:22.999544+00:00
2026-05,23000,愛知県,8509,8961,-452,2026-07-04T16:05:22.999544+00:00
2026-05,24000,三重県,2230,2310,-80,2026-07-04T16:05:22.999544+00:00
2026-05,25000,滋賀県,2222,2114,108,2026-07-04T16:05:22.999544+00:00
2026-05,26000,京都府,3951,4201,-250,2026-07-04T16:05:22.999544+00:00
2026-05,27000,大阪府,13147,12196,951,2026-07-04T16:05:22.999544+00:00
2026-05,28000,兵庫県,6276,7292,-1016,2026-07-04T16:05:22.999544+00:00
2026-05,29000,奈良県,1592,1759,-167,2026-07-04T16:05:22.999544+00:00
2026-05,30000,和歌山県,742,937,-195,2026-07-04T16:05:22.999544+00:00
2026-05,31000,鳥取県,490,580,-90,2026-07-04T16:05:22.999544+00:00
2026-05,32000,島根県,674,763,-89,2026-07-04T16:05:22.999544+00:00
2026-05,33000,岡山県,1919,2144,-225,2026-07-04T16:05:22.999544+00:00
2026-05,34000,広島県,2982,3298,-316,2026-07-04T16:05:22.999544+00:00
2026-05,35000,山口県,1353,1552,-199,2026-07-04T16:05:22.999544+00:00
2026-05,36000,徳島県,524,745,-221,2026-07-04T16:05:22.999544+00:00
2026-05,37000,香川県,1040,1207,-167,2026-07-04T16:05:22.999544+00:00
2026-05,38000,愛媛県,1084,1342,-258,2026-07-04T16:05:22.999544+00:00
2026-05,39000,高知県,447,625,-178,2026-07-04T16:05:22.999544+00:00
2026-05,40000,福岡県,6817,6867,-50,2026-07-04T16:05:22.999544+00:00
2026-05,41000,佐賀県,1064,1170,-106,2026-07-04T16:05:22.999544+00:00
2026-05,42000,長崎県,1178,1706,-528,2026-07-04T16:05:22.999544+00:00
2026-05,43000,熊本県,1907,1936,-29,2026-07-04T16:05:22.999544+00:00
2026-05,44000,大分県,1257,1446,-189,2026-07-04T16:05:22.999544+00:00
2026-05,45000,宮崎県,970,1151,-181,2026-07-04T16:05:22.999544+00:00
2026-05,46000,鹿児島県,1420,1829,-409,2026-07-04T16:05:22.999544+00:00
2026-05,47000,沖縄県,1750,1818,-68,2026-07-04T16:05:22.999544+00:00
